solid OpenSCAD_Model
  facet normal -0.972094 0.234592 0
    outer loop
      vertex 13.5307 1.69845 0
      vertex 13.7 2.39999 4.08
      vertex 13.7 2.39999 0
    endloop
  endfacet
  facet normal -0.972094 0.234592 0
    outer loop
      vertex 13.7 2.39999 4.08
      vertex 13.5307 1.69845 0
      vertex 13.5307 1.69845 4.08
    endloop
  endfacet
  facet normal 0 -1 0
    outer loop
      vertex 12.0474 2.39999 0
      vertex 13.7 2.39999 4.08
      vertex 12.0474 2.39999 4.08
    endloop
  endfacet
  facet normal 0 -1 -0
    outer loop
      vertex 13.7 2.39999 4.08
      vertex 12.0474 2.39999 0
      vertex 13.7 2.39999 0
    endloop
  endfacet
  facet normal -0 0 -1
    outer loop
      vertex 13.7 2.39999 4.08
      vertex 13.5307 1.69845 4.08
      vertex 12.0474 2.39999 4.08
    endloop
  endfacet
  facet normal -0.972074 0.234676 0
    outer loop
      vertex 30.6573 0 1
      vertex 31.2367 2.39999 5.08
      vertex 31.2367 2.39999 1
    endloop
  endfacet
  facet normal -0.972074 0.234676 0
    outer loop
      vertex 31.2367 2.39999 5.08
      vertex 30.6573 0 1
      vertex 30.6573 0 5.08
    endloop
  endfacet
  facet normal 0 0 1
    outer loop
      vertex 31.2367 2.39999 1
      vertex 27.116 0 1
      vertex 30.6573 0 1
    endloop
  endfacet
  facet normal 0 -0 1
    outer loop
      vertex 27.116 0 1
      vertex 31.2367 2.39999 1
      vertex 26.5367 2.39999 1
    endloop
  endfacet
  facet normal 0 -1 0
    outer loop
      vertex 26.5367 2.39999 1
      vertex 31.2367 2.39999 5.08
      vertex 26.5367 2.39999 5.08
    endloop
  endfacet
  facet normal 0 -1 -0
    outer loop
      vertex 31.2367 2.39999 5.08
      vertex 26.5367 2.39999 1
      vertex 31.2367 2.39999 1
    endloop
  endfacet
  facet normal 0.972083 0.234637 0
    outer loop
      vertex 27.116 0 5.08
      vertex 26.5367 2.39999 1
      vertex 26.5367 2.39999 5.08
    endloop
  endfacet
  facet normal 0.972083 0.234637 0
    outer loop
      vertex 26.5367 2.39999 1
      vertex 27.116 0 5.08
      vertex 27.116 0 1
    endloop
  endfacet
  facet normal -0.972083 0.234637 0
    outer loop
      vertex 48.194 0 1
      vertex 48.7733 2.39999 5.08
      vertex 48.7733 2.39999 1
    endloop
  endfacet
  facet normal -0.972083 0.234637 0
    outer loop
      vertex 48.7733 2.39999 5.08
      vertex 48.194 0 1
      vertex 48.194 0 5.08
    endloop
  endfacet
  facet normal 0 0 1
    outer loop
      vertex 48.7733 2.39999 1
      vertex 44.6526 0 1
      vertex 48.194 0 1
    endloop
  endfacet
  facet normal 0 -0 1
    outer loop
      vertex 44.6526 0 1
      vertex 48.7733 2.39999 1
      vertex 44.0733 2.39999 1
    endloop
  endfacet
  facet normal 0.972083 0.234637 0
    outer loop
      vertex 44.6526 0 5.08
      vertex 44.0733 2.39999 1
      vertex 44.0733 2.39999 5.08
    endloop
  endfacet
  facet normal 0.972083 0.234637 0
    outer loop
      vertex 44.0733 2.39999 1
      vertex 44.6526 0 5.08
      vertex 44.6526 0 1
    endloop
  endfacet
  facet normal 0 -1 0
    outer loop
      vertex 44.0733 2.39999 1
      vertex 48.7733 2.39999 5.08
      vertex 44.0733 2.39999 5.08
    endloop
  endfacet
  facet normal 0 -1 -0
    outer loop
      vertex 48.7733 2.39999 5.08
      vertex 44.0733 2.39999 1
      vertex 48.7733 2.39999 1
    endloop
  endfacet
  facet normal -0.972083 0.234637 0
    outer loop
      vertex 65.7307 0 1
      vertex 66.31 2.39999 5.08
      vertex 66.31 2.39999 1
    endloop
  endfacet
  facet normal -0.972083 0.234637 0
    outer loop
      vertex 66.31 2.39999 5.08
      vertex 65.7307 0 1
      vertex 65.7307 0 5.08
    endloop
  endfacet
  facet normal 0 0 1
    outer loop
      vertex 66.31 2.39999 1
      vertex 62.1893 0 1
      vertex 65.7307 0 1
    endloop
  endfacet
  facet normal 0 -0 1
    outer loop
      vertex 62.1893 0 1
      vertex 66.31 2.39999 1
      vertex 61.61 2.39999 1
    endloop
  endfacet
  facet normal 0 -1 0
    outer loop
      vertex 61.61 2.39999 1
      vertex 66.31 2.39999 5.08
      vertex 61.61 2.39999 5.08
    endloop
  endfacet
  facet normal 0 -1 -0
    outer loop
      vertex 66.31 2.39999 5.08
      vertex 61.61 2.39999 1
      vertex 66.31 2.39999 1
    endloop
  endfacet
  facet normal 0.972083 0.234637 0
    outer loop
      vertex 62.1893 0 5.08
      vertex 61.61 2.39999 1
      vertex 61.61 2.39999 5.08
    endloop
  endfacet
  facet normal 0.972083 0.234637 0
    outer loop
      vertex 61.61 2.39999 1
      vertex 62.1893 0 5.08
      vertex 62.1893 0 1
    endloop
  endfacet
  facet normal -0.972074 0.234676 0
    outer loop
      vertex 83.2673 0 1
      vertex 83.8467 2.39999 5.08
      vertex 83.8467 2.39999 1
    endloop
  endfacet
  facet normal -0.972074 0.234676 0
    outer loop
      vertex 83.8467 2.39999 5.08
      vertex 83.2673 0 1
      vertex 83.2673 0 5.08
    endloop
  endfacet
  facet normal 0 0 1
    outer loop
      vertex 83.8467 2.39999 1
      vertex 79.726 0 1
      vertex 83.2673 0 1
    endloop
  endfacet
  facet normal 0 -0 1
    outer loop
      vertex 79.726 0 1
      vertex 83.8467 2.39999 1
      vertex 79.1467 2.39999 1
    endloop
  endfacet
  facet normal 0 -1 0
    outer loop
      vertex 79.1467 2.39999 1
      vertex 83.8467 2.39999 5.08
      vertex 79.1467 2.39999 5.08
    endloop
  endfacet
  facet normal 0 -1 -0
    outer loop
      vertex 83.8467 2.39999 5.08
      vertex 79.1467 2.39999 1
      vertex 83.8467 2.39999 1
    endloop
  endfacet
  facet normal 0.972083 0.234637 0
    outer loop
      vertex 79.726 0 5.08
      vertex 79.1467 2.39999 1
      vertex 79.1467 2.39999 5.08
    endloop
  endfacet
  facet normal 0.972083 0.234637 0
    outer loop
      vertex 79.1467 2.39999 1
      vertex 79.726 0 5.08
      vertex 79.726 0 1
    endloop
  endfacet
  facet normal -0.972111 0.234523 0
    outer loop
      vertex 100.804 0 1
      vertex 101.383 2.39999 5.08
      vertex 101.383 2.39999 1
    endloop
  endfacet
  facet normal -0.972111 0.234523 0
    outer loop
      vertex 101.383 2.39999 5.08
      vertex 100.804 0 1
      vertex 100.804 0 5.08
    endloop
  endfacet
  facet normal 0 0 1
    outer loop
      vertex 101.383 2.39999 1
      vertex 97.2626 0 1
      vertex 100.804 0 1
    endloop
  endfacet
  facet normal 0 -0 1
    outer loop
      vertex 97.2626 0 1
      vertex 101.383 2.39999 1
      vertex 96.6833 2.39999 1
    endloop
  endfacet
  facet normal 0 -1 0
    outer loop
      vertex 96.6833 2.39999 1
      vertex 101.383 2.39999 5.08
      vertex 96.6833 2.39999 5.08
    endloop
  endfacet
  facet normal 0 -1 -0
    outer loop
      vertex 101.383 2.39999 5.08
      vertex 96.6833 2.39999 1
      vertex 101.383 2.39999 1
    endloop
  endfacet
  facet normal 0.972083 0.234637 0
    outer loop
      vertex 97.2626 0 5.08
      vertex 96.6833 2.39999 1
      vertex 96.6833 2.39999 5.08
    endloop
  endfacet
  facet normal 0.972083 0.234637 0
    outer loop
      vertex 96.6833 2.39999 1
      vertex 97.2626 0 5.08
      vertex 97.2626 0 1
    endloop
  endfacet
  facet normal -0.972111 0.234523 0
    outer loop
      vertex 118.341 0 1
      vertex 118.92 2.39999 5.08
      vertex 118.92 2.39999 1
    endloop
  endfacet
  facet normal -0.972111 0.234523 0
    outer loop
      vertex 118.92 2.39999 5.08
      vertex 118.341 0 1
      vertex 118.341 0 5.08
    endloop
  endfacet
  facet normal 0 0 1
    outer loop
      vertex 118.92 2.39999 1
      vertex 114.799 0 1
      vertex 118.341 0 1
    endloop
  endfacet
  facet normal 0 -0 1
    outer loop
      vertex 114.799 0 1
      vertex 118.92 2.39999 1
      vertex 114.22 2.39999 1
    endloop
  endfacet
  facet normal 0 -1 0
    outer loop
      vertex 114.22 2.39999 1
      vertex 118.92 2.39999 5.08
      vertex 114.22 2.39999 5.08
    endloop
  endfacet
  facet normal 0 -1 -0
    outer loop
      vertex 118.92 2.39999 5.08
      vertex 114.22 2.39999 1
      vertex 118.92 2.39999 1
    endloop
  endfacet
  facet normal 0.972111 0.234523 0
    outer loop
      vertex 114.799 0 5.08
      vertex 114.22 2.39999 1
      vertex 114.22 2.39999 5.08
    endloop
  endfacet
  facet normal 0.972111 0.234523 0
    outer loop
      vertex 114.22 2.39999 1
      vertex 114.799 0 5.08
      vertex 114.799 0 1
    endloop
  endfacet
  facet normal -0.972018 0.234905 0
    outer loop
      vertex 135.877 0 1
      vertex 136.457 2.39999 5.08
      vertex 136.457 2.39999 1
    endloop
  endfacet
  facet normal -0.972018 0.234905 0
    outer loop
      vertex 136.457 2.39999 5.08
      vertex 135.877 0 1
      vertex 135.877 0 5.08
    endloop
  endfacet
  facet normal 0 0 1
    outer loop
      vertex 136.457 2.39999 1
      vertex 132.336 0 1
      vertex 135.877 0 1
    endloop
  endfacet
  facet normal 0 -0 1
    outer loop
      vertex 132.336 0 1
      vertex 136.457 2.39999 1
      vertex 131.757 2.39999 1
    endloop
  endfacet
  facet normal 0 -1 0
    outer loop
      vertex 131.757 2.39999 1
      vertex 136.457 2.39999 5.08
      vertex 131.757 2.39999 5.08
    endloop
  endfacet
  facet normal 0 -1 -0
    outer loop
      vertex 136.457 2.39999 5.08
      vertex 131.757 2.39999 1
      vertex 136.457 2.39999 1
    endloop
  endfacet
  facet normal 0.972111 0.234523 0
    outer loop
      vertex 132.336 0 5.08
      vertex 131.757 2.39999 1
      vertex 131.757 2.39999 5.08
    endloop
  endfacet
  facet normal 0.972111 0.234523 0
    outer loop
      vertex 131.757 2.39999 1
      vertex 132.336 0 5.08
      vertex 132.336 0 1
    endloop
  endfacet
  facet normal -0.972111 0.234523 0
    outer loop
      vertex 153.414 0 1
      vertex 153.993 2.39999 5.08
      vertex 153.993 2.39999 1
    endloop
  endfacet
  facet normal -0.972111 0.234523 0
    outer loop
      vertex 153.993 2.39999 5.08
      vertex 153.414 0 1
      vertex 153.414 0 5.08
    endloop
  endfacet
  facet normal 0 0 1
    outer loop
      vertex 153.993 2.39999 1
      vertex 149.873 0 1
      vertex 153.414 0 1
    endloop
  endfacet
  facet normal 0 -0 1
    outer loop
      vertex 149.873 0 1
      vertex 153.993 2.39999 1
      vertex 149.293 2.39999 1
    endloop
  endfacet
  facet normal 0 -1 0
    outer loop
      vertex 149.293 2.39999 1
      vertex 153.993 2.39999 5.08
      vertex 149.293 2.39999 5.08
    endloop
  endfacet
  facet normal 0 -1 -0
    outer loop
      vertex 153.993 2.39999 5.08
      vertex 149.293 2.39999 1
      vertex 153.993 2.39999 1
    endloop
  endfacet
  facet normal 0.972018 0.234905 0
    outer loop
      vertex 149.873 0 5.08
      vertex 149.293 2.39999 1
      vertex 149.293 2.39999 5.08
    endloop
  endfacet
  facet normal 0.972018 0.234905 0
    outer loop
      vertex 149.293 2.39999 1
      vertex 149.873 0 5.08
      vertex 149.873 0 1
    endloop
  endfacet
  facet normal -0.972111 0.234523 0
    outer loop
      vertex 170.951 0 1
      vertex 171.53 2.39999 5.08
      vertex 171.53 2.39999 1
    endloop
  endfacet
  facet normal -0.972111 0.234523 0
    outer loop
      vertex 171.53 2.39999 5.08
      vertex 170.951 0 1
      vertex 170.951 0 5.08
    endloop
  endfacet
  facet normal 0 0 1
    outer loop
      vertex 171.53 2.39999 1
      vertex 167.409 0 1
      vertex 170.951 0 1
    endloop
  endfacet
  facet normal 0 -0 1
    outer loop
      vertex 167.409 0 1
      vertex 171.53 2.39999 1
      vertex 166.83 2.39999 1
    endloop
  endfacet
  facet normal 0.972111 0.234523 0
    outer loop
      vertex 167.409 0 5.08
      vertex 166.83 2.39999 1
      vertex 166.83 2.39999 5.08
    endloop
  endfacet
  facet normal 0.972111 0.234523 0
    outer loop
      vertex 166.83 2.39999 1
      vertex 167.409 0 5.08
      vertex 167.409 0 1
    endloop
  endfacet
  facet normal 0 -1 0
    outer loop
      vertex 166.83 2.39999 1
      vertex 171.53 2.39999 5.08
      vertex 166.83 2.39999 5.08
    endloop
  endfacet
  facet normal 0 -1 -0
    outer loop
      vertex 171.53 2.39999 5.08
      vertex 166.83 2.39999 1
      vertex 171.53 2.39999 1
    endloop
  endfacet
  facet normal -0.972018 0.234905 0
    outer loop
      vertex 188.487 0 1
      vertex 189.067 2.39999 5.08
      vertex 189.067 2.39999 1
    endloop
  endfacet
  facet normal -0.972018 0.234905 0
    outer loop
      vertex 189.067 2.39999 5.08
      vertex 188.487 0 1
      vertex 188.487 0 5.08
    endloop
  endfacet
  facet normal 0 0 1
    outer loop
      vertex 189.067 2.39999 1
      vertex 184.946 0 1
      vertex 188.487 0 1
    endloop
  endfacet
  facet normal 0 -0 1
    outer loop
      vertex 184.946 0 1
      vertex 189.067 2.39999 1
      vertex 184.367 2.39999 1
    endloop
  endfacet
  facet normal 0 -1 0
    outer loop
      vertex 184.367 2.39999 1
      vertex 189.067 2.39999 5.08
      vertex 184.367 2.39999 5.08
    endloop
  endfacet
  facet normal 0 -1 -0
    outer loop
      vertex 189.067 2.39999 5.08
      vertex 184.367 2.39999 1
      vertex 189.067 2.39999 1
    endloop
  endfacet
  facet normal 0.972111 0.234523 0
    outer loop
      vertex 184.946 0 5.08
      vertex 184.367 2.39999 1
      vertex 184.367 2.39999 5.08
    endloop
  endfacet
  facet normal 0.972111 0.234523 0
    outer loop
      vertex 184.367 2.39999 1
      vertex 184.946 0 5.08
      vertex 184.946 0 1
    endloop
  endfacet
  facet normal -0.972111 0.234523 0
    outer loop
      vertex 206.024 0 1
      vertex 206.603 2.39999 5.08
      vertex 206.603 2.39999 1
    endloop
  endfacet
  facet normal -0.972111 0.234523 0
    outer loop
      vertex 206.603 2.39999 5.08
      vertex 206.024 0 1
      vertex 206.024 0 5.08
    endloop
  endfacet
  facet normal 0 0 1
    outer loop
      vertex 206.603 2.39999 1
      vertex 202.483 0 1
      vertex 206.024 0 1
    endloop
  endfacet
  facet normal 0 -0 1
    outer loop
      vertex 202.483 0 1
      vertex 206.603 2.39999 1
      vertex 201.903 2.39999 1
    endloop
  endfacet
  facet normal 0 -1 0
    outer loop
      vertex 201.903 2.39999 1
      vertex 206.603 2.39999 5.08
      vertex 201.903 2.39999 5.08
    endloop
  endfacet
  facet normal 0 -1 -0
    outer loop
      vertex 206.603 2.39999 5.08
      vertex 201.903 2.39999 1
      vertex 206.603 2.39999 1
    endloop
  endfacet
  facet normal 0.972018 0.234905 0
    outer loop
      vertex 202.483 0 5.08
      vertex 201.903 2.39999 1
      vertex 201.903 2.39999 5.08
    endloop
  endfacet
  facet normal 0.972018 0.234905 0
    outer loop
      vertex 201.903 2.39999 1
      vertex 202.483 0 5.08
      vertex 202.483 0 1
    endloop
  endfacet
  facet normal -0.972111 0.234523 0
    outer loop
      vertex 223.561 0 1
      vertex 224.14 2.39999 5.08
      vertex 224.14 2.39999 1
    endloop
  endfacet
  facet normal -0.972111 0.234523 0
    outer loop
      vertex 224.14 2.39999 5.08
      vertex 223.561 0 1
      vertex 223.561 0 5.08
    endloop
  endfacet
  facet normal 0 0 1
    outer loop
      vertex 224.14 2.39999 1
      vertex 220.019 0 1
      vertex 223.561 0 1
    endloop
  endfacet
  facet normal 0 -0 1
    outer loop
      vertex 220.019 0 1
      vertex 224.14 2.39999 1
      vertex 219.44 2.39999 1
    endloop
  endfacet
  facet normal 0 -1 0
    outer loop
      vertex 219.44 2.39999 1
      vertex 224.14 2.39999 5.08
      vertex 219.44 2.39999 5.08
    endloop
  endfacet
  facet normal 0 -1 -0
    outer loop
      vertex 224.14 2.39999 5.08
      vertex 219.44 2.39999 1
      vertex 224.14 2.39999 1
    endloop
  endfacet
  facet normal 0.972111 0.234523 0
    outer loop
      vertex 220.019 0 5.08
      vertex 219.44 2.39999 1
      vertex 219.44 2.39999 5.08
    endloop
  endfacet
  facet normal 0.972111 0.234523 0
    outer loop
      vertex 219.44 2.39999 1
      vertex 220.019 0 5.08
      vertex 220.019 0 1
    endloop
  endfacet
  facet normal -0.972018 0.234905 0
    outer loop
      vertex 241.097 0 1
      vertex 241.677 2.39999 5.08
      vertex 241.677 2.39999 1
    endloop
  endfacet
  facet normal -0.972018 0.234905 0
    outer loop
      vertex 241.677 2.39999 5.08
      vertex 241.097 0 1
      vertex 241.097 0 5.08
    endloop
  endfacet
  facet normal 0 0 1
    outer loop
      vertex 241.677 2.39999 1
      vertex 237.556 0 1
      vertex 241.097 0 1
    endloop
  endfacet
  facet normal 0 -0 1
    outer loop
      vertex 237.556 0 1
      vertex 241.677 2.39999 1
      vertex 236.977 2.39999 1
    endloop
  endfacet
  facet normal 0 -1 0
    outer loop
      vertex 236.977 2.39999 1
      vertex 241.677 2.39999 5.08
      vertex 236.977 2.39999 5.08
    endloop
  endfacet
  facet normal 0 -1 -0
    outer loop
      vertex 241.677 2.39999 5.08
      vertex 236.977 2.39999 1
      vertex 241.677 2.39999 1
    endloop
  endfacet
  facet normal 0.972111 0.234523 0
    outer loop
      vertex 237.556 0 5.08
      vertex 236.977 2.39999 1
      vertex 236.977 2.39999 5.08
    endloop
  endfacet
  facet normal 0.972111 0.234523 0
    outer loop
      vertex 236.977 2.39999 1
      vertex 237.556 0 5.08
      vertex 237.556 0 1
    endloop
  endfacet
  facet normal -0.972111 0.234523 0
    outer loop
      vertex 258.634 0 1
      vertex 259.213 2.39999 5.08
      vertex 259.213 2.39999 1
    endloop
  endfacet
  facet normal -0.972111 0.234523 0
    outer loop
      vertex 259.213 2.39999 5.08
      vertex 258.634 0 1
      vertex 258.634 0 5.08
    endloop
  endfacet
  facet normal 0 0 1
    outer loop
      vertex 259.213 2.39999 1
      vertex 255.093 0 1
      vertex 258.634 0 1
    endloop
  endfacet
  facet normal 0 -0 1
    outer loop
      vertex 255.093 0 1
      vertex 259.213 2.39999 1
      vertex 254.513 2.39999 1
    endloop
  endfacet
  facet normal 0 -1 0
    outer loop
      vertex 254.513 2.39999 1
      vertex 259.213 2.39999 5.08
      vertex 254.513 2.39999 5.08
    endloop
  endfacet
  facet normal 0 -1 -0
    outer loop
      vertex 259.213 2.39999 5.08
      vertex 254.513 2.39999 1
      vertex 259.213 2.39999 1
    endloop
  endfacet
  facet normal 0.972018 0.234905 0
    outer loop
      vertex 255.093 0 5.08
      vertex 254.513 2.39999 1
      vertex 254.513 2.39999 5.08
    endloop
  endfacet
  facet normal 0.972018 0.234905 0
    outer loop
      vertex 254.513 2.39999 1
      vertex 255.093 0 5.08
      vertex 255.093 0 1
    endloop
  endfacet
  facet normal 0 -1 0
    outer loop
      vertex 272.05 2.39999 0
      vertex 273.703 2.39999 4.08
      vertex 272.05 2.39999 4.08
    endloop
  endfacet
  facet normal 0 -1 -0
    outer loop
      vertex 273.703 2.39999 4.08
      vertex 272.05 2.39999 0
      vertex 273.703 2.39999 0
    endloop
  endfacet
  facet normal -0 0 -1
    outer loop
      vertex 273.703 2.39999 4.08
      vertex 272.219 1.69845 4.08
      vertex 272.05 2.39999 4.08
    endloop
  endfacet
  facet normal 0.972189 0.234199 0
    outer loop
      vertex 272.219 1.69845 4.08
      vertex 272.05 2.39999 0
      vertex 272.05 2.39999 4.08
    endloop
  endfacet
  facet normal 0.972189 0.234199 0
    outer loop
      vertex 272.05 2.39999 0
      vertex 272.219 1.69845 4.08
      vertex 272.219 1.69845 0
    endloop
  endfacet
  facet normal 0 0 1
    outer loop
      vertex 259.213 2.39999 5.08
      vertex 277.707 4.99377 5.08
      vertex 279.203 6.35 5.08
    endloop
  endfacet
  facet normal 0 0 1
    outer loop
      vertex 277.707 4.99377 5.08
      vertex 259.213 2.39999 5.08
      vertex 275.973 3.70767 5.08
    endloop
  endfacet
  facet normal 0 0 1
    outer loop
      vertex 275.973 3.70767 5.08
      vertex 259.213 2.39999 5.08
      vertex 274.121 2.59773 5.08
    endloop
  endfacet
  facet normal 0 0 1
    outer loop
      vertex 274.121 2.59773 5.08
      vertex 259.213 2.39999 5.08
      vertex 272.169 1.67465 5.08
    endloop
  endfacet
  facet normal 0 0 1
    outer loop
      vertex 272.169 1.67465 5.08
      vertex 259.213 2.39999 5.08
      vertex 270.136 0.947312 5.08
    endloop
  endfacet
  facet normal 0 0 1
    outer loop
      vertex 270.136 0.947312 5.08
      vertex 259.213 2.39999 5.08
      vertex 268.042 0.422724 5.08
    endloop
  endfacet
  facet normal 0 0 1
    outer loop
      vertex 268.042 0.422724 5.08
      vertex 259.213 2.39999 5.08
      vertex 265.906 0.105935 5.08
    endloop
  endfacet
  facet normal 0 0 1
    outer loop
      vertex 265.906 0.105935 5.08
      vertex 259.213 2.39999 5.08
      vertex 263.75 0 5.08
    endloop
  endfacet
  facet normal 0 0 1
    outer loop
      vertex 279.203 6.35 5.08
      vertex 254.513 2.39999 5.08
      vertex 259.213 2.39999 5.08
    endloop
  endfacet
  facet normal 0 0 1
    outer loop
      vertex 279.203 6.35 5.08
      vertex 241.677 2.39999 5.08
      vertex 254.513 2.39999 5.08
    endloop
  endfacet
  facet normal 0 0 1
    outer loop
      vertex 279.203 6.35 5.08
      vertex 236.977 2.39999 5.08
      vertex 241.677 2.39999 5.08
    endloop
  endfacet
  facet normal 0 0 1
    outer loop
      vertex 279.203 6.35 5.08
      vertex 224.14 2.39999 5.08
      vertex 236.977 2.39999 5.08
    endloop
  endfacet
  facet normal 0 0 1
    outer loop
      vertex 279.203 6.35 5.08
      vertex 219.44 2.39999 5.08
      vertex 224.14 2.39999 5.08
    endloop
  endfacet
  facet normal 0 0 1
    outer loop
      vertex 279.203 6.35 5.08
      vertex 206.603 2.39999 5.08
      vertex 219.44 2.39999 5.08
    endloop
  endfacet
  facet normal 0 0 1
    outer loop
      vertex 279.203 6.35 5.08
      vertex 201.903 2.39999 5.08
      vertex 206.603 2.39999 5.08
    endloop
  endfacet
  facet normal 0 0 1
    outer loop
      vertex 279.203 6.35 5.08
      vertex 189.067 2.39999 5.08
      vertex 201.903 2.39999 5.08
    endloop
  endfacet
  facet normal 0 0 1
    outer loop
      vertex 279.203 6.35 5.08
      vertex 184.367 2.39999 5.08
      vertex 189.067 2.39999 5.08
    endloop
  endfacet
  facet normal 0 0 1
    outer loop
      vertex 279.203 6.35 5.08
      vertex 171.53 2.39999 5.08
      vertex 184.367 2.39999 5.08
    endloop
  endfacet
  facet normal 0 0 1
    outer loop
      vertex 279.203 6.35 5.08
      vertex 166.83 2.39999 5.08
      vertex 171.53 2.39999 5.08
    endloop
  endfacet
  facet normal 0 0 1
    outer loop
      vertex 279.203 6.35 5.08
      vertex 153.993 2.39999 5.08
      vertex 166.83 2.39999 5.08
    endloop
  endfacet
  facet normal 0 0 1
    outer loop
      vertex 279.203 6.35 5.08
      vertex 149.293 2.39999 5.08
      vertex 153.993 2.39999 5.08
    endloop
  endfacet
  facet normal 0 0 1
    outer loop
      vertex 279.203 6.35 5.08
      vertex 136.457 2.39999 5.08
      vertex 149.293 2.39999 5.08
    endloop
  endfacet
  facet normal 0 0 1
    outer loop
      vertex 279.203 6.35 5.08
      vertex 131.757 2.39999 5.08
      vertex 136.457 2.39999 5.08
    endloop
  endfacet
  facet normal 0 0 1
    outer loop
      vertex 279.203 6.35 5.08
      vertex 118.92 2.39999 5.08
      vertex 131.757 2.39999 5.08
    endloop
  endfacet
  facet normal -0 0 1
    outer loop
      vertex 6.54698 6.35 5.08
      vertex 118.92 2.39999 5.08
      vertex 279.203 6.35 5.08
    endloop
  endfacet
  facet normal 0 0 1
    outer loop
      vertex 118.92 2.39999 5.08
      vertex 6.54698 6.35 5.08
      vertex 114.22 2.39999 5.08
    endloop
  endfacet
  facet normal 0 0 1
    outer loop
      vertex 114.22 2.39999 5.08
      vertex 6.54698 6.35 5.08
      vertex 101.383 2.39999 5.08
    endloop
  endfacet
  facet normal 0 0 1
    outer loop
      vertex 101.383 2.39999 5.08
      vertex 6.54698 6.35 5.08
      vertex 96.6833 2.39999 5.08
    endloop
  endfacet
  facet normal 0 0 1
    outer loop
      vertex 96.6833 2.39999 5.08
      vertex 6.54698 6.35 5.08
      vertex 83.8467 2.39999 5.08
    endloop
  endfacet
  facet normal 0 0 1
    outer loop
      vertex 83.8467 2.39999 5.08
      vertex 6.54698 6.35 5.08
      vertex 79.1467 2.39999 5.08
    endloop
  endfacet
  facet normal 0 0 1
    outer loop
      vertex 79.1467 2.39999 5.08
      vertex 6.54698 6.35 5.08
      vertex 66.31 2.39999 5.08
    endloop
  endfacet
  facet normal 0 0 1
    outer loop
      vertex 66.31 2.39999 5.08
      vertex 6.54698 6.35 5.08
      vertex 61.61 2.39999 5.08
    endloop
  endfacet
  facet normal 0 0 1
    outer loop
      vertex 61.61 2.39999 5.08
      vertex 6.54698 6.35 5.08
      vertex 48.7733 2.39999 5.08
    endloop
  endfacet
  facet normal 0 0 1
    outer loop
      vertex 48.7733 2.39999 5.08
      vertex 6.54698 6.35 5.08
      vertex 44.0733 2.39999 5.08
    endloop
  endfacet
  facet normal 0 0 1
    outer loop
      vertex 44.0733 2.39999 5.08
      vertex 6.54698 6.35 5.08
      vertex 31.2367 2.39999 5.08
    endloop
  endfacet
  facet normal 0 0 1
    outer loop
      vertex 26.5367 2.39999 5.08
      vertex 19.8436 0.105935 5.08
      vertex 22 0 5.08
    endloop
  endfacet
  facet normal 0 0 1
    outer loop
      vertex 26.5367 2.39999 5.08
      vertex 17.708 0.422724 5.08
      vertex 19.8436 0.105935 5.08
    endloop
  endfacet
  facet normal 0 0 1
    outer loop
      vertex 26.5367 2.39999 5.08
      vertex 15.6137 0.947312 5.08
      vertex 17.708 0.422724 5.08
    endloop
  endfacet
  facet normal 0 0 1
    outer loop
      vertex 26.5367 2.39999 5.08
      vertex 13.581 1.67465 5.08
      vertex 15.6137 0.947312 5.08
    endloop
  endfacet
  facet normal 0 0 1
    outer loop
      vertex 26.5367 2.39999 5.08
      vertex 11.6293 2.59773 5.08
      vertex 13.581 1.67465 5.08
    endloop
  endfacet
  facet normal 0 0 1
    outer loop
      vertex 31.2367 2.39999 5.08
      vertex 6.54698 6.35 5.08
      vertex 26.5367 2.39999 5.08
    endloop
  endfacet
  facet normal -0 -0 1
    outer loop
      vertex 8.04335 4.99377 5.08
      vertex 26.5367 2.39999 5.08
      vertex 6.54698 6.35 5.08
    endloop
  endfacet
  facet normal 0 0 1
    outer loop
      vertex 26.5367 2.39999 5.08
      vertex 9.77745 3.70767 5.08
      vertex 11.6293 2.59773 5.08
    endloop
  endfacet
  facet normal 0 0 1
    outer loop
      vertex 26.5367 2.39999 5.08
      vertex 8.04335 4.99377 5.08
      vertex 9.77745 3.70767 5.08
    endloop
  endfacet
  facet normal 0 0 1
    outer loop
      vertex 263.75 0 5.08
      vertex 259.213 2.39999 5.08
      vertex 258.634 0 5.08
    endloop
  endfacet
  facet normal -0 0 1
    outer loop
      vertex 241.677 2.39999 5.08
      vertex 255.093 0 5.08
      vertex 254.513 2.39999 5.08
    endloop
  endfacet
  facet normal 0 0 1
    outer loop
      vertex 255.093 0 5.08
      vertex 241.677 2.39999 5.08
      vertex 241.097 0 5.08
    endloop
  endfacet
  facet normal -0 0 1
    outer loop
      vertex 224.14 2.39999 5.08
      vertex 237.556 0 5.08
      vertex 236.977 2.39999 5.08
    endloop
  endfacet
  facet normal 0 0 1
    outer loop
      vertex 237.556 0 5.08
      vertex 224.14 2.39999 5.08
      vertex 223.561 0 5.08
    endloop
  endfacet
  facet normal -0 0 1
    outer loop
      vertex 206.603 2.39999 5.08
      vertex 220.019 0 5.08
      vertex 219.44 2.39999 5.08
    endloop
  endfacet
  facet normal 0 0 1
    outer loop
      vertex 220.019 0 5.08
      vertex 206.603 2.39999 5.08
      vertex 206.024 0 5.08
    endloop
  endfacet
  facet normal -0 0 1
    outer loop
      vertex 189.067 2.39999 5.08
      vertex 202.483 0 5.08
      vertex 201.903 2.39999 5.08
    endloop
  endfacet
  facet normal 0 0 1
    outer loop
      vertex 202.483 0 5.08
      vertex 189.067 2.39999 5.08
      vertex 188.487 0 5.08
    endloop
  endfacet
  facet normal -0 0 1
    outer loop
      vertex 171.53 2.39999 5.08
      vertex 184.946 0 5.08
      vertex 184.367 2.39999 5.08
    endloop
  endfacet
  facet normal 0 0 1
    outer loop
      vertex 184.946 0 5.08
      vertex 171.53 2.39999 5.08
      vertex 170.951 0 5.08
    endloop
  endfacet
  facet normal -0 0 1
    outer loop
      vertex 153.993 2.39999 5.08
      vertex 167.409 0 5.08
      vertex 166.83 2.39999 5.08
    endloop
  endfacet
  facet normal 0 0 1
    outer loop
      vertex 167.409 0 5.08
      vertex 153.993 2.39999 5.08
      vertex 153.414 0 5.08
    endloop
  endfacet
  facet normal -0 0 1
    outer loop
      vertex 136.457 2.39999 5.08
      vertex 149.873 0 5.08
      vertex 149.293 2.39999 5.08
    endloop
  endfacet
  facet normal 0 0 1
    outer loop
      vertex 149.873 0 5.08
      vertex 136.457 2.39999 5.08
      vertex 135.877 0 5.08
    endloop
  endfacet
  facet normal -0 0 1
    outer loop
      vertex 118.92 2.39999 5.08
      vertex 132.336 0 5.08
      vertex 131.757 2.39999 5.08
    endloop
  endfacet
  facet normal 0 0 1
    outer loop
      vertex 132.336 0 5.08
      vertex 118.92 2.39999 5.08
      vertex 118.341 0 5.08
    endloop
  endfacet
  facet normal -0 0 1
    outer loop
      vertex 101.383 2.39999 5.08
      vertex 114.799 0 5.08
      vertex 114.22 2.39999 5.08
    endloop
  endfacet
  facet normal 0 0 1
    outer loop
      vertex 114.799 0 5.08
      vertex 101.383 2.39999 5.08
      vertex 100.804 0 5.08
    endloop
  endfacet
  facet normal -0 0 1
    outer loop
      vertex 83.8467 2.39999 5.08
      vertex 97.2626 0 5.08
      vertex 96.6833 2.39999 5.08
    endloop
  endfacet
  facet normal 0 0 1
    outer loop
      vertex 97.2626 0 5.08
      vertex 83.8467 2.39999 5.08
      vertex 83.2673 0 5.08
    endloop
  endfacet
  facet normal -0 0 1
    outer loop
      vertex 66.31 2.39999 5.08
      vertex 79.726 0 5.08
      vertex 79.1467 2.39999 5.08
    endloop
  endfacet
  facet normal 0 0 1
    outer loop
      vertex 79.726 0 5.08
      vertex 66.31 2.39999 5.08
      vertex 65.7307 0 5.08
    endloop
  endfacet
  facet normal -0 0 1
    outer loop
      vertex 48.7733 2.39999 5.08
      vertex 62.1893 0 5.08
      vertex 61.61 2.39999 5.08
    endloop
  endfacet
  facet normal 0 0 1
    outer loop
      vertex 62.1893 0 5.08
      vertex 48.7733 2.39999 5.08
      vertex 48.194 0 5.08
    endloop
  endfacet
  facet normal -0 0 1
    outer loop
      vertex 31.2367 2.39999 5.08
      vertex 44.6526 0 5.08
      vertex 44.0733 2.39999 5.08
    endloop
  endfacet
  facet normal 0 0 1
    outer loop
      vertex 44.6526 0 5.08
      vertex 31.2367 2.39999 5.08
      vertex 30.6573 0 5.08
    endloop
  endfacet
  facet normal 0 0 1
    outer loop
      vertex 27.116 0 5.08
      vertex 26.5367 2.39999 5.08
      vertex 22 0 5.08
    endloop
  endfacet
  facet normal 0 0 -1
    outer loop
      vertex 272.169 1.67465 0
      vertex 272.05 2.39999 0
      vertex 272.219 1.69845 0
    endloop
  endfacet
  facet normal 0 -0 -1
    outer loop
      vertex 272.05 2.39999 0
      vertex 272.169 1.67465 0
      vertex 270.136 0.947312 0
    endloop
  endfacet
  facet normal 0 0 -1
    outer loop
      vertex 272.05 2.39999 0
      vertex 277.707 4.99377 0
      vertex 275.973 3.70767 0
    endloop
  endfacet
  facet normal 0 0 -1
    outer loop
      vertex 272.05 2.39999 0
      vertex 275.973 3.70767 0
      vertex 274.121 2.59773 0
    endloop
  endfacet
  facet normal 0 0 -1
    outer loop
      vertex 272.05 2.39999 0
      vertex 274.121 2.59773 0
      vertex 273.703 2.39999 0
    endloop
  endfacet
  facet normal -0 0 -1
    outer loop
      vertex 277.707 4.99377 0
      vertex 272.05 2.39999 0
      vertex 279.203 6.35 0
    endloop
  endfacet
  facet normal 0 0 -1
    outer loop
      vertex 268.042 0.422724 0
      vertex 272.05 2.39999 0
      vertex 270.136 0.947312 0
    endloop
  endfacet
  facet normal 0 0 -1
    outer loop
      vertex 265.906 0.105935 0
      vertex 272.05 2.39999 0
      vertex 268.042 0.422724 0
    endloop
  endfacet
  facet normal 0 0 -1
    outer loop
      vertex 263.75 0 0
      vertex 272.05 2.39999 0
      vertex 265.906 0.105935 0
    endloop
  endfacet
  facet normal -0 0 -1
    outer loop
      vertex 272.05 2.39999 0
      vertex 263.75 0 0
      vertex 279.203 6.35 0
    endloop
  endfacet
  facet normal 0 0 -1
    outer loop
      vertex 22 0 0
      vertex 279.203 6.35 0
      vertex 263.75 0 0
    endloop
  endfacet
  facet normal 0 0 -1
    outer loop
      vertex 13.7 2.39999 0
      vertex 22 0 0
      vertex 19.8436 0.105935 0
    endloop
  endfacet
  facet normal 0 0 -1
    outer loop
      vertex 13.7 2.39999 0
      vertex 19.8436 0.105935 0
      vertex 17.708 0.422724 0
    endloop
  endfacet
  facet normal 0 0 -1
    outer loop
      vertex 13.7 2.39999 0
      vertex 17.708 0.422724 0
      vertex 15.6137 0.947312 0
    endloop
  endfacet
  facet normal 0 0 -1
    outer loop
      vertex 22 0 0
      vertex 13.7 2.39999 0
      vertex 6.54698 6.35 0
    endloop
  endfacet
  facet normal 0 0 -1
    outer loop
      vertex 11.6293 2.59773 0
      vertex 13.7 2.39999 0
      vertex 12.0474 2.39999 0
    endloop
  endfacet
  facet normal 0 0 -1
    outer loop
      vertex 13.7 2.39999 0
      vertex 11.6293 2.59773 0
      vertex 9.77745 3.70767 0
    endloop
  endfacet
  facet normal 0 0 -1
    outer loop
      vertex 8.04335 4.99377 0
      vertex 13.7 2.39999 0
      vertex 9.77745 3.70767 0
    endloop
  endfacet
  facet normal 0 0 -1
    outer loop
      vertex 13.7 2.39999 0
      vertex 8.04335 4.99377 0
      vertex 6.54698 6.35 0
    endloop
  endfacet
  facet normal 0 0 -1
    outer loop
      vertex 22 0 0
      vertex 6.54698 6.35 0
      vertex 279.203 6.35 0
    endloop
  endfacet
  facet normal 0 0 -1
    outer loop
      vertex 13.581 1.67465 0
      vertex 13.7 2.39999 0
      vertex 15.6137 0.947312 0
    endloop
  endfacet
  facet normal 0 0 -1
    outer loop
      vertex 13.7 2.39999 0
      vertex 13.581 1.67465 0
      vertex 13.5307 1.69845 0
    endloop
  endfacet
  facet normal 0 1 -0
    outer loop
      vertex 279.203 6.35 0
      vertex 6.54698 6.35 5.08
      vertex 279.203 6.35 5.08
    endloop
  endfacet
  facet normal 0 1 0
    outer loop
      vertex 6.54698 6.35 5.08
      vertex 279.203 6.35 0
      vertex 6.54698 6.35 0
    endloop
  endfacet
  facet normal 0 -1 0
    outer loop
      vertex 22 0 5.08
      vertex 27.116 0 1
      vertex 27.116 0 5.08
    endloop
  endfacet
  facet normal 0 -1 0
    outer loop
      vertex 22 0 0
      vertex 30.6573 0 1
      vertex 27.116 0 1
    endloop
  endfacet
  facet normal 0 -1 -0
    outer loop
      vertex 30.6573 0 1
      vertex 22 0 0
      vertex 44.6526 0 1
    endloop
  endfacet
  facet normal 0 -1 -0
    outer loop
      vertex 44.6526 0 1
      vertex 22 0 0
      vertex 48.194 0 1
    endloop
  endfacet
  facet normal 0 -1 -0
    outer loop
      vertex 48.194 0 1
      vertex 22 0 0
      vertex 62.1893 0 1
    endloop
  endfacet
  facet normal 0 -1 -0
    outer loop
      vertex 62.1893 0 1
      vertex 22 0 0
      vertex 65.7307 0 1
    endloop
  endfacet
  facet normal 0 -1 -0
    outer loop
      vertex 65.7307 0 1
      vertex 22 0 0
      vertex 79.726 0 1
    endloop
  endfacet
  facet normal 0 -1 -0
    outer loop
      vertex 79.726 0 1
      vertex 22 0 0
      vertex 83.2673 0 1
    endloop
  endfacet
  facet normal 0 -1 -0
    outer loop
      vertex 83.2673 0 1
      vertex 22 0 0
      vertex 97.2626 0 1
    endloop
  endfacet
  facet normal 0 -1 -0
    outer loop
      vertex 97.2626 0 1
      vertex 22 0 0
      vertex 100.804 0 1
    endloop
  endfacet
  facet normal 0 -1 -0
    outer loop
      vertex 100.804 0 1
      vertex 22 0 0
      vertex 114.799 0 1
    endloop
  endfacet
  facet normal 0 -1 -0
    outer loop
      vertex 114.799 0 1
      vertex 22 0 0
      vertex 118.341 0 1
    endloop
  endfacet
  facet normal 0 -1 -0
    outer loop
      vertex 118.341 0 1
      vertex 22 0 0
      vertex 132.336 0 1
    endloop
  endfacet
  facet normal 0 -1 -0
    outer loop
      vertex 132.336 0 1
      vertex 22 0 0
      vertex 135.877 0 1
    endloop
  endfacet
  facet normal 0 -1 -0
    outer loop
      vertex 135.877 0 1
      vertex 22 0 0
      vertex 149.873 0 1
    endloop
  endfacet
  facet normal 0 -1 -0
    outer loop
      vertex 149.873 0 1
      vertex 22 0 0
      vertex 153.414 0 1
    endloop
  endfacet
  facet normal 0 -1 -0
    outer loop
      vertex 153.414 0 1
      vertex 22 0 0
      vertex 167.409 0 1
    endloop
  endfacet
  facet normal 0 -1 -0
    outer loop
      vertex 167.409 0 1
      vertex 22 0 0
      vertex 170.951 0 1
    endloop
  endfacet
  facet normal 0 -1 -0
    outer loop
      vertex 170.951 0 1
      vertex 22 0 0
      vertex 184.946 0 1
    endloop
  endfacet
  facet normal 0 -1 -0
    outer loop
      vertex 184.946 0 1
      vertex 22 0 0
      vertex 188.487 0 1
    endloop
  endfacet
  facet normal 0 -1 0
    outer loop
      vertex 263.75 0 0
      vertex 188.487 0 1
      vertex 22 0 0
    endloop
  endfacet
  facet normal 0 -1 0
    outer loop
      vertex 188.487 0 1
      vertex 263.75 0 0
      vertex 202.483 0 1
    endloop
  endfacet
  facet normal 0 -1 0
    outer loop
      vertex 202.483 0 1
      vertex 263.75 0 0
      vertex 206.024 0 1
    endloop
  endfacet
  facet normal 0 -1 0
    outer loop
      vertex 206.024 0 1
      vertex 263.75 0 0
      vertex 220.019 0 1
    endloop
  endfacet
  facet normal 0 -1 0
    outer loop
      vertex 220.019 0 1
      vertex 263.75 0 0
      vertex 223.561 0 1
    endloop
  endfacet
  facet normal 0 -1 0
    outer loop
      vertex 223.561 0 1
      vertex 263.75 0 0
      vertex 237.556 0 1
    endloop
  endfacet
  facet normal 0 -1 0
    outer loop
      vertex 237.556 0 1
      vertex 263.75 0 0
      vertex 241.097 0 1
    endloop
  endfacet
  facet normal 0 -1 0
    outer loop
      vertex 241.097 0 1
      vertex 263.75 0 0
      vertex 255.093 0 1
    endloop
  endfacet
  facet normal 0 -1 0
    outer loop
      vertex 22 0 0
      vertex 27.116 0 1
      vertex 22 0 5.08
    endloop
  endfacet
  facet normal 0 -1 0
    outer loop
      vertex 30.6573 0 1
      vertex 44.6526 0 5.08
      vertex 30.6573 0 5.08
    endloop
  endfacet
  facet normal 0 -1 -0
    outer loop
      vertex 44.6526 0 5.08
      vertex 30.6573 0 1
      vertex 44.6526 0 1
    endloop
  endfacet
  facet normal 0 -1 0
    outer loop
      vertex 48.194 0 1
      vertex 62.1893 0 5.08
      vertex 48.194 0 5.08
    endloop
  endfacet
  facet normal 0 -1 -0
    outer loop
      vertex 62.1893 0 5.08
      vertex 48.194 0 1
      vertex 62.1893 0 1
    endloop
  endfacet
  facet normal 0 -1 0
    outer loop
      vertex 65.7307 0 1
      vertex 79.726 0 5.08
      vertex 65.7307 0 5.08
    endloop
  endfacet
  facet normal 0 -1 -0
    outer loop
      vertex 79.726 0 5.08
      vertex 65.7307 0 1
      vertex 79.726 0 1
    endloop
  endfacet
  facet normal 0 -1 0
    outer loop
      vertex 83.2673 0 1
      vertex 97.2626 0 5.08
      vertex 83.2673 0 5.08
    endloop
  endfacet
  facet normal 0 -1 -0
    outer loop
      vertex 97.2626 0 5.08
      vertex 83.2673 0 1
      vertex 97.2626 0 1
    endloop
  endfacet
  facet normal 0 -1 0
    outer loop
      vertex 100.804 0 1
      vertex 114.799 0 5.08
      vertex 100.804 0 5.08
    endloop
  endfacet
  facet normal 0 -1 -0
    outer loop
      vertex 114.799 0 5.08
      vertex 100.804 0 1
      vertex 114.799 0 1
    endloop
  endfacet
  facet normal 0 -1 0
    outer loop
      vertex 118.341 0 1
      vertex 132.336 0 5.08
      vertex 118.341 0 5.08
    endloop
  endfacet
  facet normal 0 -1 -0
    outer loop
      vertex 132.336 0 5.08
      vertex 118.341 0 1
      vertex 132.336 0 1
    endloop
  endfacet
  facet normal 0 -1 0
    outer loop
      vertex 135.877 0 1
      vertex 149.873 0 5.08
      vertex 135.877 0 5.08
    endloop
  endfacet
  facet normal 0 -1 -0
    outer loop
      vertex 149.873 0 5.08
      vertex 135.877 0 1
      vertex 149.873 0 1
    endloop
  endfacet
  facet normal 0 -1 0
    outer loop
      vertex 153.414 0 1
      vertex 167.409 0 5.08
      vertex 153.414 0 5.08
    endloop
  endfacet
  facet normal 0 -1 -0
    outer loop
      vertex 167.409 0 5.08
      vertex 153.414 0 1
      vertex 167.409 0 1
    endloop
  endfacet
  facet normal 0 -1 0
    outer loop
      vertex 170.951 0 1
      vertex 184.946 0 5.08
      vertex 170.951 0 5.08
    endloop
  endfacet
  facet normal 0 -1 -0
    outer loop
      vertex 184.946 0 5.08
      vertex 170.951 0 1
      vertex 184.946 0 1
    endloop
  endfacet
  facet normal 0 -1 0
    outer loop
      vertex 188.487 0 1
      vertex 202.483 0 5.08
      vertex 188.487 0 5.08
    endloop
  endfacet
  facet normal 0 -1 -0
    outer loop
      vertex 202.483 0 5.08
      vertex 188.487 0 1
      vertex 202.483 0 1
    endloop
  endfacet
  facet normal 0 -1 0
    outer loop
      vertex 206.024 0 1
      vertex 220.019 0 5.08
      vertex 206.024 0 5.08
    endloop
  endfacet
  facet normal 0 -1 -0
    outer loop
      vertex 220.019 0 5.08
      vertex 206.024 0 1
      vertex 220.019 0 1
    endloop
  endfacet
  facet normal 0 -1 0
    outer loop
      vertex 223.561 0 1
      vertex 237.556 0 5.08
      vertex 223.561 0 5.08
    endloop
  endfacet
  facet normal 0 -1 -0
    outer loop
      vertex 237.556 0 5.08
      vertex 223.561 0 1
      vertex 237.556 0 1
    endloop
  endfacet
  facet normal 0 -1 0
    outer loop
      vertex 241.097 0 1
      vertex 255.093 0 5.08
      vertex 241.097 0 5.08
    endloop
  endfacet
  facet normal 0 -1 -0
    outer loop
      vertex 255.093 0 5.08
      vertex 241.097 0 1
      vertex 255.093 0 1
    endloop
  endfacet
  facet normal 0 -1 0
    outer loop
      vertex 258.634 0 1
      vertex 263.75 0 5.08
      vertex 258.634 0 5.08
    endloop
  endfacet
  facet normal 0 -1 0
    outer loop
      vertex 258.634 0 1
      vertex 263.75 0 0
      vertex 263.75 0 5.08
    endloop
  endfacet
  facet normal 0 -1 0
    outer loop
      vertex 255.093 0 1
      vertex 263.75 0 0
      vertex 258.634 0 1
    endloop
  endfacet
  facet normal 0.0490758 -0.998795 0
    outer loop
      vertex 263.75 0 0
      vertex 265.906 0.105935 5.08
      vertex 263.75 0 5.08
    endloop
  endfacet
  facet normal 0.0490758 -0.998795 0
    outer loop
      vertex 265.906 0.105935 5.08
      vertex 263.75 0 0
      vertex 265.906 0.105935 0
    endloop
  endfacet
  facet normal -0.0490667 -0.998796 0
    outer loop
      vertex 19.8436 0.105935 0
      vertex 22 0 5.08
      vertex 19.8436 0.105935 5.08
    endloop
  endfacet
  facet normal -0.0490667 -0.998796 -0
    outer loop
      vertex 22 0 5.08
      vertex 19.8436 0.105935 0
      vertex 22 0 0
    endloop
  endfacet
  facet normal 0.336857 -0.941556 0
    outer loop
      vertex 270.136 0.947312 0
      vertex 272.169 1.67465 5.08
      vertex 270.136 0.947312 5.08
    endloop
  endfacet
  facet normal 0.336857 -0.941556 0
    outer loop
      vertex 272.169 1.67465 5.08
      vertex 270.136 0.947312 0
      vertex 272.169 1.67465 0
    endloop
  endfacet
  facet normal -0.146732 -0.989176 0
    outer loop
      vertex 17.708 0.422724 0
      vertex 19.8436 0.105935 5.08
      vertex 17.708 0.422724 5.08
    endloop
  endfacet
  facet normal -0.146732 -0.989176 -0
    outer loop
      vertex 19.8436 0.105935 5.08
      vertex 17.708 0.422724 0
      vertex 19.8436 0.105935 0
    endloop
  endfacet
  facet normal 0.427386 -0.904069 -0.000147551
    outer loop
      vertex 273.703 2.39999 4.08
      vertex 272.169 1.67465 5.08
      vertex 272.219 1.69845 4.08
    endloop
  endfacet
  facet normal 0.429793 -0.902927 0
    outer loop
      vertex 272.169 1.67465 0
      vertex 272.219 1.69845 4.08
      vertex 272.169 1.67465 5.08
    endloop
  endfacet
  facet normal 0.429793 -0.902927 0
    outer loop
      vertex 272.219 1.69845 4.08
      vertex 272.169 1.67465 0
      vertex 272.219 1.69845 0
    endloop
  endfacet
  facet normal 0.427499 -0.904016 6.53188e-05
    outer loop
      vertex 272.169 1.67465 5.08
      vertex 273.703 2.39999 4.08
      vertex 274.121 2.59773 5.08
    endloop
  endfacet
  facet normal 0.427627 -0.903955 0
    outer loop
      vertex 274.121 2.59773 0
      vertex 273.703 2.39999 4.08
      vertex 273.703 2.39999 0
    endloop
  endfacet
  facet normal 0.427627 -0.903955 0
    outer loop
      vertex 273.703 2.39999 4.08
      vertex 274.121 2.59773 0
      vertex 274.121 2.59773 5.08
    endloop
  endfacet
  facet normal -0.336901 -0.94154 0
    outer loop
      vertex 13.581 1.67465 0
      vertex 15.6137 0.947312 5.08
      vertex 13.581 1.67465 5.08
    endloop
  endfacet
  facet normal -0.336901 -0.94154 -0
    outer loop
      vertex 15.6137 0.947312 5.08
      vertex 13.581 1.67465 0
      vertex 15.6137 0.947312 0
    endloop
  endfacet
  facet normal 0.67165 -0.740869 0
    outer loop
      vertex 277.707 4.99377 0
      vertex 279.203 6.35 5.08
      vertex 277.707 4.99377 5.08
    endloop
  endfacet
  facet normal 0.67165 -0.740869 0
    outer loop
      vertex 279.203 6.35 5.08
      vertex 277.707 4.99377 0
      vertex 279.203 6.35 0
    endloop
  endfacet
  facet normal 0.595723 -0.80319 0
    outer loop
      vertex 275.973 3.70767 0
      vertex 277.707 4.99377 5.08
      vertex 275.973 3.70767 5.08
    endloop
  endfacet
  facet normal 0.595723 -0.80319 0
    outer loop
      vertex 277.707 4.99377 5.08
      vertex 275.973 3.70767 0
      vertex 277.707 4.99377 0
    endloop
  endfacet
  facet normal 0.514067 -0.85775 0
    outer loop
      vertex 274.121 2.59773 0
      vertex 275.973 3.70767 5.08
      vertex 274.121 2.59773 5.08
    endloop
  endfacet
  facet normal 0.514067 -0.85775 0
    outer loop
      vertex 275.973 3.70767 5.08
      vertex 274.121 2.59773 0
      vertex 275.973 3.70767 0
    endloop
  endfacet
  facet normal -0.242977 -0.970032 0
    outer loop
      vertex 15.6137 0.947312 0
      vertex 17.708 0.422724 5.08
      vertex 15.6137 0.947312 5.08
    endloop
  endfacet
  facet normal -0.242977 -0.970032 -0
    outer loop
      vertex 17.708 0.422724 5.08
      vertex 15.6137 0.947312 0
      vertex 17.708 0.422724 0
    endloop
  endfacet
  facet normal -0.5957 -0.803207 0
    outer loop
      vertex 8.04335 4.99377 0
      vertex 9.77745 3.70767 5.08
      vertex 8.04335 4.99377 5.08
    endloop
  endfacet
  facet normal -0.5957 -0.803207 -0
    outer loop
      vertex 9.77745 3.70767 5.08
      vertex 8.04335 4.99377 0
      vertex 9.77745 3.70767 0
    endloop
  endfacet
  facet normal 0.146705 -0.98918 0
    outer loop
      vertex 265.906 0.105935 0
      vertex 268.042 0.422724 5.08
      vertex 265.906 0.105935 5.08
    endloop
  endfacet
  facet normal 0.146705 -0.98918 0
    outer loop
      vertex 268.042 0.422724 5.08
      vertex 265.906 0.105935 0
      vertex 268.042 0.422724 0
    endloop
  endfacet
  facet normal -0.671559 -0.740951 0
    outer loop
      vertex 6.54698 6.35 0
      vertex 8.04335 4.99377 5.08
      vertex 6.54698 6.35 5.08
    endloop
  endfacet
  facet normal -0.671559 -0.740951 -0
    outer loop
      vertex 8.04335 4.99377 5.08
      vertex 6.54698 6.35 0
      vertex 8.04335 4.99377 0
    endloop
  endfacet
  facet normal -0.427553 -0.90399 -4.90509e-06
    outer loop
      vertex 11.6293 2.59773 5.08
      vertex 12.0474 2.39999 4.08
      vertex 13.581 1.67465 5.08
    endloop
  endfacet
  facet normal -0.427543 -0.903995 0
    outer loop
      vertex 11.6293 2.59773 0
      vertex 12.0474 2.39999 4.08
      vertex 11.6293 2.59773 5.08
    endloop
  endfacet
  facet normal -0.427543 -0.903995 -0
    outer loop
      vertex 12.0474 2.39999 4.08
      vertex 11.6293 2.59773 0
      vertex 12.0474 2.39999 0
    endloop
  endfacet
  facet normal -0.427551 -0.903991 -9.18923e-06
    outer loop
      vertex 13.5307 1.69845 4.08
      vertex 13.581 1.67465 5.08
      vertex 12.0474 2.39999 4.08
    endloop
  endfacet
  facet normal -0.4277 -0.903921 0
    outer loop
      vertex 13.581 1.67465 0
      vertex 13.5307 1.69845 4.08
      vertex 13.5307 1.69845 0
    endloop
  endfacet
  facet normal -0.4277 -0.903921 0
    outer loop
      vertex 13.5307 1.69845 4.08
      vertex 13.581 1.67465 0
      vertex 13.581 1.67465 5.08
    endloop
  endfacet
  facet normal -0.514097 -0.857732 0
    outer loop
      vertex 9.77745 3.70767 0
      vertex 11.6293 2.59773 5.08
      vertex 9.77745 3.70767 5.08
    endloop
  endfacet
  facet normal -0.514097 -0.857732 -0
    outer loop
      vertex 11.6293 2.59773 5.08
      vertex 9.77745 3.70767 0
      vertex 11.6293 2.59773 0
    endloop
  endfacet
  facet normal 0.24301 -0.970024 0
    outer loop
      vertex 268.042 0.422724 0
      vertex 270.136 0.947312 5.08
      vertex 268.042 0.422724 5.08
    endloop
  endfacet
  facet normal 0.24301 -0.970024 0
    outer loop
      vertex 270.136 0.947312 5.08
      vertex 268.042 0.422724 0
      vertex 270.136 0.947312 0
    endloop
  endfacet
  facet normal 1 -0 0
    outer loop
      vertex 10 26.05 5.08
      vertex 10 242.55 0
      vertex 10 242.55 5.08
    endloop
  endfacet
  facet normal 1 0 0
    outer loop
      vertex 10 242.55 0
      vertex 10 26.05 5.08
      vertex 10 26.05 0
    endloop
  endfacet
  facet normal 0 0 1
    outer loop
      vertex 6.96333 242.55 5.08
      vertex 3.03667 26.05 5.08
      vertex 6.96333 26.05 5.08
    endloop
  endfacet
  facet normal 0 0 1
    outer loop
      vertex 6.96333 242.55 5.08
      vertex 3.03667 242.55 5.08
      vertex 3.03667 26.05 5.08
    endloop
  endfacet
  facet normal 0 0 1
    outer loop
      vertex 7.54999 244.75 5.08
      vertex 3.03667 242.55 5.08
      vertex 6.96333 242.55 5.08
    endloop
  endfacet
  facet normal 0 -0 1
    outer loop
      vertex 3.03667 242.55 5.08
      vertex 7.54999 244.75 5.08
      vertex 2.45001 244.75 5.08
    endloop
  endfacet
  facet normal -0 0 1
    outer loop
      vertex 6.96333 242.55 5.08
      vertex 10 26.05 5.08
      vertex 10 242.55 5.08
    endloop
  endfacet
  facet normal 0 0 1
    outer loop
      vertex 10 26.05 5.08
      vertex 6.96333 242.55 5.08
      vertex 6.96333 26.05 5.08
    endloop
  endfacet
  facet normal -0 0 1
    outer loop
      vertex 3.03667 26.05 5.08
      vertex 7.54999 23.85 5.08
      vertex 6.96333 26.05 5.08
    endloop
  endfacet
  facet normal 0 0 1
    outer loop
      vertex 7.54999 23.85 5.08
      vertex 3.03667 26.05 5.08
      vertex 2.45001 23.85 5.08
    endloop
  endfacet
  facet normal -0 0 1
    outer loop
      vertex 0 242.55 5.08
      vertex 3.03667 26.05 5.08
      vertex 3.03667 242.55 5.08
    endloop
  endfacet
  facet normal 0 0 1
    outer loop
      vertex 3.03667 26.05 5.08
      vertex 0 242.55 5.08
      vertex 0 26.05 5.08
    endloop
  endfacet
  facet normal 0 0 -1
    outer loop
      vertex 0 26.05 0
      vertex 10 242.55 0
      vertex 10 26.05 0
    endloop
  endfacet
  facet normal -0 0 -1
    outer loop
      vertex 10 242.55 0
      vertex 0 26.05 0
      vertex 0 242.55 0
    endloop
  endfacet
  facet normal -1 0 0
    outer loop
      vertex 0 26.05 0
      vertex 0 242.55 5.08
      vertex 0 242.55 0
    endloop
  endfacet
  facet normal -1 -0 0
    outer loop
      vertex 0 242.55 5.08
      vertex 0 26.05 0
      vertex 0 26.05 5.08
    endloop
  endfacet
  facet normal 0 1 0
    outer loop
      vertex 10 242.55 5.08
      vertex 6.96333 242.55 1
      vertex 6.96333 242.55 5.08
    endloop
  endfacet
  facet normal 0 1 0
    outer loop
      vertex 6.96333 242.55 1
      vertex 10 242.55 0
      vertex 3.03667 242.55 1
    endloop
  endfacet
  facet normal 0 1 -0
    outer loop
      vertex 10 242.55 0
      vertex 6.96333 242.55 1
      vertex 10 242.55 5.08
    endloop
  endfacet
  facet normal 0 1 -0
    outer loop
      vertex 3.03667 242.55 1
      vertex 0 242.55 5.08
      vertex 3.03667 242.55 5.08
    endloop
  endfacet
  facet normal 0 1 0
    outer loop
      vertex 3.03667 242.55 1
      vertex 0 242.55 0
      vertex 0 242.55 5.08
    endloop
  endfacet
  facet normal 0 1 0
    outer loop
      vertex 0 242.55 0
      vertex 3.03667 242.55 1
      vertex 10 242.55 0
    endloop
  endfacet
  facet normal 0 -1 0
    outer loop
      vertex 0 26.05 5.08
      vertex 3.03667 26.05 1
      vertex 3.03667 26.05 5.08
    endloop
  endfacet
  facet normal 0 -1 -0
    outer loop
      vertex 3.03667 26.05 1
      vertex 0 26.05 0
      vertex 6.96333 26.05 1
    endloop
  endfacet
  facet normal 0 -1 0
    outer loop
      vertex 0 26.05 0
      vertex 3.03667 26.05 1
      vertex 0 26.05 5.08
    endloop
  endfacet
  facet normal 0 -1 0
    outer loop
      vertex 6.96333 26.05 1
      vertex 10 26.05 5.08
      vertex 6.96333 26.05 5.08
    endloop
  endfacet
  facet normal 0 -1 0
    outer loop
      vertex 6.96333 26.05 1
      vertex 10 26.05 0
      vertex 10 26.05 5.08
    endloop
  endfacet
  facet normal 0 -1 0
    outer loop
      vertex 10 26.05 0
      vertex 6.96333 26.05 1
      vertex 0 26.05 0
    endloop
  endfacet
  facet normal 0 0 -1
    outer loop
      vertex 7.54999 23.85 1
      vertex 3.03667 26.05 1
      vertex 6.96333 26.05 1
    endloop
  endfacet
  facet normal 0 -0 -1
    outer loop
      vertex 3.03667 26.05 1
      vertex 7.54999 23.85 1
      vertex 2.45001 23.85 1
    endloop
  endfacet
  facet normal -0.966236 0.25766 0
    outer loop
      vertex 2.45001 23.85 1
      vertex 3.03667 26.05 5.08
      vertex 3.03667 26.05 1
    endloop
  endfacet
  facet normal -0.966236 0.25766 0
    outer loop
      vertex 3.03667 26.05 5.08
      vertex 2.45001 23.85 1
      vertex 2.45001 23.85 5.08
    endloop
  endfacet
  facet normal 0.966236 0.25766 0
    outer loop
      vertex 7.54999 23.85 5.08
      vertex 6.96333 26.05 1
      vertex 6.96333 26.05 5.08
    endloop
  endfacet
  facet normal 0.966236 0.25766 0
    outer loop
      vertex 6.96333 26.05 1
      vertex 7.54999 23.85 5.08
      vertex 7.54999 23.85 1
    endloop
  endfacet
  facet normal 0 -1 0
    outer loop
      vertex 2.45001 23.85 1
      vertex 7.54999 23.85 5.08
      vertex 2.45001 23.85 5.08
    endloop
  endfacet
  facet normal 0 -1 -0
    outer loop
      vertex 7.54999 23.85 5.08
      vertex 2.45001 23.85 1
      vertex 7.54999 23.85 1
    endloop
  endfacet
  facet normal 0.966236 -0.25766 0
    outer loop
      vertex 6.96333 242.55 5.08
      vertex 7.54999 244.75 1
      vertex 7.54999 244.75 5.08
    endloop
  endfacet
  facet normal 0.966236 -0.25766 0
    outer loop
      vertex 7.54999 244.75 1
      vertex 6.96333 242.55 5.08
      vertex 6.96333 242.55 1
    endloop
  endfacet
  facet normal 0 0 -1
    outer loop
      vertex 3.03667 242.55 1
      vertex 7.54999 244.75 1
      vertex 6.96333 242.55 1
    endloop
  endfacet
  facet normal -0 0 -1
    outer loop
      vertex 7.54999 244.75 1
      vertex 3.03667 242.55 1
      vertex 2.45001 244.75 1
    endloop
  endfacet
  facet normal 0 1 -0
    outer loop
      vertex 7.54999 244.75 1
      vertex 2.45001 244.75 5.08
      vertex 7.54999 244.75 5.08
    endloop
  endfacet
  facet normal 0 1 0
    outer loop
      vertex 2.45001 244.75 5.08
      vertex 7.54999 244.75 1
      vertex 2.45001 244.75 1
    endloop
  endfacet
  facet normal -0.966236 -0.25766 0
    outer loop
      vertex 3.03667 242.55 1
      vertex 2.45001 244.75 5.08
      vertex 2.45001 244.75 1
    endloop
  endfacet
  facet normal -0.966236 -0.25766 0
    outer loop
      vertex 2.45001 244.75 5.08
      vertex 3.03667 242.55 1
      vertex 3.03667 242.55 5.08
    endloop
  endfacet
  facet normal 1 -0 0
    outer loop
      vertex 23 26.05 5.08
      vertex 23 242.55 0
      vertex 23 242.55 5.08
    endloop
  endfacet
  facet normal 1 0 0
    outer loop
      vertex 23 242.55 0
      vertex 23 26.05 5.08
      vertex 23 26.05 0
    endloop
  endfacet
  facet normal -0 0 1
    outer loop
      vertex 13 242.55 5.08
      vertex 16.0367 26.05 5.08
      vertex 16.0367 242.55 5.08
    endloop
  endfacet
  facet normal 0 0 1
    outer loop
      vertex 16.0367 26.05 5.08
      vertex 13 242.55 5.08
      vertex 13 26.05 5.08
    endloop
  endfacet
  facet normal 0 0 1
    outer loop
      vertex 19.9633 242.55 5.08
      vertex 16.0367 242.55 5.08
      vertex 19.9633 26.05 5.08
    endloop
  endfacet
  facet normal 0 0 1
    outer loop
      vertex 20.55 244.75 5.08
      vertex 16.0367 242.55 5.08
      vertex 19.9633 242.55 5.08
    endloop
  endfacet
  facet normal 0 -0 1
    outer loop
      vertex 16.0367 242.55 5.08
      vertex 20.55 244.75 5.08
      vertex 15.45 244.75 5.08
    endloop
  endfacet
  facet normal -0 0 1
    outer loop
      vertex 19.9633 242.55 5.08
      vertex 23 26.05 5.08
      vertex 23 242.55 5.08
    endloop
  endfacet
  facet normal 0 0 1
    outer loop
      vertex 23 26.05 5.08
      vertex 19.9633 242.55 5.08
      vertex 19.9633 26.05 5.08
    endloop
  endfacet
  facet normal 0 0 1
    outer loop
      vertex 16.0367 26.05 5.08
      vertex 19.9633 26.05 5.08
      vertex 16.0367 242.55 5.08
    endloop
  endfacet
  facet normal -0 0 1
    outer loop
      vertex 16.0367 26.05 5.08
      vertex 20.55 23.85 5.08
      vertex 19.9633 26.05 5.08
    endloop
  endfacet
  facet normal 0 0 1
    outer loop
      vertex 20.55 23.85 5.08
      vertex 16.0367 26.05 5.08
      vertex 15.45 23.85 5.08
    endloop
  endfacet
  facet normal 0 0 -1
    outer loop
      vertex 13 26.05 0
      vertex 23 242.55 0
      vertex 23 26.05 0
    endloop
  endfacet
  facet normal -0 0 -1
    outer loop
      vertex 23 242.55 0
      vertex 13 26.05 0
      vertex 13 242.55 0
    endloop
  endfacet
  facet normal -1 0 0
    outer loop
      vertex 13 26.05 0
      vertex 13 242.55 5.08
      vertex 13 242.55 0
    endloop
  endfacet
  facet normal -1 -0 0
    outer loop
      vertex 13 242.55 5.08
      vertex 13 26.05 0
      vertex 13 26.05 5.08
    endloop
  endfacet
  facet normal 0 1 0
    outer loop
      vertex 23 242.55 5.08
      vertex 19.9633 242.55 1
      vertex 19.9633 242.55 5.08
    endloop
  endfacet
  facet normal 0 1 0
    outer loop
      vertex 19.9633 242.55 1
      vertex 23 242.55 0
      vertex 16.0367 242.55 1
    endloop
  endfacet
  facet normal 0 1 -0
    outer loop
      vertex 23 242.55 0
      vertex 19.9633 242.55 1
      vertex 23 242.55 5.08
    endloop
  endfacet
  facet normal 0 1 -0
    outer loop
      vertex 16.0367 242.55 1
      vertex 13 242.55 5.08
      vertex 16.0367 242.55 5.08
    endloop
  endfacet
  facet normal 0 1 0
    outer loop
      vertex 16.0367 242.55 1
      vertex 13 242.55 0
      vertex 13 242.55 5.08
    endloop
  endfacet
  facet normal 0 1 0
    outer loop
      vertex 13 242.55 0
      vertex 16.0367 242.55 1
      vertex 23 242.55 0
    endloop
  endfacet
  facet normal 0 -1 0
    outer loop
      vertex 13 26.05 5.08
      vertex 16.0367 26.05 1
      vertex 16.0367 26.05 5.08
    endloop
  endfacet
  facet normal 0 -1 -0
    outer loop
      vertex 16.0367 26.05 1
      vertex 13 26.05 0
      vertex 19.9633 26.05 1
    endloop
  endfacet
  facet normal 0 -1 0
    outer loop
      vertex 13 26.05 0
      vertex 16.0367 26.05 1
      vertex 13 26.05 5.08
    endloop
  endfacet
  facet normal 0 -1 0
    outer loop
      vertex 19.9633 26.05 1
      vertex 23 26.05 5.08
      vertex 19.9633 26.05 5.08
    endloop
  endfacet
  facet normal 0 -1 0
    outer loop
      vertex 19.9633 26.05 1
      vertex 23 26.05 0
      vertex 23 26.05 5.08
    endloop
  endfacet
  facet normal 0 -1 0
    outer loop
      vertex 23 26.05 0
      vertex 19.9633 26.05 1
      vertex 13 26.05 0
    endloop
  endfacet
  facet normal 0 0 -1
    outer loop
      vertex 20.55 23.85 1
      vertex 16.0367 26.05 1
      vertex 19.9633 26.05 1
    endloop
  endfacet
  facet normal 0 -0 -1
    outer loop
      vertex 16.0367 26.05 1
      vertex 20.55 23.85 1
      vertex 15.45 23.85 1
    endloop
  endfacet
  facet normal -0.966231 0.257676 0
    outer loop
      vertex 15.45 23.85 1
      vertex 16.0367 26.05 5.08
      vertex 16.0367 26.05 1
    endloop
  endfacet
  facet normal -0.966231 0.257676 0
    outer loop
      vertex 16.0367 26.05 5.08
      vertex 15.45 23.85 1
      vertex 15.45 23.85 5.08
    endloop
  endfacet
  facet normal 0.966231 0.257676 0
    outer loop
      vertex 20.55 23.85 5.08
      vertex 19.9633 26.05 1
      vertex 19.9633 26.05 5.08
    endloop
  endfacet
  facet normal 0.966231 0.257676 0
    outer loop
      vertex 19.9633 26.05 1
      vertex 20.55 23.85 5.08
      vertex 20.55 23.85 1
    endloop
  endfacet
  facet normal 0 -1 0
    outer loop
      vertex 15.45 23.85 1
      vertex 20.55 23.85 5.08
      vertex 15.45 23.85 5.08
    endloop
  endfacet
  facet normal 0 -1 -0
    outer loop
      vertex 20.55 23.85 5.08
      vertex 15.45 23.85 1
      vertex 20.55 23.85 1
    endloop
  endfacet
  facet normal 0.966231 -0.257676 0
    outer loop
      vertex 19.9633 242.55 5.08
      vertex 20.55 244.75 1
      vertex 20.55 244.75 5.08
    endloop
  endfacet
  facet normal 0.966231 -0.257676 0
    outer loop
      vertex 20.55 244.75 1
      vertex 19.9633 242.55 5.08
      vertex 19.9633 242.55 1
    endloop
  endfacet
  facet normal 0 0 -1
    outer loop
      vertex 16.0367 242.55 1
      vertex 20.55 244.75 1
      vertex 19.9633 242.55 1
    endloop
  endfacet
  facet normal -0 0 -1
    outer loop
      vertex 20.55 244.75 1
      vertex 16.0367 242.55 1
      vertex 15.45 244.75 1
    endloop
  endfacet
  facet normal 0 1 -0
    outer loop
      vertex 20.55 244.75 1
      vertex 15.45 244.75 5.08
      vertex 20.55 244.75 5.08
    endloop
  endfacet
  facet normal 0 1 0
    outer loop
      vertex 15.45 244.75 5.08
      vertex 20.55 244.75 1
      vertex 15.45 244.75 1
    endloop
  endfacet
  facet normal -0.966231 -0.257676 0
    outer loop
      vertex 16.0367 242.55 1
      vertex 15.45 244.75 5.08
      vertex 15.45 244.75 1
    endloop
  endfacet
  facet normal -0.966231 -0.257676 0
    outer loop
      vertex 15.45 244.75 5.08
      vertex 16.0367 242.55 1
      vertex 16.0367 242.55 5.08
    endloop
  endfacet
  facet normal 1 -0 0
    outer loop
      vertex 36 26.05 5.08
      vertex 36 242.55 0
      vertex 36 242.55 5.08
    endloop
  endfacet
  facet normal 1 0 0
    outer loop
      vertex 36 242.55 0
      vertex 36 26.05 5.08
      vertex 36 26.05 0
    endloop
  endfacet
  facet normal -0 0 1
    outer loop
      vertex 26 242.55 5.08
      vertex 29.0367 26.05 5.08
      vertex 29.0367 242.55 5.08
    endloop
  endfacet
  facet normal 0 0 1
    outer loop
      vertex 29.0367 26.05 5.08
      vertex 26 242.55 5.08
      vertex 26 26.05 5.08
    endloop
  endfacet
  facet normal 0 0 1
    outer loop
      vertex 32.9633 242.55 5.08
      vertex 29.0367 242.55 5.08
      vertex 32.9633 26.05 5.08
    endloop
  endfacet
  facet normal 0 0 1
    outer loop
      vertex 33.55 244.75 5.08
      vertex 29.0367 242.55 5.08
      vertex 32.9633 242.55 5.08
    endloop
  endfacet
  facet normal 0 -0 1
    outer loop
      vertex 29.0367 242.55 5.08
      vertex 33.55 244.75 5.08
      vertex 28.45 244.75 5.08
    endloop
  endfacet
  facet normal -0 0 1
    outer loop
      vertex 32.9633 242.55 5.08
      vertex 36 26.05 5.08
      vertex 36 242.55 5.08
    endloop
  endfacet
  facet normal 0 0 1
    outer loop
      vertex 36 26.05 5.08
      vertex 32.9633 242.55 5.08
      vertex 32.9633 26.05 5.08
    endloop
  endfacet
  facet normal 0 0 1
    outer loop
      vertex 29.0367 26.05 5.08
      vertex 32.9633 26.05 5.08
      vertex 29.0367 242.55 5.08
    endloop
  endfacet
  facet normal -0 0 1
    outer loop
      vertex 29.0367 26.05 5.08
      vertex 33.55 23.85 5.08
      vertex 32.9633 26.05 5.08
    endloop
  endfacet
  facet normal 0 0 1
    outer loop
      vertex 33.55 23.85 5.08
      vertex 29.0367 26.05 5.08
      vertex 28.45 23.85 5.08
    endloop
  endfacet
  facet normal 0 0 -1
    outer loop
      vertex 26 26.05 0
      vertex 36 242.55 0
      vertex 36 26.05 0
    endloop
  endfacet
  facet normal -0 0 -1
    outer loop
      vertex 36 242.55 0
      vertex 26 26.05 0
      vertex 26 242.55 0
    endloop
  endfacet
  facet normal -1 0 0
    outer loop
      vertex 26 26.05 0
      vertex 26 242.55 5.08
      vertex 26 242.55 0
    endloop
  endfacet
  facet normal -1 -0 0
    outer loop
      vertex 26 242.55 5.08
      vertex 26 26.05 0
      vertex 26 26.05 5.08
    endloop
  endfacet
  facet normal 0 1 0
    outer loop
      vertex 36 242.55 5.08
      vertex 32.9633 242.55 1
      vertex 32.9633 242.55 5.08
    endloop
  endfacet
  facet normal 0 1 0
    outer loop
      vertex 32.9633 242.55 1
      vertex 36 242.55 0
      vertex 29.0367 242.55 1
    endloop
  endfacet
  facet normal 0 1 -0
    outer loop
      vertex 36 242.55 0
      vertex 32.9633 242.55 1
      vertex 36 242.55 5.08
    endloop
  endfacet
  facet normal 0 1 -0
    outer loop
      vertex 29.0367 242.55 1
      vertex 26 242.55 5.08
      vertex 29.0367 242.55 5.08
    endloop
  endfacet
  facet normal 0 1 0
    outer loop
      vertex 29.0367 242.55 1
      vertex 26 242.55 0
      vertex 26 242.55 5.08
    endloop
  endfacet
  facet normal 0 1 0
    outer loop
      vertex 26 242.55 0
      vertex 29.0367 242.55 1
      vertex 36 242.55 0
    endloop
  endfacet
  facet normal 0 -1 0
    outer loop
      vertex 26 26.05 5.08
      vertex 29.0367 26.05 1
      vertex 29.0367 26.05 5.08
    endloop
  endfacet
  facet normal 0 -1 -0
    outer loop
      vertex 29.0367 26.05 1
      vertex 26 26.05 0
      vertex 32.9633 26.05 1
    endloop
  endfacet
  facet normal 0 -1 0
    outer loop
      vertex 26 26.05 0
      vertex 29.0367 26.05 1
      vertex 26 26.05 5.08
    endloop
  endfacet
  facet normal 0 -1 0
    outer loop
      vertex 32.9633 26.05 1
      vertex 36 26.05 5.08
      vertex 32.9633 26.05 5.08
    endloop
  endfacet
  facet normal 0 -1 0
    outer loop
      vertex 32.9633 26.05 1
      vertex 36 26.05 0
      vertex 36 26.05 5.08
    endloop
  endfacet
  facet normal 0 -1 0
    outer loop
      vertex 36 26.05 0
      vertex 32.9633 26.05 1
      vertex 26 26.05 0
    endloop
  endfacet
  facet normal 0 0 -1
    outer loop
      vertex 33.55 23.85 1
      vertex 29.0367 26.05 1
      vertex 32.9633 26.05 1
    endloop
  endfacet
  facet normal 0 -0 -1
    outer loop
      vertex 29.0367 26.05 1
      vertex 33.55 23.85 1
      vertex 28.45 23.85 1
    endloop
  endfacet
  facet normal -0.966231 0.257676 0
    outer loop
      vertex 28.45 23.85 1
      vertex 29.0367 26.05 5.08
      vertex 29.0367 26.05 1
    endloop
  endfacet
  facet normal -0.966231 0.257676 0
    outer loop
      vertex 29.0367 26.05 5.08
      vertex 28.45 23.85 1
      vertex 28.45 23.85 5.08
    endloop
  endfacet
  facet normal 0.966231 0.257676 0
    outer loop
      vertex 33.55 23.85 5.08
      vertex 32.9633 26.05 1
      vertex 32.9633 26.05 5.08
    endloop
  endfacet
  facet normal 0.966231 0.257676 0
    outer loop
      vertex 32.9633 26.05 1
      vertex 33.55 23.85 5.08
      vertex 33.55 23.85 1
    endloop
  endfacet
  facet normal 0 -1 0
    outer loop
      vertex 28.45 23.85 1
      vertex 33.55 23.85 5.08
      vertex 28.45 23.85 5.08
    endloop
  endfacet
  facet normal 0 -1 -0
    outer loop
      vertex 33.55 23.85 5.08
      vertex 28.45 23.85 1
      vertex 33.55 23.85 1
    endloop
  endfacet
  facet normal 0.966231 -0.257676 0
    outer loop
      vertex 32.9633 242.55 5.08
      vertex 33.55 244.75 1
      vertex 33.55 244.75 5.08
    endloop
  endfacet
  facet normal 0.966231 -0.257676 0
    outer loop
      vertex 33.55 244.75 1
      vertex 32.9633 242.55 5.08
      vertex 32.9633 242.55 1
    endloop
  endfacet
  facet normal 0 0 -1
    outer loop
      vertex 29.0367 242.55 1
      vertex 33.55 244.75 1
      vertex 32.9633 242.55 1
    endloop
  endfacet
  facet normal -0 0 -1
    outer loop
      vertex 33.55 244.75 1
      vertex 29.0367 242.55 1
      vertex 28.45 244.75 1
    endloop
  endfacet
  facet normal 0 1 -0
    outer loop
      vertex 33.55 244.75 1
      vertex 28.45 244.75 5.08
      vertex 33.55 244.75 5.08
    endloop
  endfacet
  facet normal 0 1 0
    outer loop
      vertex 28.45 244.75 5.08
      vertex 33.55 244.75 1
      vertex 28.45 244.75 1
    endloop
  endfacet
  facet normal -0.966231 -0.257676 0
    outer loop
      vertex 29.0367 242.55 1
      vertex 28.45 244.75 5.08
      vertex 28.45 244.75 1
    endloop
  endfacet
  facet normal -0.966231 -0.257676 0
    outer loop
      vertex 28.45 244.75 5.08
      vertex 29.0367 242.55 1
      vertex 29.0367 242.55 5.08
    endloop
  endfacet
  facet normal 1 -0 0
    outer loop
      vertex 49 26.05 5.08
      vertex 49 242.55 0
      vertex 49 242.55 5.08
    endloop
  endfacet
  facet normal 1 0 0
    outer loop
      vertex 49 242.55 0
      vertex 49 26.05 5.08
      vertex 49 26.05 0
    endloop
  endfacet
  facet normal -0 0 1
    outer loop
      vertex 39 242.55 5.08
      vertex 42.0367 26.05 5.08
      vertex 42.0367 242.55 5.08
    endloop
  endfacet
  facet normal 0 0 1
    outer loop
      vertex 42.0367 26.05 5.08
      vertex 39 242.55 5.08
      vertex 39 26.05 5.08
    endloop
  endfacet
  facet normal 0 0 1
    outer loop
      vertex 45.9633 242.55 5.08
      vertex 42.0367 242.55 5.08
      vertex 45.9633 26.05 5.08
    endloop
  endfacet
  facet normal 0 0 1
    outer loop
      vertex 46.55 244.75 5.08
      vertex 42.0367 242.55 5.08
      vertex 45.9633 242.55 5.08
    endloop
  endfacet
  facet normal 0 -0 1
    outer loop
      vertex 42.0367 242.55 5.08
      vertex 46.55 244.75 5.08
      vertex 41.45 244.75 5.08
    endloop
  endfacet
  facet normal -0 0 1
    outer loop
      vertex 45.9633 242.55 5.08
      vertex 49 26.05 5.08
      vertex 49 242.55 5.08
    endloop
  endfacet
  facet normal 0 0 1
    outer loop
      vertex 49 26.05 5.08
      vertex 45.9633 242.55 5.08
      vertex 45.9633 26.05 5.08
    endloop
  endfacet
  facet normal 0 0 1
    outer loop
      vertex 42.0367 26.05 5.08
      vertex 45.9633 26.05 5.08
      vertex 42.0367 242.55 5.08
    endloop
  endfacet
  facet normal -0 0 1
    outer loop
      vertex 42.0367 26.05 5.08
      vertex 46.55 23.85 5.08
      vertex 45.9633 26.05 5.08
    endloop
  endfacet
  facet normal 0 0 1
    outer loop
      vertex 46.55 23.85 5.08
      vertex 42.0367 26.05 5.08
      vertex 41.45 23.85 5.08
    endloop
  endfacet
  facet normal 0 0 -1
    outer loop
      vertex 39 26.05 0
      vertex 49 242.55 0
      vertex 49 26.05 0
    endloop
  endfacet
  facet normal -0 0 -1
    outer loop
      vertex 49 242.55 0
      vertex 39 26.05 0
      vertex 39 242.55 0
    endloop
  endfacet
  facet normal -1 0 0
    outer loop
      vertex 39 26.05 0
      vertex 39 242.55 5.08
      vertex 39 242.55 0
    endloop
  endfacet
  facet normal -1 -0 0
    outer loop
      vertex 39 242.55 5.08
      vertex 39 26.05 0
      vertex 39 26.05 5.08
    endloop
  endfacet
  facet normal 0 1 0
    outer loop
      vertex 49 242.55 5.08
      vertex 45.9633 242.55 1
      vertex 45.9633 242.55 5.08
    endloop
  endfacet
  facet normal 0 1 0
    outer loop
      vertex 45.9633 242.55 1
      vertex 49 242.55 0
      vertex 42.0367 242.55 1
    endloop
  endfacet
  facet normal 0 1 -0
    outer loop
      vertex 49 242.55 0
      vertex 45.9633 242.55 1
      vertex 49 242.55 5.08
    endloop
  endfacet
  facet normal 0 1 -0
    outer loop
      vertex 42.0367 242.55 1
      vertex 39 242.55 5.08
      vertex 42.0367 242.55 5.08
    endloop
  endfacet
  facet normal 0 1 0
    outer loop
      vertex 42.0367 242.55 1
      vertex 39 242.55 0
      vertex 39 242.55 5.08
    endloop
  endfacet
  facet normal 0 1 0
    outer loop
      vertex 39 242.55 0
      vertex 42.0367 242.55 1
      vertex 49 242.55 0
    endloop
  endfacet
  facet normal 0 -1 0
    outer loop
      vertex 39 26.05 5.08
      vertex 42.0367 26.05 1
      vertex 42.0367 26.05 5.08
    endloop
  endfacet
  facet normal 0 -1 -0
    outer loop
      vertex 42.0367 26.05 1
      vertex 39 26.05 0
      vertex 45.9633 26.05 1
    endloop
  endfacet
  facet normal 0 -1 0
    outer loop
      vertex 39 26.05 0
      vertex 42.0367 26.05 1
      vertex 39 26.05 5.08
    endloop
  endfacet
  facet normal 0 -1 0
    outer loop
      vertex 45.9633 26.05 1
      vertex 49 26.05 5.08
      vertex 45.9633 26.05 5.08
    endloop
  endfacet
  facet normal 0 -1 0
    outer loop
      vertex 45.9633 26.05 1
      vertex 49 26.05 0
      vertex 49 26.05 5.08
    endloop
  endfacet
  facet normal 0 -1 0
    outer loop
      vertex 49 26.05 0
      vertex 45.9633 26.05 1
      vertex 39 26.05 0
    endloop
  endfacet
  facet normal 0 0 -1
    outer loop
      vertex 46.55 23.85 1
      vertex 42.0367 26.05 1
      vertex 45.9633 26.05 1
    endloop
  endfacet
  facet normal 0 -0 -1
    outer loop
      vertex 42.0367 26.05 1
      vertex 46.55 23.85 1
      vertex 41.45 23.85 1
    endloop
  endfacet
  facet normal -0.966231 0.257676 0
    outer loop
      vertex 41.45 23.85 1
      vertex 42.0367 26.05 5.08
      vertex 42.0367 26.05 1
    endloop
  endfacet
  facet normal -0.966231 0.257676 0
    outer loop
      vertex 42.0367 26.05 5.08
      vertex 41.45 23.85 1
      vertex 41.45 23.85 5.08
    endloop
  endfacet
  facet normal 0.966231 0.257676 0
    outer loop
      vertex 46.55 23.85 5.08
      vertex 45.9633 26.05 1
      vertex 45.9633 26.05 5.08
    endloop
  endfacet
  facet normal 0.966231 0.257676 0
    outer loop
      vertex 45.9633 26.05 1
      vertex 46.55 23.85 5.08
      vertex 46.55 23.85 1
    endloop
  endfacet
  facet normal 0 -1 0
    outer loop
      vertex 41.45 23.85 1
      vertex 46.55 23.85 5.08
      vertex 41.45 23.85 5.08
    endloop
  endfacet
  facet normal 0 -1 -0
    outer loop
      vertex 46.55 23.85 5.08
      vertex 41.45 23.85 1
      vertex 46.55 23.85 1
    endloop
  endfacet
  facet normal 0.966231 -0.257676 0
    outer loop
      vertex 45.9633 242.55 5.08
      vertex 46.55 244.75 1
      vertex 46.55 244.75 5.08
    endloop
  endfacet
  facet normal 0.966231 -0.257676 0
    outer loop
      vertex 46.55 244.75 1
      vertex 45.9633 242.55 5.08
      vertex 45.9633 242.55 1
    endloop
  endfacet
  facet normal 0 0 -1
    outer loop
      vertex 42.0367 242.55 1
      vertex 46.55 244.75 1
      vertex 45.9633 242.55 1
    endloop
  endfacet
  facet normal -0 0 -1
    outer loop
      vertex 46.55 244.75 1
      vertex 42.0367 242.55 1
      vertex 41.45 244.75 1
    endloop
  endfacet
  facet normal 0 1 -0
    outer loop
      vertex 46.55 244.75 1
      vertex 41.45 244.75 5.08
      vertex 46.55 244.75 5.08
    endloop
  endfacet
  facet normal 0 1 0
    outer loop
      vertex 41.45 244.75 5.08
      vertex 46.55 244.75 1
      vertex 41.45 244.75 1
    endloop
  endfacet
  facet normal -0.966231 -0.257676 0
    outer loop
      vertex 42.0367 242.55 1
      vertex 41.45 244.75 5.08
      vertex 41.45 244.75 1
    endloop
  endfacet
  facet normal -0.966231 -0.257676 0
    outer loop
      vertex 41.45 244.75 5.08
      vertex 42.0367 242.55 1
      vertex 42.0367 242.55 5.08
    endloop
  endfacet
  facet normal 1 -0 0
    outer loop
      vertex 62 26.05 5.08
      vertex 62 242.55 0
      vertex 62 242.55 5.08
    endloop
  endfacet
  facet normal 1 0 0
    outer loop
      vertex 62 242.55 0
      vertex 62 26.05 5.08
      vertex 62 26.05 0
    endloop
  endfacet
  facet normal -0 0 1
    outer loop
      vertex 52 242.55 5.08
      vertex 55.0367 26.05 5.08
      vertex 55.0367 242.55 5.08
    endloop
  endfacet
  facet normal 0 0 1
    outer loop
      vertex 55.0367 26.05 5.08
      vertex 52 242.55 5.08
      vertex 52 26.05 5.08
    endloop
  endfacet
  facet normal 0 0 1
    outer loop
      vertex 58.9633 242.55 5.08
      vertex 55.0367 242.55 5.08
      vertex 58.9633 26.05 5.08
    endloop
  endfacet
  facet normal 0 0 1
    outer loop
      vertex 59.55 244.75 5.08
      vertex 55.0367 242.55 5.08
      vertex 58.9633 242.55 5.08
    endloop
  endfacet
  facet normal 0 -0 1
    outer loop
      vertex 55.0367 242.55 5.08
      vertex 59.55 244.75 5.08
      vertex 54.45 244.75 5.08
    endloop
  endfacet
  facet normal -0 0 1
    outer loop
      vertex 58.9633 242.55 5.08
      vertex 62 26.05 5.08
      vertex 62 242.55 5.08
    endloop
  endfacet
  facet normal 0 0 1
    outer loop
      vertex 62 26.05 5.08
      vertex 58.9633 242.55 5.08
      vertex 58.9633 26.05 5.08
    endloop
  endfacet
  facet normal 0 0 1
    outer loop
      vertex 55.0367 26.05 5.08
      vertex 58.9633 26.05 5.08
      vertex 55.0367 242.55 5.08
    endloop
  endfacet
  facet normal -0 0 1
    outer loop
      vertex 55.0367 26.05 5.08
      vertex 59.55 23.85 5.08
      vertex 58.9633 26.05 5.08
    endloop
  endfacet
  facet normal 0 0 1
    outer loop
      vertex 59.55 23.85 5.08
      vertex 55.0367 26.05 5.08
      vertex 54.45 23.85 5.08
    endloop
  endfacet
  facet normal 0 0 -1
    outer loop
      vertex 52 26.05 0
      vertex 62 242.55 0
      vertex 62 26.05 0
    endloop
  endfacet
  facet normal -0 0 -1
    outer loop
      vertex 62 242.55 0
      vertex 52 26.05 0
      vertex 52 242.55 0
    endloop
  endfacet
  facet normal -1 0 0
    outer loop
      vertex 52 26.05 0
      vertex 52 242.55 5.08
      vertex 52 242.55 0
    endloop
  endfacet
  facet normal -1 -0 0
    outer loop
      vertex 52 242.55 5.08
      vertex 52 26.05 0
      vertex 52 26.05 5.08
    endloop
  endfacet
  facet normal 0 1 0
    outer loop
      vertex 62 242.55 5.08
      vertex 58.9633 242.55 1
      vertex 58.9633 242.55 5.08
    endloop
  endfacet
  facet normal 0 1 0
    outer loop
      vertex 58.9633 242.55 1
      vertex 62 242.55 0
      vertex 55.0367 242.55 1
    endloop
  endfacet
  facet normal 0 1 -0
    outer loop
      vertex 62 242.55 0
      vertex 58.9633 242.55 1
      vertex 62 242.55 5.08
    endloop
  endfacet
  facet normal 0 1 -0
    outer loop
      vertex 55.0367 242.55 1
      vertex 52 242.55 5.08
      vertex 55.0367 242.55 5.08
    endloop
  endfacet
  facet normal 0 1 0
    outer loop
      vertex 55.0367 242.55 1
      vertex 52 242.55 0
      vertex 52 242.55 5.08
    endloop
  endfacet
  facet normal 0 1 0
    outer loop
      vertex 52 242.55 0
      vertex 55.0367 242.55 1
      vertex 62 242.55 0
    endloop
  endfacet
  facet normal 0 -1 0
    outer loop
      vertex 52 26.05 5.08
      vertex 55.0367 26.05 1
      vertex 55.0367 26.05 5.08
    endloop
  endfacet
  facet normal 0 -1 -0
    outer loop
      vertex 55.0367 26.05 1
      vertex 52 26.05 0
      vertex 58.9633 26.05 1
    endloop
  endfacet
  facet normal 0 -1 0
    outer loop
      vertex 52 26.05 0
      vertex 55.0367 26.05 1
      vertex 52 26.05 5.08
    endloop
  endfacet
  facet normal 0 -1 0
    outer loop
      vertex 58.9633 26.05 1
      vertex 62 26.05 5.08
      vertex 58.9633 26.05 5.08
    endloop
  endfacet
  facet normal 0 -1 0
    outer loop
      vertex 58.9633 26.05 1
      vertex 62 26.05 0
      vertex 62 26.05 5.08
    endloop
  endfacet
  facet normal 0 -1 0
    outer loop
      vertex 62 26.05 0
      vertex 58.9633 26.05 1
      vertex 52 26.05 0
    endloop
  endfacet
  facet normal 0 0 -1
    outer loop
      vertex 59.55 23.85 1
      vertex 55.0367 26.05 1
      vertex 58.9633 26.05 1
    endloop
  endfacet
  facet normal 0 -0 -1
    outer loop
      vertex 55.0367 26.05 1
      vertex 59.55 23.85 1
      vertex 54.45 23.85 1
    endloop
  endfacet
  facet normal -0.966231 0.257676 0
    outer loop
      vertex 54.45 23.85 1
      vertex 55.0367 26.05 5.08
      vertex 55.0367 26.05 1
    endloop
  endfacet
  facet normal -0.966231 0.257676 0
    outer loop
      vertex 55.0367 26.05 5.08
      vertex 54.45 23.85 1
      vertex 54.45 23.85 5.08
    endloop
  endfacet
  facet normal 0.966231 0.257676 0
    outer loop
      vertex 59.55 23.85 5.08
      vertex 58.9633 26.05 1
      vertex 58.9633 26.05 5.08
    endloop
  endfacet
  facet normal 0.966231 0.257676 0
    outer loop
      vertex 58.9633 26.05 1
      vertex 59.55 23.85 5.08
      vertex 59.55 23.85 1
    endloop
  endfacet
  facet normal 0 -1 0
    outer loop
      vertex 54.45 23.85 1
      vertex 59.55 23.85 5.08
      vertex 54.45 23.85 5.08
    endloop
  endfacet
  facet normal 0 -1 -0
    outer loop
      vertex 59.55 23.85 5.08
      vertex 54.45 23.85 1
      vertex 59.55 23.85 1
    endloop
  endfacet
  facet normal 0.966231 -0.257676 0
    outer loop
      vertex 58.9633 242.55 5.08
      vertex 59.55 244.75 1
      vertex 59.55 244.75 5.08
    endloop
  endfacet
  facet normal 0.966231 -0.257676 0
    outer loop
      vertex 59.55 244.75 1
      vertex 58.9633 242.55 5.08
      vertex 58.9633 242.55 1
    endloop
  endfacet
  facet normal 0 0 -1
    outer loop
      vertex 55.0367 242.55 1
      vertex 59.55 244.75 1
      vertex 58.9633 242.55 1
    endloop
  endfacet
  facet normal -0 0 -1
    outer loop
      vertex 59.55 244.75 1
      vertex 55.0367 242.55 1
      vertex 54.45 244.75 1
    endloop
  endfacet
  facet normal 0 1 -0
    outer loop
      vertex 59.55 244.75 1
      vertex 54.45 244.75 5.08
      vertex 59.55 244.75 5.08
    endloop
  endfacet
  facet normal 0 1 0
    outer loop
      vertex 54.45 244.75 5.08
      vertex 59.55 244.75 1
      vertex 54.45 244.75 1
    endloop
  endfacet
  facet normal -0.966231 -0.257676 0
    outer loop
      vertex 55.0367 242.55 1
      vertex 54.45 244.75 5.08
      vertex 54.45 244.75 1
    endloop
  endfacet
  facet normal -0.966231 -0.257676 0
    outer loop
      vertex 54.45 244.75 5.08
      vertex 55.0367 242.55 1
      vertex 55.0367 242.55 5.08
    endloop
  endfacet
  facet normal 1 -0 0
    outer loop
      vertex 75 26.05 5.08
      vertex 75 242.55 0
      vertex 75 242.55 5.08
    endloop
  endfacet
  facet normal 1 0 0
    outer loop
      vertex 75 242.55 0
      vertex 75 26.05 5.08
      vertex 75 26.05 0
    endloop
  endfacet
  facet normal -0 0 1
    outer loop
      vertex 65 242.55 5.08
      vertex 68.0367 26.05 5.08
      vertex 68.0367 242.55 5.08
    endloop
  endfacet
  facet normal 0 0 1
    outer loop
      vertex 68.0367 26.05 5.08
      vertex 65 242.55 5.08
      vertex 65 26.05 5.08
    endloop
  endfacet
  facet normal 0 0 1
    outer loop
      vertex 71.9633 242.55 5.08
      vertex 68.0367 242.55 5.08
      vertex 71.9633 26.05 5.08
    endloop
  endfacet
  facet normal 0 0 1
    outer loop
      vertex 72.55 244.75 5.08
      vertex 68.0367 242.55 5.08
      vertex 71.9633 242.55 5.08
    endloop
  endfacet
  facet normal 0 -0 1
    outer loop
      vertex 68.0367 242.55 5.08
      vertex 72.55 244.75 5.08
      vertex 67.45 244.75 5.08
    endloop
  endfacet
  facet normal -0 0 1
    outer loop
      vertex 71.9633 242.55 5.08
      vertex 75 26.05 5.08
      vertex 75 242.55 5.08
    endloop
  endfacet
  facet normal 0 0 1
    outer loop
      vertex 75 26.05 5.08
      vertex 71.9633 242.55 5.08
      vertex 71.9633 26.05 5.08
    endloop
  endfacet
  facet normal 0 0 1
    outer loop
      vertex 68.0367 26.05 5.08
      vertex 71.9633 26.05 5.08
      vertex 68.0367 242.55 5.08
    endloop
  endfacet
  facet normal -0 0 1
    outer loop
      vertex 68.0367 26.05 5.08
      vertex 72.55 23.85 5.08
      vertex 71.9633 26.05 5.08
    endloop
  endfacet
  facet normal 0 0 1
    outer loop
      vertex 72.55 23.85 5.08
      vertex 68.0367 26.05 5.08
      vertex 67.45 23.85 5.08
    endloop
  endfacet
  facet normal 0 0 -1
    outer loop
      vertex 65 26.05 0
      vertex 75 242.55 0
      vertex 75 26.05 0
    endloop
  endfacet
  facet normal -0 0 -1
    outer loop
      vertex 75 242.55 0
      vertex 65 26.05 0
      vertex 65 242.55 0
    endloop
  endfacet
  facet normal -1 0 0
    outer loop
      vertex 65 26.05 0
      vertex 65 242.55 5.08
      vertex 65 242.55 0
    endloop
  endfacet
  facet normal -1 -0 0
    outer loop
      vertex 65 242.55 5.08
      vertex 65 26.05 0
      vertex 65 26.05 5.08
    endloop
  endfacet
  facet normal 0 1 0
    outer loop
      vertex 75 242.55 5.08
      vertex 71.9633 242.55 1
      vertex 71.9633 242.55 5.08
    endloop
  endfacet
  facet normal 0 1 0
    outer loop
      vertex 71.9633 242.55 1
      vertex 75 242.55 0
      vertex 68.0367 242.55 1
    endloop
  endfacet
  facet normal 0 1 -0
    outer loop
      vertex 75 242.55 0
      vertex 71.9633 242.55 1
      vertex 75 242.55 5.08
    endloop
  endfacet
  facet normal 0 1 -0
    outer loop
      vertex 68.0367 242.55 1
      vertex 65 242.55 5.08
      vertex 68.0367 242.55 5.08
    endloop
  endfacet
  facet normal 0 1 0
    outer loop
      vertex 68.0367 242.55 1
      vertex 65 242.55 0
      vertex 65 242.55 5.08
    endloop
  endfacet
  facet normal 0 1 0
    outer loop
      vertex 65 242.55 0
      vertex 68.0367 242.55 1
      vertex 75 242.55 0
    endloop
  endfacet
  facet normal 0 -1 0
    outer loop
      vertex 65 26.05 5.08
      vertex 68.0367 26.05 1
      vertex 68.0367 26.05 5.08
    endloop
  endfacet
  facet normal 0 -1 -0
    outer loop
      vertex 68.0367 26.05 1
      vertex 65 26.05 0
      vertex 71.9633 26.05 1
    endloop
  endfacet
  facet normal 0 -1 0
    outer loop
      vertex 65 26.05 0
      vertex 68.0367 26.05 1
      vertex 65 26.05 5.08
    endloop
  endfacet
  facet normal 0 -1 0
    outer loop
      vertex 71.9633 26.05 1
      vertex 75 26.05 5.08
      vertex 71.9633 26.05 5.08
    endloop
  endfacet
  facet normal 0 -1 0
    outer loop
      vertex 71.9633 26.05 1
      vertex 75 26.05 0
      vertex 75 26.05 5.08
    endloop
  endfacet
  facet normal 0 -1 0
    outer loop
      vertex 75 26.05 0
      vertex 71.9633 26.05 1
      vertex 65 26.05 0
    endloop
  endfacet
  facet normal 0 0 -1
    outer loop
      vertex 72.55 23.85 1
      vertex 68.0367 26.05 1
      vertex 71.9633 26.05 1
    endloop
  endfacet
  facet normal 0 -0 -1
    outer loop
      vertex 68.0367 26.05 1
      vertex 72.55 23.85 1
      vertex 67.45 23.85 1
    endloop
  endfacet
  facet normal -0.966231 0.257676 0
    outer loop
      vertex 67.45 23.85 1
      vertex 68.0367 26.05 5.08
      vertex 68.0367 26.05 1
    endloop
  endfacet
  facet normal -0.966231 0.257676 0
    outer loop
      vertex 68.0367 26.05 5.08
      vertex 67.45 23.85 1
      vertex 67.45 23.85 5.08
    endloop
  endfacet
  facet normal 0.966231 0.257676 0
    outer loop
      vertex 72.55 23.85 5.08
      vertex 71.9633 26.05 1
      vertex 71.9633 26.05 5.08
    endloop
  endfacet
  facet normal 0.966231 0.257676 0
    outer loop
      vertex 71.9633 26.05 1
      vertex 72.55 23.85 5.08
      vertex 72.55 23.85 1
    endloop
  endfacet
  facet normal 0 -1 0
    outer loop
      vertex 67.45 23.85 1
      vertex 72.55 23.85 5.08
      vertex 67.45 23.85 5.08
    endloop
  endfacet
  facet normal 0 -1 -0
    outer loop
      vertex 72.55 23.85 5.08
      vertex 67.45 23.85 1
      vertex 72.55 23.85 1
    endloop
  endfacet
  facet normal 0.966231 -0.257676 0
    outer loop
      vertex 71.9633 242.55 5.08
      vertex 72.55 244.75 1
      vertex 72.55 244.75 5.08
    endloop
  endfacet
  facet normal 0.966231 -0.257676 0
    outer loop
      vertex 72.55 244.75 1
      vertex 71.9633 242.55 5.08
      vertex 71.9633 242.55 1
    endloop
  endfacet
  facet normal 0 0 -1
    outer loop
      vertex 68.0367 242.55 1
      vertex 72.55 244.75 1
      vertex 71.9633 242.55 1
    endloop
  endfacet
  facet normal -0 0 -1
    outer loop
      vertex 72.55 244.75 1
      vertex 68.0367 242.55 1
      vertex 67.45 244.75 1
    endloop
  endfacet
  facet normal 0 1 -0
    outer loop
      vertex 72.55 244.75 1
      vertex 67.45 244.75 5.08
      vertex 72.55 244.75 5.08
    endloop
  endfacet
  facet normal 0 1 0
    outer loop
      vertex 67.45 244.75 5.08
      vertex 72.55 244.75 1
      vertex 67.45 244.75 1
    endloop
  endfacet
  facet normal -0.966231 -0.257676 0
    outer loop
      vertex 68.0367 242.55 1
      vertex 67.45 244.75 5.08
      vertex 67.45 244.75 1
    endloop
  endfacet
  facet normal -0.966231 -0.257676 0
    outer loop
      vertex 67.45 244.75 5.08
      vertex 68.0367 242.55 1
      vertex 68.0367 242.55 5.08
    endloop
  endfacet
  facet normal 1 -0 0
    outer loop
      vertex 88 26.05 5.08
      vertex 88 242.55 0
      vertex 88 242.55 5.08
    endloop
  endfacet
  facet normal 1 0 0
    outer loop
      vertex 88 242.55 0
      vertex 88 26.05 5.08
      vertex 88 26.05 0
    endloop
  endfacet
  facet normal -0 0 1
    outer loop
      vertex 78 242.55 5.08
      vertex 81.0367 26.05 5.08
      vertex 81.0367 242.55 5.08
    endloop
  endfacet
  facet normal 0 0 1
    outer loop
      vertex 81.0367 26.05 5.08
      vertex 78 242.55 5.08
      vertex 78 26.05 5.08
    endloop
  endfacet
  facet normal 0 0 1
    outer loop
      vertex 84.9633 242.55 5.08
      vertex 81.0367 242.55 5.08
      vertex 84.9633 26.05 5.08
    endloop
  endfacet
  facet normal 0 0 1
    outer loop
      vertex 85.55 244.75 5.08
      vertex 81.0367 242.55 5.08
      vertex 84.9633 242.55 5.08
    endloop
  endfacet
  facet normal 0 -0 1
    outer loop
      vertex 81.0367 242.55 5.08
      vertex 85.55 244.75 5.08
      vertex 80.45 244.75 5.08
    endloop
  endfacet
  facet normal -0 0 1
    outer loop
      vertex 84.9633 242.55 5.08
      vertex 88 26.05 5.08
      vertex 88 242.55 5.08
    endloop
  endfacet
  facet normal 0 0 1
    outer loop
      vertex 88 26.05 5.08
      vertex 84.9633 242.55 5.08
      vertex 84.9633 26.05 5.08
    endloop
  endfacet
  facet normal 0 0 1
    outer loop
      vertex 81.0367 26.05 5.08
      vertex 84.9633 26.05 5.08
      vertex 81.0367 242.55 5.08
    endloop
  endfacet
  facet normal -0 0 1
    outer loop
      vertex 81.0367 26.05 5.08
      vertex 85.55 23.85 5.08
      vertex 84.9633 26.05 5.08
    endloop
  endfacet
  facet normal 0 0 1
    outer loop
      vertex 85.55 23.85 5.08
      vertex 81.0367 26.05 5.08
      vertex 80.45 23.85 5.08
    endloop
  endfacet
  facet normal 0 0 -1
    outer loop
      vertex 78 26.05 0
      vertex 88 242.55 0
      vertex 88 26.05 0
    endloop
  endfacet
  facet normal -0 0 -1
    outer loop
      vertex 88 242.55 0
      vertex 78 26.05 0
      vertex 78 242.55 0
    endloop
  endfacet
  facet normal -1 0 0
    outer loop
      vertex 78 26.05 0
      vertex 78 242.55 5.08
      vertex 78 242.55 0
    endloop
  endfacet
  facet normal -1 -0 0
    outer loop
      vertex 78 242.55 5.08
      vertex 78 26.05 0
      vertex 78 26.05 5.08
    endloop
  endfacet
  facet normal 0 1 0
    outer loop
      vertex 88 242.55 5.08
      vertex 84.9633 242.55 1
      vertex 84.9633 242.55 5.08
    endloop
  endfacet
  facet normal 0 1 0
    outer loop
      vertex 84.9633 242.55 1
      vertex 88 242.55 0
      vertex 81.0367 242.55 1
    endloop
  endfacet
  facet normal 0 1 -0
    outer loop
      vertex 88 242.55 0
      vertex 84.9633 242.55 1
      vertex 88 242.55 5.08
    endloop
  endfacet
  facet normal 0 1 -0
    outer loop
      vertex 81.0367 242.55 1
      vertex 78 242.55 5.08
      vertex 81.0367 242.55 5.08
    endloop
  endfacet
  facet normal 0 1 0
    outer loop
      vertex 81.0367 242.55 1
      vertex 78 242.55 0
      vertex 78 242.55 5.08
    endloop
  endfacet
  facet normal 0 1 0
    outer loop
      vertex 78 242.55 0
      vertex 81.0367 242.55 1
      vertex 88 242.55 0
    endloop
  endfacet
  facet normal 0 -1 0
    outer loop
      vertex 78 26.05 5.08
      vertex 81.0367 26.05 1
      vertex 81.0367 26.05 5.08
    endloop
  endfacet
  facet normal 0 -1 -0
    outer loop
      vertex 81.0367 26.05 1
      vertex 78 26.05 0
      vertex 84.9633 26.05 1
    endloop
  endfacet
  facet normal 0 -1 0
    outer loop
      vertex 78 26.05 0
      vertex 81.0367 26.05 1
      vertex 78 26.05 5.08
    endloop
  endfacet
  facet normal 0 -1 0
    outer loop
      vertex 84.9633 26.05 1
      vertex 88 26.05 5.08
      vertex 84.9633 26.05 5.08
    endloop
  endfacet
  facet normal 0 -1 0
    outer loop
      vertex 84.9633 26.05 1
      vertex 88 26.05 0
      vertex 88 26.05 5.08
    endloop
  endfacet
  facet normal 0 -1 0
    outer loop
      vertex 88 26.05 0
      vertex 84.9633 26.05 1
      vertex 78 26.05 0
    endloop
  endfacet
  facet normal 0 0 -1
    outer loop
      vertex 85.55 23.85 1
      vertex 81.0367 26.05 1
      vertex 84.9633 26.05 1
    endloop
  endfacet
  facet normal 0 -0 -1
    outer loop
      vertex 81.0367 26.05 1
      vertex 85.55 23.85 1
      vertex 80.45 23.85 1
    endloop
  endfacet
  facet normal -0.966231 0.257676 0
    outer loop
      vertex 80.45 23.85 1
      vertex 81.0367 26.05 5.08
      vertex 81.0367 26.05 1
    endloop
  endfacet
  facet normal -0.966231 0.257676 0
    outer loop
      vertex 81.0367 26.05 5.08
      vertex 80.45 23.85 1
      vertex 80.45 23.85 5.08
    endloop
  endfacet
  facet normal 0.966231 0.257676 0
    outer loop
      vertex 85.55 23.85 5.08
      vertex 84.9633 26.05 1
      vertex 84.9633 26.05 5.08
    endloop
  endfacet
  facet normal 0.966231 0.257676 0
    outer loop
      vertex 84.9633 26.05 1
      vertex 85.55 23.85 5.08
      vertex 85.55 23.85 1
    endloop
  endfacet
  facet normal 0 -1 0
    outer loop
      vertex 80.45 23.85 1
      vertex 85.55 23.85 5.08
      vertex 80.45 23.85 5.08
    endloop
  endfacet
  facet normal 0 -1 -0
    outer loop
      vertex 85.55 23.85 5.08
      vertex 80.45 23.85 1
      vertex 85.55 23.85 1
    endloop
  endfacet
  facet normal 0.966231 -0.257676 0
    outer loop
      vertex 84.9633 242.55 5.08
      vertex 85.55 244.75 1
      vertex 85.55 244.75 5.08
    endloop
  endfacet
  facet normal 0.966231 -0.257676 0
    outer loop
      vertex 85.55 244.75 1
      vertex 84.9633 242.55 5.08
      vertex 84.9633 242.55 1
    endloop
  endfacet
  facet normal 0 0 -1
    outer loop
      vertex 81.0367 242.55 1
      vertex 85.55 244.75 1
      vertex 84.9633 242.55 1
    endloop
  endfacet
  facet normal -0 0 -1
    outer loop
      vertex 85.55 244.75 1
      vertex 81.0367 242.55 1
      vertex 80.45 244.75 1
    endloop
  endfacet
  facet normal 0 1 -0
    outer loop
      vertex 85.55 244.75 1
      vertex 80.45 244.75 5.08
      vertex 85.55 244.75 5.08
    endloop
  endfacet
  facet normal 0 1 0
    outer loop
      vertex 80.45 244.75 5.08
      vertex 85.55 244.75 1
      vertex 80.45 244.75 1
    endloop
  endfacet
  facet normal -0.966231 -0.257676 0
    outer loop
      vertex 81.0367 242.55 1
      vertex 80.45 244.75 5.08
      vertex 80.45 244.75 1
    endloop
  endfacet
  facet normal -0.966231 -0.257676 0
    outer loop
      vertex 80.45 244.75 5.08
      vertex 81.0367 242.55 1
      vertex 81.0367 242.55 5.08
    endloop
  endfacet
  facet normal 1 -0 0
    outer loop
      vertex 101 26.05 5.08
      vertex 101 242.55 0
      vertex 101 242.55 5.08
    endloop
  endfacet
  facet normal 1 0 0
    outer loop
      vertex 101 242.55 0
      vertex 101 26.05 5.08
      vertex 101 26.05 0
    endloop
  endfacet
  facet normal -0 0 1
    outer loop
      vertex 91 242.55 5.08
      vertex 94.0367 26.05 5.08
      vertex 94.0367 242.55 5.08
    endloop
  endfacet
  facet normal 0 0 1
    outer loop
      vertex 94.0367 26.05 5.08
      vertex 91 242.55 5.08
      vertex 91 26.05 5.08
    endloop
  endfacet
  facet normal 0 0 1
    outer loop
      vertex 97.9633 242.55 5.08
      vertex 94.0367 242.55 5.08
      vertex 97.9633 26.05 5.08
    endloop
  endfacet
  facet normal 0 0 1
    outer loop
      vertex 98.55 244.75 5.08
      vertex 94.0367 242.55 5.08
      vertex 97.9633 242.55 5.08
    endloop
  endfacet
  facet normal 0 -0 1
    outer loop
      vertex 94.0367 242.55 5.08
      vertex 98.55 244.75 5.08
      vertex 93.45 244.75 5.08
    endloop
  endfacet
  facet normal -0 0 1
    outer loop
      vertex 97.9633 242.55 5.08
      vertex 101 26.05 5.08
      vertex 101 242.55 5.08
    endloop
  endfacet
  facet normal 0 0 1
    outer loop
      vertex 101 26.05 5.08
      vertex 97.9633 242.55 5.08
      vertex 97.9633 26.05 5.08
    endloop
  endfacet
  facet normal 0 0 1
    outer loop
      vertex 94.0367 26.05 5.08
      vertex 97.9633 26.05 5.08
      vertex 94.0367 242.55 5.08
    endloop
  endfacet
  facet normal -0 0 1
    outer loop
      vertex 94.0367 26.05 5.08
      vertex 98.55 23.85 5.08
      vertex 97.9633 26.05 5.08
    endloop
  endfacet
  facet normal 0 0 1
    outer loop
      vertex 98.55 23.85 5.08
      vertex 94.0367 26.05 5.08
      vertex 93.45 23.85 5.08
    endloop
  endfacet
  facet normal 0 0 -1
    outer loop
      vertex 91 26.05 0
      vertex 101 242.55 0
      vertex 101 26.05 0
    endloop
  endfacet
  facet normal -0 0 -1
    outer loop
      vertex 101 242.55 0
      vertex 91 26.05 0
      vertex 91 242.55 0
    endloop
  endfacet
  facet normal -1 0 0
    outer loop
      vertex 91 26.05 0
      vertex 91 242.55 5.08
      vertex 91 242.55 0
    endloop
  endfacet
  facet normal -1 -0 0
    outer loop
      vertex 91 242.55 5.08
      vertex 91 26.05 0
      vertex 91 26.05 5.08
    endloop
  endfacet
  facet normal 0 1 0
    outer loop
      vertex 101 242.55 5.08
      vertex 97.9633 242.55 1
      vertex 97.9633 242.55 5.08
    endloop
  endfacet
  facet normal 0 1 0
    outer loop
      vertex 97.9633 242.55 1
      vertex 101 242.55 0
      vertex 94.0367 242.55 1
    endloop
  endfacet
  facet normal 0 1 -0
    outer loop
      vertex 101 242.55 0
      vertex 97.9633 242.55 1
      vertex 101 242.55 5.08
    endloop
  endfacet
  facet normal 0 1 -0
    outer loop
      vertex 94.0367 242.55 1
      vertex 91 242.55 5.08
      vertex 94.0367 242.55 5.08
    endloop
  endfacet
  facet normal 0 1 0
    outer loop
      vertex 94.0367 242.55 1
      vertex 91 242.55 0
      vertex 91 242.55 5.08
    endloop
  endfacet
  facet normal 0 1 0
    outer loop
      vertex 91 242.55 0
      vertex 94.0367 242.55 1
      vertex 101 242.55 0
    endloop
  endfacet
  facet normal 0 -1 0
    outer loop
      vertex 91 26.05 5.08
      vertex 94.0367 26.05 1
      vertex 94.0367 26.05 5.08
    endloop
  endfacet
  facet normal 0 -1 -0
    outer loop
      vertex 94.0367 26.05 1
      vertex 91 26.05 0
      vertex 97.9633 26.05 1
    endloop
  endfacet
  facet normal 0 -1 0
    outer loop
      vertex 91 26.05 0
      vertex 94.0367 26.05 1
      vertex 91 26.05 5.08
    endloop
  endfacet
  facet normal 0 -1 0
    outer loop
      vertex 97.9633 26.05 1
      vertex 101 26.05 5.08
      vertex 97.9633 26.05 5.08
    endloop
  endfacet
  facet normal 0 -1 0
    outer loop
      vertex 97.9633 26.05 1
      vertex 101 26.05 0
      vertex 101 26.05 5.08
    endloop
  endfacet
  facet normal 0 -1 0
    outer loop
      vertex 101 26.05 0
      vertex 97.9633 26.05 1
      vertex 91 26.05 0
    endloop
  endfacet
  facet normal 0 0 -1
    outer loop
      vertex 98.55 23.85 1
      vertex 94.0367 26.05 1
      vertex 97.9633 26.05 1
    endloop
  endfacet
  facet normal 0 -0 -1
    outer loop
      vertex 94.0367 26.05 1
      vertex 98.55 23.85 1
      vertex 93.45 23.85 1
    endloop
  endfacet
  facet normal -0.966231 0.257676 0
    outer loop
      vertex 93.45 23.85 1
      vertex 94.0367 26.05 5.08
      vertex 94.0367 26.05 1
    endloop
  endfacet
  facet normal -0.966231 0.257676 0
    outer loop
      vertex 94.0367 26.05 5.08
      vertex 93.45 23.85 1
      vertex 93.45 23.85 5.08
    endloop
  endfacet
  facet normal 0.966231 0.257676 0
    outer loop
      vertex 98.55 23.85 5.08
      vertex 97.9633 26.05 1
      vertex 97.9633 26.05 5.08
    endloop
  endfacet
  facet normal 0.966231 0.257676 0
    outer loop
      vertex 97.9633 26.05 1
      vertex 98.55 23.85 5.08
      vertex 98.55 23.85 1
    endloop
  endfacet
  facet normal 0 -1 0
    outer loop
      vertex 93.45 23.85 1
      vertex 98.55 23.85 5.08
      vertex 93.45 23.85 5.08
    endloop
  endfacet
  facet normal 0 -1 -0
    outer loop
      vertex 98.55 23.85 5.08
      vertex 93.45 23.85 1
      vertex 98.55 23.85 1
    endloop
  endfacet
  facet normal 0.966231 -0.257676 0
    outer loop
      vertex 97.9633 242.55 5.08
      vertex 98.55 244.75 1
      vertex 98.55 244.75 5.08
    endloop
  endfacet
  facet normal 0.966231 -0.257676 0
    outer loop
      vertex 98.55 244.75 1
      vertex 97.9633 242.55 5.08
      vertex 97.9633 242.55 1
    endloop
  endfacet
  facet normal 0 0 -1
    outer loop
      vertex 94.0367 242.55 1
      vertex 98.55 244.75 1
      vertex 97.9633 242.55 1
    endloop
  endfacet
  facet normal -0 0 -1
    outer loop
      vertex 98.55 244.75 1
      vertex 94.0367 242.55 1
      vertex 93.45 244.75 1
    endloop
  endfacet
  facet normal 0 1 -0
    outer loop
      vertex 98.55 244.75 1
      vertex 93.45 244.75 5.08
      vertex 98.55 244.75 5.08
    endloop
  endfacet
  facet normal 0 1 0
    outer loop
      vertex 93.45 244.75 5.08
      vertex 98.55 244.75 1
      vertex 93.45 244.75 1
    endloop
  endfacet
  facet normal -0.966231 -0.257676 0
    outer loop
      vertex 94.0367 242.55 1
      vertex 93.45 244.75 5.08
      vertex 93.45 244.75 1
    endloop
  endfacet
  facet normal -0.966231 -0.257676 0
    outer loop
      vertex 93.45 244.75 5.08
      vertex 94.0367 242.55 1
      vertex 94.0367 242.55 5.08
    endloop
  endfacet
  facet normal 1 -0 0
    outer loop
      vertex 114 26.05 5.08
      vertex 114 242.55 0
      vertex 114 242.55 5.08
    endloop
  endfacet
  facet normal 1 0 0
    outer loop
      vertex 114 242.55 0
      vertex 114 26.05 5.08
      vertex 114 26.05 0
    endloop
  endfacet
  facet normal -0 0 1
    outer loop
      vertex 104 242.55 5.08
      vertex 107.037 26.05 5.08
      vertex 107.037 242.55 5.08
    endloop
  endfacet
  facet normal 0 0 1
    outer loop
      vertex 107.037 26.05 5.08
      vertex 104 242.55 5.08
      vertex 104 26.05 5.08
    endloop
  endfacet
  facet normal 0 0 1
    outer loop
      vertex 110.963 242.55 5.08
      vertex 107.037 242.55 5.08
      vertex 110.963 26.05 5.08
    endloop
  endfacet
  facet normal 0 0 1
    outer loop
      vertex 111.55 244.75 5.08
      vertex 107.037 242.55 5.08
      vertex 110.963 242.55 5.08
    endloop
  endfacet
  facet normal 0 -0 1
    outer loop
      vertex 107.037 242.55 5.08
      vertex 111.55 244.75 5.08
      vertex 106.45 244.75 5.08
    endloop
  endfacet
  facet normal -0 0 1
    outer loop
      vertex 110.963 242.55 5.08
      vertex 114 26.05 5.08
      vertex 114 242.55 5.08
    endloop
  endfacet
  facet normal 0 0 1
    outer loop
      vertex 114 26.05 5.08
      vertex 110.963 242.55 5.08
      vertex 110.963 26.05 5.08
    endloop
  endfacet
  facet normal 0 0 1
    outer loop
      vertex 107.037 26.05 5.08
      vertex 110.963 26.05 5.08
      vertex 107.037 242.55 5.08
    endloop
  endfacet
  facet normal -0 0 1
    outer loop
      vertex 107.037 26.05 5.08
      vertex 111.55 23.85 5.08
      vertex 110.963 26.05 5.08
    endloop
  endfacet
  facet normal 0 0 1
    outer loop
      vertex 111.55 23.85 5.08
      vertex 107.037 26.05 5.08
      vertex 106.45 23.85 5.08
    endloop
  endfacet
  facet normal 0 0 -1
    outer loop
      vertex 104 26.05 0
      vertex 114 242.55 0
      vertex 114 26.05 0
    endloop
  endfacet
  facet normal -0 0 -1
    outer loop
      vertex 114 242.55 0
      vertex 104 26.05 0
      vertex 104 242.55 0
    endloop
  endfacet
  facet normal -1 0 0
    outer loop
      vertex 104 26.05 0
      vertex 104 242.55 5.08
      vertex 104 242.55 0
    endloop
  endfacet
  facet normal -1 -0 0
    outer loop
      vertex 104 242.55 5.08
      vertex 104 26.05 0
      vertex 104 26.05 5.08
    endloop
  endfacet
  facet normal 0 1 0
    outer loop
      vertex 114 242.55 5.08
      vertex 110.963 242.55 1
      vertex 110.963 242.55 5.08
    endloop
  endfacet
  facet normal 0 1 0
    outer loop
      vertex 110.963 242.55 1
      vertex 114 242.55 0
      vertex 107.037 242.55 1
    endloop
  endfacet
  facet normal 0 1 -0
    outer loop
      vertex 114 242.55 0
      vertex 110.963 242.55 1
      vertex 114 242.55 5.08
    endloop
  endfacet
  facet normal 0 1 -0
    outer loop
      vertex 107.037 242.55 1
      vertex 104 242.55 5.08
      vertex 107.037 242.55 5.08
    endloop
  endfacet
  facet normal 0 1 0
    outer loop
      vertex 107.037 242.55 1
      vertex 104 242.55 0
      vertex 104 242.55 5.08
    endloop
  endfacet
  facet normal 0 1 0
    outer loop
      vertex 104 242.55 0
      vertex 107.037 242.55 1
      vertex 114 242.55 0
    endloop
  endfacet
  facet normal 0 -1 0
    outer loop
      vertex 104 26.05 5.08
      vertex 107.037 26.05 1
      vertex 107.037 26.05 5.08
    endloop
  endfacet
  facet normal 0 -1 -0
    outer loop
      vertex 107.037 26.05 1
      vertex 104 26.05 0
      vertex 110.963 26.05 1
    endloop
  endfacet
  facet normal 0 -1 0
    outer loop
      vertex 104 26.05 0
      vertex 107.037 26.05 1
      vertex 104 26.05 5.08
    endloop
  endfacet
  facet normal 0 -1 0
    outer loop
      vertex 110.963 26.05 1
      vertex 114 26.05 5.08
      vertex 110.963 26.05 5.08
    endloop
  endfacet
  facet normal 0 -1 0
    outer loop
      vertex 110.963 26.05 1
      vertex 114 26.05 0
      vertex 114 26.05 5.08
    endloop
  endfacet
  facet normal 0 -1 0
    outer loop
      vertex 114 26.05 0
      vertex 110.963 26.05 1
      vertex 104 26.05 0
    endloop
  endfacet
  facet normal 0 0 -1
    outer loop
      vertex 111.55 23.85 1
      vertex 107.037 26.05 1
      vertex 110.963 26.05 1
    endloop
  endfacet
  facet normal 0 -0 -1
    outer loop
      vertex 107.037 26.05 1
      vertex 111.55 23.85 1
      vertex 106.45 23.85 1
    endloop
  endfacet
  facet normal -0.966198 0.257799 0
    outer loop
      vertex 106.45 23.85 1
      vertex 107.037 26.05 5.08
      vertex 107.037 26.05 1
    endloop
  endfacet
  facet normal -0.966198 0.257799 0
    outer loop
      vertex 107.037 26.05 5.08
      vertex 106.45 23.85 1
      vertex 106.45 23.85 5.08
    endloop
  endfacet
  facet normal 0.966198 0.257799 0
    outer loop
      vertex 111.55 23.85 5.08
      vertex 110.963 26.05 1
      vertex 110.963 26.05 5.08
    endloop
  endfacet
  facet normal 0.966198 0.257799 0
    outer loop
      vertex 110.963 26.05 1
      vertex 111.55 23.85 5.08
      vertex 111.55 23.85 1
    endloop
  endfacet
  facet normal 0 -1 0
    outer loop
      vertex 106.45 23.85 1
      vertex 111.55 23.85 5.08
      vertex 106.45 23.85 5.08
    endloop
  endfacet
  facet normal 0 -1 -0
    outer loop
      vertex 111.55 23.85 5.08
      vertex 106.45 23.85 1
      vertex 111.55 23.85 1
    endloop
  endfacet
  facet normal 0.966198 -0.257799 0
    outer loop
      vertex 110.963 242.55 5.08
      vertex 111.55 244.75 1
      vertex 111.55 244.75 5.08
    endloop
  endfacet
  facet normal 0.966198 -0.257799 0
    outer loop
      vertex 111.55 244.75 1
      vertex 110.963 242.55 5.08
      vertex 110.963 242.55 1
    endloop
  endfacet
  facet normal 0 0 -1
    outer loop
      vertex 107.037 242.55 1
      vertex 111.55 244.75 1
      vertex 110.963 242.55 1
    endloop
  endfacet
  facet normal -0 0 -1
    outer loop
      vertex 111.55 244.75 1
      vertex 107.037 242.55 1
      vertex 106.45 244.75 1
    endloop
  endfacet
  facet normal 0 1 -0
    outer loop
      vertex 111.55 244.75 1
      vertex 106.45 244.75 5.08
      vertex 111.55 244.75 5.08
    endloop
  endfacet
  facet normal 0 1 0
    outer loop
      vertex 106.45 244.75 5.08
      vertex 111.55 244.75 1
      vertex 106.45 244.75 1
    endloop
  endfacet
  facet normal -0.966198 -0.257799 0
    outer loop
      vertex 107.037 242.55 1
      vertex 106.45 244.75 5.08
      vertex 106.45 244.75 1
    endloop
  endfacet
  facet normal -0.966198 -0.257799 0
    outer loop
      vertex 106.45 244.75 5.08
      vertex 107.037 242.55 1
      vertex 107.037 242.55 5.08
    endloop
  endfacet
  facet normal 1 -0 0
    outer loop
      vertex 127 26.05 5.08
      vertex 127 242.55 0
      vertex 127 242.55 5.08
    endloop
  endfacet
  facet normal 1 0 0
    outer loop
      vertex 127 242.55 0
      vertex 127 26.05 5.08
      vertex 127 26.05 0
    endloop
  endfacet
  facet normal -0 0 1
    outer loop
      vertex 117 242.55 5.08
      vertex 120.037 26.05 5.08
      vertex 120.037 242.55 5.08
    endloop
  endfacet
  facet normal 0 0 1
    outer loop
      vertex 120.037 26.05 5.08
      vertex 117 242.55 5.08
      vertex 117 26.05 5.08
    endloop
  endfacet
  facet normal 0 0 1
    outer loop
      vertex 123.963 242.55 5.08
      vertex 120.037 242.55 5.08
      vertex 123.963 26.05 5.08
    endloop
  endfacet
  facet normal 0 0 1
    outer loop
      vertex 124.55 244.75 5.08
      vertex 120.037 242.55 5.08
      vertex 123.963 242.55 5.08
    endloop
  endfacet
  facet normal 0 -0 1
    outer loop
      vertex 120.037 242.55 5.08
      vertex 124.55 244.75 5.08
      vertex 119.45 244.75 5.08
    endloop
  endfacet
  facet normal -0 0 1
    outer loop
      vertex 123.963 242.55 5.08
      vertex 127 26.05 5.08
      vertex 127 242.55 5.08
    endloop
  endfacet
  facet normal 0 0 1
    outer loop
      vertex 127 26.05 5.08
      vertex 123.963 242.55 5.08
      vertex 123.963 26.05 5.08
    endloop
  endfacet
  facet normal 0 0 1
    outer loop
      vertex 120.037 26.05 5.08
      vertex 123.963 26.05 5.08
      vertex 120.037 242.55 5.08
    endloop
  endfacet
  facet normal -0 0 1
    outer loop
      vertex 120.037 26.05 5.08
      vertex 124.55 23.85 5.08
      vertex 123.963 26.05 5.08
    endloop
  endfacet
  facet normal 0 0 1
    outer loop
      vertex 124.55 23.85 5.08
      vertex 120.037 26.05 5.08
      vertex 119.45 23.85 5.08
    endloop
  endfacet
  facet normal 0 0 -1
    outer loop
      vertex 117 26.05 0
      vertex 127 242.55 0
      vertex 127 26.05 0
    endloop
  endfacet
  facet normal -0 0 -1
    outer loop
      vertex 127 242.55 0
      vertex 117 26.05 0
      vertex 117 242.55 0
    endloop
  endfacet
  facet normal -1 0 0
    outer loop
      vertex 117 26.05 0
      vertex 117 242.55 5.08
      vertex 117 242.55 0
    endloop
  endfacet
  facet normal -1 -0 0
    outer loop
      vertex 117 242.55 5.08
      vertex 117 26.05 0
      vertex 117 26.05 5.08
    endloop
  endfacet
  facet normal 0 1 0
    outer loop
      vertex 127 242.55 5.08
      vertex 123.963 242.55 1
      vertex 123.963 242.55 5.08
    endloop
  endfacet
  facet normal 0 1 0
    outer loop
      vertex 123.963 242.55 1
      vertex 127 242.55 0
      vertex 120.037 242.55 1
    endloop
  endfacet
  facet normal 0 1 -0
    outer loop
      vertex 127 242.55 0
      vertex 123.963 242.55 1
      vertex 127 242.55 5.08
    endloop
  endfacet
  facet normal 0 1 -0
    outer loop
      vertex 120.037 242.55 1
      vertex 117 242.55 5.08
      vertex 120.037 242.55 5.08
    endloop
  endfacet
  facet normal 0 1 0
    outer loop
      vertex 120.037 242.55 1
      vertex 117 242.55 0
      vertex 117 242.55 5.08
    endloop
  endfacet
  facet normal 0 1 0
    outer loop
      vertex 117 242.55 0
      vertex 120.037 242.55 1
      vertex 127 242.55 0
    endloop
  endfacet
  facet normal 0 -1 0
    outer loop
      vertex 117 26.05 5.08
      vertex 120.037 26.05 1
      vertex 120.037 26.05 5.08
    endloop
  endfacet
  facet normal 0 -1 -0
    outer loop
      vertex 120.037 26.05 1
      vertex 117 26.05 0
      vertex 123.963 26.05 1
    endloop
  endfacet
  facet normal 0 -1 0
    outer loop
      vertex 117 26.05 0
      vertex 120.037 26.05 1
      vertex 117 26.05 5.08
    endloop
  endfacet
  facet normal 0 -1 0
    outer loop
      vertex 123.963 26.05 1
      vertex 127 26.05 5.08
      vertex 123.963 26.05 5.08
    endloop
  endfacet
  facet normal 0 -1 0
    outer loop
      vertex 123.963 26.05 1
      vertex 127 26.05 0
      vertex 127 26.05 5.08
    endloop
  endfacet
  facet normal 0 -1 0
    outer loop
      vertex 127 26.05 0
      vertex 123.963 26.05 1
      vertex 117 26.05 0
    endloop
  endfacet
  facet normal 0 0 -1
    outer loop
      vertex 124.55 23.85 1
      vertex 120.037 26.05 1
      vertex 123.963 26.05 1
    endloop
  endfacet
  facet normal 0 -0 -1
    outer loop
      vertex 120.037 26.05 1
      vertex 124.55 23.85 1
      vertex 119.45 23.85 1
    endloop
  endfacet
  facet normal -0.966198 0.257799 0
    outer loop
      vertex 119.45 23.85 1
      vertex 120.037 26.05 5.08
      vertex 120.037 26.05 1
    endloop
  endfacet
  facet normal -0.966198 0.257799 0
    outer loop
      vertex 120.037 26.05 5.08
      vertex 119.45 23.85 1
      vertex 119.45 23.85 5.08
    endloop
  endfacet
  facet normal 0.966198 0.257799 0
    outer loop
      vertex 124.55 23.85 5.08
      vertex 123.963 26.05 1
      vertex 123.963 26.05 5.08
    endloop
  endfacet
  facet normal 0.966198 0.257799 0
    outer loop
      vertex 123.963 26.05 1
      vertex 124.55 23.85 5.08
      vertex 124.55 23.85 1
    endloop
  endfacet
  facet normal 0 -1 0
    outer loop
      vertex 119.45 23.85 1
      vertex 124.55 23.85 5.08
      vertex 119.45 23.85 5.08
    endloop
  endfacet
  facet normal 0 -1 -0
    outer loop
      vertex 124.55 23.85 5.08
      vertex 119.45 23.85 1
      vertex 124.55 23.85 1
    endloop
  endfacet
  facet normal 0.966198 -0.257799 0
    outer loop
      vertex 123.963 242.55 5.08
      vertex 124.55 244.75 1
      vertex 124.55 244.75 5.08
    endloop
  endfacet
  facet normal 0.966198 -0.257799 0
    outer loop
      vertex 124.55 244.75 1
      vertex 123.963 242.55 5.08
      vertex 123.963 242.55 1
    endloop
  endfacet
  facet normal 0 0 -1
    outer loop
      vertex 120.037 242.55 1
      vertex 124.55 244.75 1
      vertex 123.963 242.55 1
    endloop
  endfacet
  facet normal -0 0 -1
    outer loop
      vertex 124.55 244.75 1
      vertex 120.037 242.55 1
      vertex 119.45 244.75 1
    endloop
  endfacet
  facet normal 0 1 -0
    outer loop
      vertex 124.55 244.75 1
      vertex 119.45 244.75 5.08
      vertex 124.55 244.75 5.08
    endloop
  endfacet
  facet normal 0 1 0
    outer loop
      vertex 119.45 244.75 5.08
      vertex 124.55 244.75 1
      vertex 119.45 244.75 1
    endloop
  endfacet
  facet normal -0.966198 -0.257799 0
    outer loop
      vertex 120.037 242.55 1
      vertex 119.45 244.75 5.08
      vertex 119.45 244.75 1
    endloop
  endfacet
  facet normal -0.966198 -0.257799 0
    outer loop
      vertex 119.45 244.75 5.08
      vertex 120.037 242.55 1
      vertex 120.037 242.55 5.08
    endloop
  endfacet
  facet normal 1 -0 0
    outer loop
      vertex 140 26.05 5.08
      vertex 140 242.55 0
      vertex 140 242.55 5.08
    endloop
  endfacet
  facet normal 1 0 0
    outer loop
      vertex 140 242.55 0
      vertex 140 26.05 5.08
      vertex 140 26.05 0
    endloop
  endfacet
  facet normal -0 0 1
    outer loop
      vertex 130 242.55 5.08
      vertex 133.037 26.05 5.08
      vertex 133.037 242.55 5.08
    endloop
  endfacet
  facet normal 0 0 1
    outer loop
      vertex 133.037 26.05 5.08
      vertex 130 242.55 5.08
      vertex 130 26.05 5.08
    endloop
  endfacet
  facet normal 0 0 1
    outer loop
      vertex 136.963 242.55 5.08
      vertex 133.037 242.55 5.08
      vertex 136.963 26.05 5.08
    endloop
  endfacet
  facet normal 0 0 1
    outer loop
      vertex 137.55 244.75 5.08
      vertex 133.037 242.55 5.08
      vertex 136.963 242.55 5.08
    endloop
  endfacet
  facet normal 0 -0 1
    outer loop
      vertex 133.037 242.55 5.08
      vertex 137.55 244.75 5.08
      vertex 132.45 244.75 5.08
    endloop
  endfacet
  facet normal -0 0 1
    outer loop
      vertex 136.963 242.55 5.08
      vertex 140 26.05 5.08
      vertex 140 242.55 5.08
    endloop
  endfacet
  facet normal 0 0 1
    outer loop
      vertex 140 26.05 5.08
      vertex 136.963 242.55 5.08
      vertex 136.963 26.05 5.08
    endloop
  endfacet
  facet normal 0 0 1
    outer loop
      vertex 133.037 26.05 5.08
      vertex 136.963 26.05 5.08
      vertex 133.037 242.55 5.08
    endloop
  endfacet
  facet normal -0 0 1
    outer loop
      vertex 133.037 26.05 5.08
      vertex 137.55 23.85 5.08
      vertex 136.963 26.05 5.08
    endloop
  endfacet
  facet normal 0 0 1
    outer loop
      vertex 137.55 23.85 5.08
      vertex 133.037 26.05 5.08
      vertex 132.45 23.85 5.08
    endloop
  endfacet
  facet normal 0 0 -1
    outer loop
      vertex 130 26.05 0
      vertex 140 242.55 0
      vertex 140 26.05 0
    endloop
  endfacet
  facet normal -0 0 -1
    outer loop
      vertex 140 242.55 0
      vertex 130 26.05 0
      vertex 130 242.55 0
    endloop
  endfacet
  facet normal -1 0 0
    outer loop
      vertex 130 26.05 0
      vertex 130 242.55 5.08
      vertex 130 242.55 0
    endloop
  endfacet
  facet normal -1 -0 0
    outer loop
      vertex 130 242.55 5.08
      vertex 130 26.05 0
      vertex 130 26.05 5.08
    endloop
  endfacet
  facet normal 0 1 0
    outer loop
      vertex 140 242.55 5.08
      vertex 136.963 242.55 1
      vertex 136.963 242.55 5.08
    endloop
  endfacet
  facet normal 0 1 0
    outer loop
      vertex 136.963 242.55 1
      vertex 140 242.55 0
      vertex 133.037 242.55 1
    endloop
  endfacet
  facet normal 0 1 -0
    outer loop
      vertex 140 242.55 0
      vertex 136.963 242.55 1
      vertex 140 242.55 5.08
    endloop
  endfacet
  facet normal 0 1 -0
    outer loop
      vertex 133.037 242.55 1
      vertex 130 242.55 5.08
      vertex 133.037 242.55 5.08
    endloop
  endfacet
  facet normal 0 1 0
    outer loop
      vertex 133.037 242.55 1
      vertex 130 242.55 0
      vertex 130 242.55 5.08
    endloop
  endfacet
  facet normal 0 1 0
    outer loop
      vertex 130 242.55 0
      vertex 133.037 242.55 1
      vertex 140 242.55 0
    endloop
  endfacet
  facet normal 0 -1 0
    outer loop
      vertex 130 26.05 5.08
      vertex 133.037 26.05 1
      vertex 133.037 26.05 5.08
    endloop
  endfacet
  facet normal 0 -1 -0
    outer loop
      vertex 133.037 26.05 1
      vertex 130 26.05 0
      vertex 136.963 26.05 1
    endloop
  endfacet
  facet normal 0 -1 0
    outer loop
      vertex 130 26.05 0
      vertex 133.037 26.05 1
      vertex 130 26.05 5.08
    endloop
  endfacet
  facet normal 0 -1 0
    outer loop
      vertex 136.963 26.05 1
      vertex 140 26.05 5.08
      vertex 136.963 26.05 5.08
    endloop
  endfacet
  facet normal 0 -1 0
    outer loop
      vertex 136.963 26.05 1
      vertex 140 26.05 0
      vertex 140 26.05 5.08
    endloop
  endfacet
  facet normal 0 -1 0
    outer loop
      vertex 140 26.05 0
      vertex 136.963 26.05 1
      vertex 130 26.05 0
    endloop
  endfacet
  facet normal 0 0 -1
    outer loop
      vertex 137.55 23.85 1
      vertex 133.037 26.05 1
      vertex 136.963 26.05 1
    endloop
  endfacet
  facet normal 0 -0 -1
    outer loop
      vertex 133.037 26.05 1
      vertex 137.55 23.85 1
      vertex 132.45 23.85 1
    endloop
  endfacet
  facet normal -0.966198 0.257799 0
    outer loop
      vertex 132.45 23.85 1
      vertex 133.037 26.05 5.08
      vertex 133.037 26.05 1
    endloop
  endfacet
  facet normal -0.966198 0.257799 0
    outer loop
      vertex 133.037 26.05 5.08
      vertex 132.45 23.85 1
      vertex 132.45 23.85 5.08
    endloop
  endfacet
  facet normal 0.966198 0.257799 0
    outer loop
      vertex 137.55 23.85 5.08
      vertex 136.963 26.05 1
      vertex 136.963 26.05 5.08
    endloop
  endfacet
  facet normal 0.966198 0.257799 0
    outer loop
      vertex 136.963 26.05 1
      vertex 137.55 23.85 5.08
      vertex 137.55 23.85 1
    endloop
  endfacet
  facet normal 0 -1 0
    outer loop
      vertex 132.45 23.85 1
      vertex 137.55 23.85 5.08
      vertex 132.45 23.85 5.08
    endloop
  endfacet
  facet normal 0 -1 -0
    outer loop
      vertex 137.55 23.85 5.08
      vertex 132.45 23.85 1
      vertex 137.55 23.85 1
    endloop
  endfacet
  facet normal 0.966198 -0.257799 0
    outer loop
      vertex 136.963 242.55 5.08
      vertex 137.55 244.75 1
      vertex 137.55 244.75 5.08
    endloop
  endfacet
  facet normal 0.966198 -0.257799 0
    outer loop
      vertex 137.55 244.75 1
      vertex 136.963 242.55 5.08
      vertex 136.963 242.55 1
    endloop
  endfacet
  facet normal 0 0 -1
    outer loop
      vertex 133.037 242.55 1
      vertex 137.55 244.75 1
      vertex 136.963 242.55 1
    endloop
  endfacet
  facet normal -0 0 -1
    outer loop
      vertex 137.55 244.75 1
      vertex 133.037 242.55 1
      vertex 132.45 244.75 1
    endloop
  endfacet
  facet normal 0 1 -0
    outer loop
      vertex 137.55 244.75 1
      vertex 132.45 244.75 5.08
      vertex 137.55 244.75 5.08
    endloop
  endfacet
  facet normal 0 1 0
    outer loop
      vertex 132.45 244.75 5.08
      vertex 137.55 244.75 1
      vertex 132.45 244.75 1
    endloop
  endfacet
  facet normal -0.966198 -0.257799 0
    outer loop
      vertex 133.037 242.55 1
      vertex 132.45 244.75 5.08
      vertex 132.45 244.75 1
    endloop
  endfacet
  facet normal -0.966198 -0.257799 0
    outer loop
      vertex 132.45 244.75 5.08
      vertex 133.037 242.55 1
      vertex 133.037 242.55 5.08
    endloop
  endfacet
  facet normal 1 -0 0
    outer loop
      vertex 153 26.05 5.08
      vertex 153 242.55 0
      vertex 153 242.55 5.08
    endloop
  endfacet
  facet normal 1 0 0
    outer loop
      vertex 153 242.55 0
      vertex 153 26.05 5.08
      vertex 153 26.05 0
    endloop
  endfacet
  facet normal -0 0 1
    outer loop
      vertex 143 242.55 5.08
      vertex 146.037 26.05 5.08
      vertex 146.037 242.55 5.08
    endloop
  endfacet
  facet normal 0 0 1
    outer loop
      vertex 146.037 26.05 5.08
      vertex 143 242.55 5.08
      vertex 143 26.05 5.08
    endloop
  endfacet
  facet normal 0 0 1
    outer loop
      vertex 149.963 242.55 5.08
      vertex 146.037 242.55 5.08
      vertex 149.963 26.05 5.08
    endloop
  endfacet
  facet normal 0 0 1
    outer loop
      vertex 150.55 244.75 5.08
      vertex 146.037 242.55 5.08
      vertex 149.963 242.55 5.08
    endloop
  endfacet
  facet normal 0 -0 1
    outer loop
      vertex 146.037 242.55 5.08
      vertex 150.55 244.75 5.08
      vertex 145.45 244.75 5.08
    endloop
  endfacet
  facet normal -0 0 1
    outer loop
      vertex 149.963 242.55 5.08
      vertex 153 26.05 5.08
      vertex 153 242.55 5.08
    endloop
  endfacet
  facet normal 0 0 1
    outer loop
      vertex 153 26.05 5.08
      vertex 149.963 242.55 5.08
      vertex 149.963 26.05 5.08
    endloop
  endfacet
  facet normal 0 0 1
    outer loop
      vertex 146.037 26.05 5.08
      vertex 149.963 26.05 5.08
      vertex 146.037 242.55 5.08
    endloop
  endfacet
  facet normal -0 0 1
    outer loop
      vertex 146.037 26.05 5.08
      vertex 150.55 23.85 5.08
      vertex 149.963 26.05 5.08
    endloop
  endfacet
  facet normal 0 0 1
    outer loop
      vertex 150.55 23.85 5.08
      vertex 146.037 26.05 5.08
      vertex 145.45 23.85 5.08
    endloop
  endfacet
  facet normal 0 0 -1
    outer loop
      vertex 143 26.05 0
      vertex 153 242.55 0
      vertex 153 26.05 0
    endloop
  endfacet
  facet normal -0 0 -1
    outer loop
      vertex 153 242.55 0
      vertex 143 26.05 0
      vertex 143 242.55 0
    endloop
  endfacet
  facet normal -1 0 0
    outer loop
      vertex 143 26.05 0
      vertex 143 242.55 5.08
      vertex 143 242.55 0
    endloop
  endfacet
  facet normal -1 -0 0
    outer loop
      vertex 143 242.55 5.08
      vertex 143 26.05 0
      vertex 143 26.05 5.08
    endloop
  endfacet
  facet normal 0 1 0
    outer loop
      vertex 153 242.55 5.08
      vertex 149.963 242.55 1
      vertex 149.963 242.55 5.08
    endloop
  endfacet
  facet normal 0 1 0
    outer loop
      vertex 149.963 242.55 1
      vertex 153 242.55 0
      vertex 146.037 242.55 1
    endloop
  endfacet
  facet normal 0 1 -0
    outer loop
      vertex 153 242.55 0
      vertex 149.963 242.55 1
      vertex 153 242.55 5.08
    endloop
  endfacet
  facet normal 0 1 -0
    outer loop
      vertex 146.037 242.55 1
      vertex 143 242.55 5.08
      vertex 146.037 242.55 5.08
    endloop
  endfacet
  facet normal 0 1 0
    outer loop
      vertex 146.037 242.55 1
      vertex 143 242.55 0
      vertex 143 242.55 5.08
    endloop
  endfacet
  facet normal 0 1 0
    outer loop
      vertex 143 242.55 0
      vertex 146.037 242.55 1
      vertex 153 242.55 0
    endloop
  endfacet
  facet normal 0 -1 0
    outer loop
      vertex 143 26.05 5.08
      vertex 146.037 26.05 1
      vertex 146.037 26.05 5.08
    endloop
  endfacet
  facet normal 0 -1 -0
    outer loop
      vertex 146.037 26.05 1
      vertex 143 26.05 0
      vertex 149.963 26.05 1
    endloop
  endfacet
  facet normal 0 -1 0
    outer loop
      vertex 143 26.05 0
      vertex 146.037 26.05 1
      vertex 143 26.05 5.08
    endloop
  endfacet
  facet normal 0 -1 0
    outer loop
      vertex 149.963 26.05 1
      vertex 153 26.05 5.08
      vertex 149.963 26.05 5.08
    endloop
  endfacet
  facet normal 0 -1 0
    outer loop
      vertex 149.963 26.05 1
      vertex 153 26.05 0
      vertex 153 26.05 5.08
    endloop
  endfacet
  facet normal 0 -1 0
    outer loop
      vertex 153 26.05 0
      vertex 149.963 26.05 1
      vertex 143 26.05 0
    endloop
  endfacet
  facet normal 0 0 -1
    outer loop
      vertex 150.55 23.85 1
      vertex 146.037 26.05 1
      vertex 149.963 26.05 1
    endloop
  endfacet
  facet normal 0 -0 -1
    outer loop
      vertex 146.037 26.05 1
      vertex 150.55 23.85 1
      vertex 145.45 23.85 1
    endloop
  endfacet
  facet normal -0.966198 0.257799 0
    outer loop
      vertex 145.45 23.85 1
      vertex 146.037 26.05 5.08
      vertex 146.037 26.05 1
    endloop
  endfacet
  facet normal -0.966198 0.257799 0
    outer loop
      vertex 146.037 26.05 5.08
      vertex 145.45 23.85 1
      vertex 145.45 23.85 5.08
    endloop
  endfacet
  facet normal 0.966198 0.257799 0
    outer loop
      vertex 150.55 23.85 5.08
      vertex 149.963 26.05 1
      vertex 149.963 26.05 5.08
    endloop
  endfacet
  facet normal 0.966198 0.257799 0
    outer loop
      vertex 149.963 26.05 1
      vertex 150.55 23.85 5.08
      vertex 150.55 23.85 1
    endloop
  endfacet
  facet normal 0 -1 0
    outer loop
      vertex 145.45 23.85 1
      vertex 150.55 23.85 5.08
      vertex 145.45 23.85 5.08
    endloop
  endfacet
  facet normal 0 -1 -0
    outer loop
      vertex 150.55 23.85 5.08
      vertex 145.45 23.85 1
      vertex 150.55 23.85 1
    endloop
  endfacet
  facet normal 0.966198 -0.257799 0
    outer loop
      vertex 149.963 242.55 5.08
      vertex 150.55 244.75 1
      vertex 150.55 244.75 5.08
    endloop
  endfacet
  facet normal 0.966198 -0.257799 0
    outer loop
      vertex 150.55 244.75 1
      vertex 149.963 242.55 5.08
      vertex 149.963 242.55 1
    endloop
  endfacet
  facet normal 0 0 -1
    outer loop
      vertex 146.037 242.55 1
      vertex 150.55 244.75 1
      vertex 149.963 242.55 1
    endloop
  endfacet
  facet normal -0 0 -1
    outer loop
      vertex 150.55 244.75 1
      vertex 146.037 242.55 1
      vertex 145.45 244.75 1
    endloop
  endfacet
  facet normal 0 1 -0
    outer loop
      vertex 150.55 244.75 1
      vertex 145.45 244.75 5.08
      vertex 150.55 244.75 5.08
    endloop
  endfacet
  facet normal 0 1 0
    outer loop
      vertex 145.45 244.75 5.08
      vertex 150.55 244.75 1
      vertex 145.45 244.75 1
    endloop
  endfacet
  facet normal -0.966198 -0.257799 0
    outer loop
      vertex 146.037 242.55 1
      vertex 145.45 244.75 5.08
      vertex 145.45 244.75 1
    endloop
  endfacet
  facet normal -0.966198 -0.257799 0
    outer loop
      vertex 145.45 244.75 5.08
      vertex 146.037 242.55 1
      vertex 146.037 242.55 5.08
    endloop
  endfacet
  facet normal 1 -0 0
    outer loop
      vertex 166 26.05 5.08
      vertex 166 242.55 0
      vertex 166 242.55 5.08
    endloop
  endfacet
  facet normal 1 0 0
    outer loop
      vertex 166 242.55 0
      vertex 166 26.05 5.08
      vertex 166 26.05 0
    endloop
  endfacet
  facet normal -0 0 1
    outer loop
      vertex 156 242.55 5.08
      vertex 159.037 26.05 5.08
      vertex 159.037 242.55 5.08
    endloop
  endfacet
  facet normal 0 0 1
    outer loop
      vertex 159.037 26.05 5.08
      vertex 156 242.55 5.08
      vertex 156 26.05 5.08
    endloop
  endfacet
  facet normal 0 0 1
    outer loop
      vertex 162.963 242.55 5.08
      vertex 159.037 242.55 5.08
      vertex 162.963 26.05 5.08
    endloop
  endfacet
  facet normal 0 0 1
    outer loop
      vertex 163.55 244.75 5.08
      vertex 159.037 242.55 5.08
      vertex 162.963 242.55 5.08
    endloop
  endfacet
  facet normal 0 -0 1
    outer loop
      vertex 159.037 242.55 5.08
      vertex 163.55 244.75 5.08
      vertex 158.45 244.75 5.08
    endloop
  endfacet
  facet normal -0 0 1
    outer loop
      vertex 162.963 242.55 5.08
      vertex 166 26.05 5.08
      vertex 166 242.55 5.08
    endloop
  endfacet
  facet normal 0 0 1
    outer loop
      vertex 166 26.05 5.08
      vertex 162.963 242.55 5.08
      vertex 162.963 26.05 5.08
    endloop
  endfacet
  facet normal 0 0 1
    outer loop
      vertex 159.037 26.05 5.08
      vertex 162.963 26.05 5.08
      vertex 159.037 242.55 5.08
    endloop
  endfacet
  facet normal -0 0 1
    outer loop
      vertex 159.037 26.05 5.08
      vertex 163.55 23.85 5.08
      vertex 162.963 26.05 5.08
    endloop
  endfacet
  facet normal 0 0 1
    outer loop
      vertex 163.55 23.85 5.08
      vertex 159.037 26.05 5.08
      vertex 158.45 23.85 5.08
    endloop
  endfacet
  facet normal 0 0 -1
    outer loop
      vertex 156 26.05 0
      vertex 166 242.55 0
      vertex 166 26.05 0
    endloop
  endfacet
  facet normal -0 0 -1
    outer loop
      vertex 166 242.55 0
      vertex 156 26.05 0
      vertex 156 242.55 0
    endloop
  endfacet
  facet normal -1 0 0
    outer loop
      vertex 156 26.05 0
      vertex 156 242.55 5.08
      vertex 156 242.55 0
    endloop
  endfacet
  facet normal -1 -0 0
    outer loop
      vertex 156 242.55 5.08
      vertex 156 26.05 0
      vertex 156 26.05 5.08
    endloop
  endfacet
  facet normal 0 1 0
    outer loop
      vertex 166 242.55 5.08
      vertex 162.963 242.55 1
      vertex 162.963 242.55 5.08
    endloop
  endfacet
  facet normal 0 1 0
    outer loop
      vertex 162.963 242.55 1
      vertex 166 242.55 0
      vertex 159.037 242.55 1
    endloop
  endfacet
  facet normal 0 1 -0
    outer loop
      vertex 166 242.55 0
      vertex 162.963 242.55 1
      vertex 166 242.55 5.08
    endloop
  endfacet
  facet normal 0 1 -0
    outer loop
      vertex 159.037 242.55 1
      vertex 156 242.55 5.08
      vertex 159.037 242.55 5.08
    endloop
  endfacet
  facet normal 0 1 0
    outer loop
      vertex 159.037 242.55 1
      vertex 156 242.55 0
      vertex 156 242.55 5.08
    endloop
  endfacet
  facet normal 0 1 0
    outer loop
      vertex 156 242.55 0
      vertex 159.037 242.55 1
      vertex 166 242.55 0
    endloop
  endfacet
  facet normal 0 -1 0
    outer loop
      vertex 156 26.05 5.08
      vertex 159.037 26.05 1
      vertex 159.037 26.05 5.08
    endloop
  endfacet
  facet normal 0 -1 -0
    outer loop
      vertex 159.037 26.05 1
      vertex 156 26.05 0
      vertex 162.963 26.05 1
    endloop
  endfacet
  facet normal 0 -1 0
    outer loop
      vertex 156 26.05 0
      vertex 159.037 26.05 1
      vertex 156 26.05 5.08
    endloop
  endfacet
  facet normal 0 -1 0
    outer loop
      vertex 162.963 26.05 1
      vertex 166 26.05 5.08
      vertex 162.963 26.05 5.08
    endloop
  endfacet
  facet normal 0 -1 0
    outer loop
      vertex 162.963 26.05 1
      vertex 166 26.05 0
      vertex 166 26.05 5.08
    endloop
  endfacet
  facet normal 0 -1 0
    outer loop
      vertex 166 26.05 0
      vertex 162.963 26.05 1
      vertex 156 26.05 0
    endloop
  endfacet
  facet normal 0 0 -1
    outer loop
      vertex 163.55 23.85 1
      vertex 159.037 26.05 1
      vertex 162.963 26.05 1
    endloop
  endfacet
  facet normal 0 -0 -1
    outer loop
      vertex 159.037 26.05 1
      vertex 163.55 23.85 1
      vertex 158.45 23.85 1
    endloop
  endfacet
  facet normal -0.966198 0.257799 0
    outer loop
      vertex 158.45 23.85 1
      vertex 159.037 26.05 5.08
      vertex 159.037 26.05 1
    endloop
  endfacet
  facet normal -0.966198 0.257799 0
    outer loop
      vertex 159.037 26.05 5.08
      vertex 158.45 23.85 1
      vertex 158.45 23.85 5.08
    endloop
  endfacet
  facet normal 0.966198 0.257799 0
    outer loop
      vertex 163.55 23.85 5.08
      vertex 162.963 26.05 1
      vertex 162.963 26.05 5.08
    endloop
  endfacet
  facet normal 0.966198 0.257799 0
    outer loop
      vertex 162.963 26.05 1
      vertex 163.55 23.85 5.08
      vertex 163.55 23.85 1
    endloop
  endfacet
  facet normal 0 -1 0
    outer loop
      vertex 158.45 23.85 1
      vertex 163.55 23.85 5.08
      vertex 158.45 23.85 5.08
    endloop
  endfacet
  facet normal 0 -1 -0
    outer loop
      vertex 163.55 23.85 5.08
      vertex 158.45 23.85 1
      vertex 163.55 23.85 1
    endloop
  endfacet
  facet normal 0.966198 -0.257799 0
    outer loop
      vertex 162.963 242.55 5.08
      vertex 163.55 244.75 1
      vertex 163.55 244.75 5.08
    endloop
  endfacet
  facet normal 0.966198 -0.257799 0
    outer loop
      vertex 163.55 244.75 1
      vertex 162.963 242.55 5.08
      vertex 162.963 242.55 1
    endloop
  endfacet
  facet normal 0 0 -1
    outer loop
      vertex 159.037 242.55 1
      vertex 163.55 244.75 1
      vertex 162.963 242.55 1
    endloop
  endfacet
  facet normal -0 0 -1
    outer loop
      vertex 163.55 244.75 1
      vertex 159.037 242.55 1
      vertex 158.45 244.75 1
    endloop
  endfacet
  facet normal 0 1 -0
    outer loop
      vertex 163.55 244.75 1
      vertex 158.45 244.75 5.08
      vertex 163.55 244.75 5.08
    endloop
  endfacet
  facet normal 0 1 0
    outer loop
      vertex 158.45 244.75 5.08
      vertex 163.55 244.75 1
      vertex 158.45 244.75 1
    endloop
  endfacet
  facet normal -0.966198 -0.257799 0
    outer loop
      vertex 159.037 242.55 1
      vertex 158.45 244.75 5.08
      vertex 158.45 244.75 1
    endloop
  endfacet
  facet normal -0.966198 -0.257799 0
    outer loop
      vertex 158.45 244.75 5.08
      vertex 159.037 242.55 1
      vertex 159.037 242.55 5.08
    endloop
  endfacet
  facet normal 1 -0 0
    outer loop
      vertex 179 26.05 5.08
      vertex 179 242.55 0
      vertex 179 242.55 5.08
    endloop
  endfacet
  facet normal 1 0 0
    outer loop
      vertex 179 242.55 0
      vertex 179 26.05 5.08
      vertex 179 26.05 0
    endloop
  endfacet
  facet normal -0 0 1
    outer loop
      vertex 169 242.55 5.08
      vertex 172.037 26.05 5.08
      vertex 172.037 242.55 5.08
    endloop
  endfacet
  facet normal 0 0 1
    outer loop
      vertex 172.037 26.05 5.08
      vertex 169 242.55 5.08
      vertex 169 26.05 5.08
    endloop
  endfacet
  facet normal 0 0 1
    outer loop
      vertex 175.963 242.55 5.08
      vertex 172.037 242.55 5.08
      vertex 175.963 26.05 5.08
    endloop
  endfacet
  facet normal 0 0 1
    outer loop
      vertex 176.55 244.75 5.08
      vertex 172.037 242.55 5.08
      vertex 175.963 242.55 5.08
    endloop
  endfacet
  facet normal 0 -0 1
    outer loop
      vertex 172.037 242.55 5.08
      vertex 176.55 244.75 5.08
      vertex 171.45 244.75 5.08
    endloop
  endfacet
  facet normal -0 0 1
    outer loop
      vertex 175.963 242.55 5.08
      vertex 179 26.05 5.08
      vertex 179 242.55 5.08
    endloop
  endfacet
  facet normal 0 0 1
    outer loop
      vertex 179 26.05 5.08
      vertex 175.963 242.55 5.08
      vertex 175.963 26.05 5.08
    endloop
  endfacet
  facet normal 0 0 1
    outer loop
      vertex 172.037 26.05 5.08
      vertex 175.963 26.05 5.08
      vertex 172.037 242.55 5.08
    endloop
  endfacet
  facet normal -0 0 1
    outer loop
      vertex 172.037 26.05 5.08
      vertex 176.55 23.85 5.08
      vertex 175.963 26.05 5.08
    endloop
  endfacet
  facet normal 0 0 1
    outer loop
      vertex 176.55 23.85 5.08
      vertex 172.037 26.05 5.08
      vertex 171.45 23.85 5.08
    endloop
  endfacet
  facet normal 0 0 -1
    outer loop
      vertex 169 26.05 0
      vertex 179 242.55 0
      vertex 179 26.05 0
    endloop
  endfacet
  facet normal -0 0 -1
    outer loop
      vertex 179 242.55 0
      vertex 169 26.05 0
      vertex 169 242.55 0
    endloop
  endfacet
  facet normal -1 0 0
    outer loop
      vertex 169 26.05 0
      vertex 169 242.55 5.08
      vertex 169 242.55 0
    endloop
  endfacet
  facet normal -1 -0 0
    outer loop
      vertex 169 242.55 5.08
      vertex 169 26.05 0
      vertex 169 26.05 5.08
    endloop
  endfacet
  facet normal 0 1 0
    outer loop
      vertex 179 242.55 5.08
      vertex 175.963 242.55 1
      vertex 175.963 242.55 5.08
    endloop
  endfacet
  facet normal 0 1 0
    outer loop
      vertex 175.963 242.55 1
      vertex 179 242.55 0
      vertex 172.037 242.55 1
    endloop
  endfacet
  facet normal 0 1 -0
    outer loop
      vertex 179 242.55 0
      vertex 175.963 242.55 1
      vertex 179 242.55 5.08
    endloop
  endfacet
  facet normal 0 1 -0
    outer loop
      vertex 172.037 242.55 1
      vertex 169 242.55 5.08
      vertex 172.037 242.55 5.08
    endloop
  endfacet
  facet normal 0 1 0
    outer loop
      vertex 172.037 242.55 1
      vertex 169 242.55 0
      vertex 169 242.55 5.08
    endloop
  endfacet
  facet normal 0 1 0
    outer loop
      vertex 169 242.55 0
      vertex 172.037 242.55 1
      vertex 179 242.55 0
    endloop
  endfacet
  facet normal 0 -1 0
    outer loop
      vertex 169 26.05 5.08
      vertex 172.037 26.05 1
      vertex 172.037 26.05 5.08
    endloop
  endfacet
  facet normal 0 -1 -0
    outer loop
      vertex 172.037 26.05 1
      vertex 169 26.05 0
      vertex 175.963 26.05 1
    endloop
  endfacet
  facet normal 0 -1 0
    outer loop
      vertex 169 26.05 0
      vertex 172.037 26.05 1
      vertex 169 26.05 5.08
    endloop
  endfacet
  facet normal 0 -1 0
    outer loop
      vertex 175.963 26.05 1
      vertex 179 26.05 5.08
      vertex 175.963 26.05 5.08
    endloop
  endfacet
  facet normal 0 -1 0
    outer loop
      vertex 175.963 26.05 1
      vertex 179 26.05 0
      vertex 179 26.05 5.08
    endloop
  endfacet
  facet normal 0 -1 0
    outer loop
      vertex 179 26.05 0
      vertex 175.963 26.05 1
      vertex 169 26.05 0
    endloop
  endfacet
  facet normal 0 0 -1
    outer loop
      vertex 176.55 23.85 1
      vertex 172.037 26.05 1
      vertex 175.963 26.05 1
    endloop
  endfacet
  facet normal 0 -0 -1
    outer loop
      vertex 172.037 26.05 1
      vertex 176.55 23.85 1
      vertex 171.45 23.85 1
    endloop
  endfacet
  facet normal -0.966198 0.257799 0
    outer loop
      vertex 171.45 23.85 1
      vertex 172.037 26.05 5.08
      vertex 172.037 26.05 1
    endloop
  endfacet
  facet normal -0.966198 0.257799 0
    outer loop
      vertex 172.037 26.05 5.08
      vertex 171.45 23.85 1
      vertex 171.45 23.85 5.08
    endloop
  endfacet
  facet normal 0.966198 0.257799 0
    outer loop
      vertex 176.55 23.85 5.08
      vertex 175.963 26.05 1
      vertex 175.963 26.05 5.08
    endloop
  endfacet
  facet normal 0.966198 0.257799 0
    outer loop
      vertex 175.963 26.05 1
      vertex 176.55 23.85 5.08
      vertex 176.55 23.85 1
    endloop
  endfacet
  facet normal 0 -1 0
    outer loop
      vertex 171.45 23.85 1
      vertex 176.55 23.85 5.08
      vertex 171.45 23.85 5.08
    endloop
  endfacet
  facet normal 0 -1 -0
    outer loop
      vertex 176.55 23.85 5.08
      vertex 171.45 23.85 1
      vertex 176.55 23.85 1
    endloop
  endfacet
  facet normal 0.966198 -0.257799 0
    outer loop
      vertex 175.963 242.55 5.08
      vertex 176.55 244.75 1
      vertex 176.55 244.75 5.08
    endloop
  endfacet
  facet normal 0.966198 -0.257799 0
    outer loop
      vertex 176.55 244.75 1
      vertex 175.963 242.55 5.08
      vertex 175.963 242.55 1
    endloop
  endfacet
  facet normal 0 0 -1
    outer loop
      vertex 172.037 242.55 1
      vertex 176.55 244.75 1
      vertex 175.963 242.55 1
    endloop
  endfacet
  facet normal -0 0 -1
    outer loop
      vertex 176.55 244.75 1
      vertex 172.037 242.55 1
      vertex 171.45 244.75 1
    endloop
  endfacet
  facet normal 0 1 -0
    outer loop
      vertex 176.55 244.75 1
      vertex 171.45 244.75 5.08
      vertex 176.55 244.75 5.08
    endloop
  endfacet
  facet normal 0 1 0
    outer loop
      vertex 171.45 244.75 5.08
      vertex 176.55 244.75 1
      vertex 171.45 244.75 1
    endloop
  endfacet
  facet normal -0.966198 -0.257799 0
    outer loop
      vertex 172.037 242.55 1
      vertex 171.45 244.75 5.08
      vertex 171.45 244.75 1
    endloop
  endfacet
  facet normal -0.966198 -0.257799 0
    outer loop
      vertex 171.45 244.75 5.08
      vertex 172.037 242.55 1
      vertex 172.037 242.55 5.08
    endloop
  endfacet
  facet normal -0.98918 -0.146705 0
    outer loop
      vertex 0.422724 279.958 0
      vertex 0.105935 282.094 5.08
      vertex 0.105935 282.094 0
    endloop
  endfacet
  facet normal -0.98918 -0.146705 0
    outer loop
      vertex 0.105935 282.094 5.08
      vertex 0.422724 279.958 0
      vertex 0.422724 279.958 5.08
    endloop
  endfacet
  facet normal -1 0 0
    outer loop
      vertex 0 284.25 0
      vertex 0 468.85 2.58
      vertex 0 468.85 0
    endloop
  endfacet
  facet normal -1 -0 0
    outer loop
      vertex 0 468.85 2.58
      vertex 0 284.25 0
      vertex 0 284.25 2.58
    endloop
  endfacet
  facet normal -0.998796 -0.049056 0
    outer loop
      vertex 0 284.25 0
      vertex 0.0499992 283.232 2.58
      vertex 0 284.25 2.58
    endloop
  endfacet
  facet normal -0.998795 -0.0490758 -7.82067e-06
    outer loop
      vertex 0.105935 282.094 0
      vertex 0.0499992 283.232 2.58
      vertex 0 284.25 0
    endloop
  endfacet
  facet normal -0.998794 -0.0490935 -0
    outer loop
      vertex 0.105935 282.094 5.08
      vertex 0.0499992 283.232 2.58
      vertex 0.105935 282.094 0
    endloop
  endfacet
  facet normal -0.998794 -0.0490935 0
    outer loop
      vertex 0.0499992 283.232 2.58
      vertex 0.105935 282.094 5.08
      vertex 0.0499992 283.232 5.08
    endloop
  endfacet
  facet normal -0.740806 0.671719 0
    outer loop
      vertex 4.99377 482.807 0
      vertex 6.44365 484.406 5.08
      vertex 6.44365 484.406 0
    endloop
  endfacet
  facet normal -0.740806 0.671719 0
    outer loop
      vertex 6.44365 484.406 5.08
      vertex 4.99377 482.807 0
      vertex 4.99377 482.807 5.08
    endloop
  endfacet
  facet normal -0.595392 0.803436 0.000173742
    outer loop
      vertex 8.92972 486.514 4.08
      vertex 9.77745 487.142 5.08
      vertex 9.58554 487 4.08
    endloop
  endfacet
  facet normal -0.594807 0.803869 0
    outer loop
      vertex 9.77745 487.142 0
      vertex 9.58554 487 4.08
      vertex 9.77745 487.142 5.08
    endloop
  endfacet
  facet normal -0.594807 0.803869 0
    outer loop
      vertex 9.58554 487 4.08
      vertex 9.77745 487.142 0
      vertex 9.58554 487 0
    endloop
  endfacet
  facet normal -0.59567 0.803229 0.000540078
    outer loop
      vertex 9.77745 487.142 5.08
      vertex 8.92972 486.514 4.08
      vertex 8.04335 485.856 5.08
    endloop
  endfacet
  facet normal -0.596063 0.802937 0
    outer loop
      vertex 8.04335 485.856 0
      vertex 8.92972 486.514 4.08
      vertex 8.92972 486.514 0
    endloop
  endfacet
  facet normal -0.596063 0.802937 0
    outer loop
      vertex 8.92972 486.514 4.08
      vertex 8.04335 485.856 0
      vertex 8.04335 485.856 5.08
    endloop
  endfacet
  facet normal -0.970024 -0.24301 0
    outer loop
      vertex 0.947312 277.864 0
      vertex 0.422724 279.958 5.08
      vertex 0.422724 279.958 0
    endloop
  endfacet
  facet normal -0.970024 -0.24301 0
    outer loop
      vertex 0.422724 279.958 5.08
      vertex 0.947312 277.864 0
      vertex 0.947312 277.864 5.08
    endloop
  endfacet
  facet normal -0.80319 -0.595723 0
    outer loop
      vertex 4.99377 270.293 0
      vertex 3.70767 272.027 5.08
      vertex 3.70767 272.027 0
    endloop
  endfacet
  facet normal -0.80319 -0.595723 0
    outer loop
      vertex 3.70767 272.027 5.08
      vertex 4.99377 270.293 0
      vertex 4.99377 270.293 5.08
    endloop
  endfacet
  facet normal -0.740806 -0.671719 0
    outer loop
      vertex 6.44365 268.694 0
      vertex 4.99377 270.293 5.08
      vertex 4.99377 270.293 0
    endloop
  endfacet
  facet normal -0.740806 -0.671719 0
    outer loop
      vertex 4.99377 270.293 5.08
      vertex 6.44365 268.694 0
      vertex 6.44365 268.694 5.08
    endloop
  endfacet
  facet normal -0.970024 0.24301 0
    outer loop
      vertex 0.422724 473.142 0
      vertex 0.947312 475.236 5.08
      vertex 0.947312 475.236 0
    endloop
  endfacet
  facet normal -0.970024 0.24301 0
    outer loop
      vertex 0.947312 475.236 5.08
      vertex 0.422724 473.142 0
      vertex 0.422724 473.142 5.08
    endloop
  endfacet
  facet normal -0.998794 0.0490935 0
    outer loop
      vertex 0.105935 471.006 0
      vertex 0.0499992 469.868 2.58
      vertex 0.105935 471.006 5.08
    endloop
  endfacet
  facet normal -0.998795 0.0490758 -7.82067e-06
    outer loop
      vertex 0 468.85 0
      vertex 0.0499992 469.868 2.58
      vertex 0.105935 471.006 0
    endloop
  endfacet
  facet normal -0.998796 0.049056 0
    outer loop
      vertex 0.0499992 469.868 2.58
      vertex 0 468.85 0
      vertex 0 468.85 2.58
    endloop
  endfacet
  facet normal -0.998794 0.0490935 0
    outer loop
      vertex 0.105935 471.006 5.08
      vertex 0.0499992 469.868 2.58
      vertex 0.0499992 469.868 5.08
    endloop
  endfacet
  facet normal -0 0 1
    outer loop
      vertex -12.7 484.5 5.08
      vertex 0.0499992 469.868 5.08
      vertex 0.0499992 484.5 5.08
    endloop
  endfacet
  facet normal 0 0 1
    outer loop
      vertex 0.0499992 469.868 5.08
      vertex -12.7 484.5 5.08
      vertex 0.0499992 283.232 5.08
    endloop
  endfacet
  facet normal 0 0 1
    outer loop
      vertex -12.7 268.6 5.08
      vertex 0.0499992 283.232 5.08
      vertex -12.7 484.5 5.08
    endloop
  endfacet
  facet normal 0 0 1
    outer loop
      vertex 0.0499992 283.232 5.08
      vertex -12.7 268.6 5.08
      vertex 0.0499992 268.6 5.08
    endloop
  endfacet
  facet normal 0 0 1
    outer loop
      vertex 13.581 489.175 5.08
      vertex 16.35 490.087 5.08
      vertex 15.6137 489.903 5.08
    endloop
  endfacet
  facet normal 0 0 1
    outer loop
      vertex 16.35 490.087 5.08
      vertex 0.0499992 469.868 5.08
      vertex 16.35 263.013 5.08
    endloop
  endfacet
  facet normal 0 0 1
    outer loop
      vertex 16.35 490.087 5.08
      vertex 13.581 489.175 5.08
      vertex 0.0499992 469.868 5.08
    endloop
  endfacet
  facet normal -0 0 1
    outer loop
      vertex 0.0499992 283.232 5.08
      vertex 16.35 263.013 5.08
      vertex 0.0499992 469.868 5.08
    endloop
  endfacet
  facet normal 0 0 1
    outer loop
      vertex 0.0499992 469.868 5.08
      vertex 13.581 489.175 5.08
      vertex 11.6293 488.252 5.08
    endloop
  endfacet
  facet normal -0 -0 1
    outer loop
      vertex 13.581 263.925 5.08
      vertex 16.35 263.013 5.08
      vertex 0.0499992 283.232 5.08
    endloop
  endfacet
  facet normal 0 0 1
    outer loop
      vertex 0.0499992 469.868 5.08
      vertex 11.6293 488.252 5.08
      vertex 9.77745 487.142 5.08
    endloop
  endfacet
  facet normal 0 0 1
    outer loop
      vertex 16.35 263.013 5.08
      vertex 13.581 263.925 5.08
      vertex 15.6137 263.197 5.08
    endloop
  endfacet
  facet normal 0 0 1
    outer loop
      vertex 0.0499992 469.868 5.08
      vertex 9.77745 487.142 5.08
      vertex 8.04335 485.856 5.08
    endloop
  endfacet
  facet normal 0 0 1
    outer loop
      vertex 13.581 263.925 5.08
      vertex 0.0499992 283.232 5.08
      vertex 11.6293 264.848 5.08
    endloop
  endfacet
  facet normal 0 0 1
    outer loop
      vertex 0.0499992 469.868 5.08
      vertex 8.04335 485.856 5.08
      vertex 6.44365 484.406 5.08
    endloop
  endfacet
  facet normal 0 0 1
    outer loop
      vertex 11.6293 264.848 5.08
      vertex 0.0499992 283.232 5.08
      vertex 9.77745 265.958 5.08
    endloop
  endfacet
  facet normal 0 0 1
    outer loop
      vertex 0.0499992 469.868 5.08
      vertex 6.44365 484.406 5.08
      vertex 4.99377 482.807 5.08
    endloop
  endfacet
  facet normal 0 0 1
    outer loop
      vertex 9.77745 265.958 5.08
      vertex 0.0499992 283.232 5.08
      vertex 8.04335 267.244 5.08
    endloop
  endfacet
  facet normal 0 0 1
    outer loop
      vertex 0.0499992 469.868 5.08
      vertex 4.99377 482.807 5.08
      vertex 3.70767 481.073 5.08
    endloop
  endfacet
  facet normal 0 0 1
    outer loop
      vertex 8.04335 267.244 5.08
      vertex 0.0499992 283.232 5.08
      vertex 6.44365 268.694 5.08
    endloop
  endfacet
  facet normal 0 0 1
    outer loop
      vertex 0.0499992 469.868 5.08
      vertex 3.70767 481.073 5.08
      vertex 2.59773 479.221 5.08
    endloop
  endfacet
  facet normal 0 0 1
    outer loop
      vertex 6.44365 268.694 5.08
      vertex 0.0499992 283.232 5.08
      vertex 4.99377 270.293 5.08
    endloop
  endfacet
  facet normal 0 0 1
    outer loop
      vertex 0.0499992 469.868 5.08
      vertex 2.59773 479.221 5.08
      vertex 1.67465 477.269 5.08
    endloop
  endfacet
  facet normal 0 0 1
    outer loop
      vertex 4.99377 270.293 5.08
      vertex 0.0499992 283.232 5.08
      vertex 3.70767 272.027 5.08
    endloop
  endfacet
  facet normal 0 0 1
    outer loop
      vertex 0.0499992 469.868 5.08
      vertex 1.67465 477.269 5.08
      vertex 0.947312 475.236 5.08
    endloop
  endfacet
  facet normal 0 0 1
    outer loop
      vertex 3.70767 272.027 5.08
      vertex 0.0499992 283.232 5.08
      vertex 2.59773 273.879 5.08
    endloop
  endfacet
  facet normal 0 0 1
    outer loop
      vertex 0.0499992 469.868 5.08
      vertex 0.947312 475.236 5.08
      vertex 0.422724 473.142 5.08
    endloop
  endfacet
  facet normal 0 0 1
    outer loop
      vertex 2.59773 273.879 5.08
      vertex 0.0499992 283.232 5.08
      vertex 1.67465 275.831 5.08
    endloop
  endfacet
  facet normal 0 0 1
    outer loop
      vertex 0.0499992 469.868 5.08
      vertex 0.422724 473.142 5.08
      vertex 0.105935 471.006 5.08
    endloop
  endfacet
  facet normal 0 0 1
    outer loop
      vertex 1.67465 275.831 5.08
      vertex 0.0499992 283.232 5.08
      vertex 0.947312 277.864 5.08
    endloop
  endfacet
  facet normal 0 0 1
    outer loop
      vertex 0.947312 277.864 5.08
      vertex 0.0499992 283.232 5.08
      vertex 0.422724 279.958 5.08
    endloop
  endfacet
  facet normal 0 0 1
    outer loop
      vertex 0.422724 279.958 5.08
      vertex 0.0499992 283.232 5.08
      vertex 0.105935 282.094 5.08
    endloop
  endfacet
  facet normal -0.904016 -0.427499 0
    outer loop
      vertex 2.59773 273.879 0
      vertex 1.67465 275.831 5.08
      vertex 1.67465 275.831 0
    endloop
  endfacet
  facet normal -0.904016 -0.427499 0
    outer loop
      vertex 1.67465 275.831 5.08
      vertex 2.59773 273.879 0
      vertex 2.59773 273.879 5.08
    endloop
  endfacet
  facet normal -0.671589 0.740924 0
    outer loop
      vertex 8.04335 485.856 0
      vertex 6.44365 484.406 5.08
      vertex 8.04335 485.856 5.08
    endloop
  endfacet
  facet normal -0.671589 0.740924 0
    outer loop
      vertex 6.44365 484.406 5.08
      vertex 8.04335 485.856 0
      vertex 6.44365 484.406 0
    endloop
  endfacet
  facet normal -0.941556 0.336857 0
    outer loop
      vertex 0.947312 475.236 0
      vertex 1.67465 477.269 5.08
      vertex 1.67465 477.269 0
    endloop
  endfacet
  facet normal -0.941556 0.336857 0
    outer loop
      vertex 1.67465 477.269 5.08
      vertex 0.947312 475.236 0
      vertex 0.947312 475.236 5.08
    endloop
  endfacet
  facet normal -0.85775 0.514067 0
    outer loop
      vertex 2.59773 479.221 0
      vertex 3.70767 481.073 5.08
      vertex 3.70767 481.073 0
    endloop
  endfacet
  facet normal -0.85775 0.514067 0
    outer loop
      vertex 3.70767 481.073 5.08
      vertex 2.59773 479.221 0
      vertex 2.59773 479.221 5.08
    endloop
  endfacet
  facet normal -0.904016 0.427499 0
    outer loop
      vertex 1.67465 477.269 0
      vertex 2.59773 479.221 5.08
      vertex 2.59773 479.221 0
    endloop
  endfacet
  facet normal -0.904016 0.427499 0
    outer loop
      vertex 2.59773 479.221 5.08
      vertex 1.67465 477.269 0
      vertex 1.67465 477.269 5.08
    endloop
  endfacet
  facet normal -0.337172 -0.941443 0
    outer loop
      vertex 13.581 263.925 0
      vertex 15.6137 263.197 5.08
      vertex 13.581 263.925 5.08
    endloop
  endfacet
  facet normal -0.337172 -0.941443 -0
    outer loop
      vertex 15.6137 263.197 5.08
      vertex 13.581 263.925 0
      vertex 15.6137 263.197 0
    endloop
  endfacet
  facet normal -0.242443 -0.970166 0
    outer loop
      vertex 15.6137 263.197 0
      vertex 16.35 263.013 5.08
      vertex 15.6137 263.197 5.08
    endloop
  endfacet
  facet normal -0.242443 -0.970166 -0
    outer loop
      vertex 16.35 263.013 5.08
      vertex 15.6137 263.197 0
      vertex 16.35 263.013 0
    endloop
  endfacet
  facet normal -0.98918 0.146705 0
    outer loop
      vertex 0.105935 471.006 0
      vertex 0.422724 473.142 5.08
      vertex 0.422724 473.142 0
    endloop
  endfacet
  facet normal -0.98918 0.146705 0
    outer loop
      vertex 0.422724 473.142 5.08
      vertex 0.105935 471.006 0
      vertex 0.105935 471.006 5.08
    endloop
  endfacet
  facet normal -0.59567 -0.803229 0.000540078
    outer loop
      vertex 8.04335 267.244 5.08
      vertex 8.92972 266.586 4.08
      vertex 9.77745 265.958 5.08
    endloop
  endfacet
  facet normal -0.596063 -0.802937 0
    outer loop
      vertex 8.04335 267.244 0
      vertex 8.92972 266.586 4.08
      vertex 8.04335 267.244 5.08
    endloop
  endfacet
  facet normal -0.596063 -0.802937 -0
    outer loop
      vertex 8.92972 266.586 4.08
      vertex 8.04335 267.244 0
      vertex 8.92972 266.586 0
    endloop
  endfacet
  facet normal -0.595392 -0.803436 0.000173742
    outer loop
      vertex 9.58554 266.1 4.08
      vertex 9.77745 265.958 5.08
      vertex 8.92972 266.586 4.08
    endloop
  endfacet
  facet normal -0.594807 -0.803869 0
    outer loop
      vertex 9.77745 265.958 0
      vertex 9.58554 266.1 4.08
      vertex 9.58554 266.1 0
    endloop
  endfacet
  facet normal -0.594807 -0.803869 0
    outer loop
      vertex 9.58554 266.1 4.08
      vertex 9.77745 265.958 0
      vertex 9.77745 265.958 5.08
    endloop
  endfacet
  facet normal -0.337172 0.941443 0
    outer loop
      vertex 15.6137 489.903 0
      vertex 13.581 489.175 5.08
      vertex 15.6137 489.903 5.08
    endloop
  endfacet
  facet normal -0.337172 0.941443 0
    outer loop
      vertex 13.581 489.175 5.08
      vertex 15.6137 489.903 0
      vertex 13.581 489.175 0
    endloop
  endfacet
  facet normal -0.514118 0.85772 0
    outer loop
      vertex 11.6293 488.252 0
      vertex 9.77745 487.142 5.08
      vertex 11.6293 488.252 5.08
    endloop
  endfacet
  facet normal -0.514118 0.85772 0
    outer loop
      vertex 9.77745 487.142 5.08
      vertex 11.6293 488.252 0
      vertex 9.77745 487.142 0
    endloop
  endfacet
  facet normal -0.427523 0.904005 0
    outer loop
      vertex 13.581 489.175 0
      vertex 11.6293 488.252 5.08
      vertex 13.581 489.175 5.08
    endloop
  endfacet
  facet normal -0.427523 0.904005 0
    outer loop
      vertex 11.6293 488.252 5.08
      vertex 13.581 489.175 0
      vertex 11.6293 488.252 0
    endloop
  endfacet
  facet normal -0.671589 -0.740924 0
    outer loop
      vertex 6.44365 268.694 0
      vertex 8.04335 267.244 5.08
      vertex 6.44365 268.694 5.08
    endloop
  endfacet
  facet normal -0.671589 -0.740924 -0
    outer loop
      vertex 8.04335 267.244 5.08
      vertex 6.44365 268.694 0
      vertex 8.04335 267.244 0
    endloop
  endfacet
  facet normal -0.427523 -0.904005 0
    outer loop
      vertex 11.6293 264.848 0
      vertex 13.581 263.925 5.08
      vertex 11.6293 264.848 5.08
    endloop
  endfacet
  facet normal -0.427523 -0.904005 -0
    outer loop
      vertex 13.581 263.925 5.08
      vertex 11.6293 264.848 0
      vertex 13.581 263.925 0
    endloop
  endfacet
  facet normal 0 0 -1
    outer loop
      vertex 16.35 263.013 0
      vertex 0 284.25 0
      vertex 16.35 490.087 0
    endloop
  endfacet
  facet normal 0 0 -1
    outer loop
      vertex 0 468.85 0
      vertex 16.35 490.087 0
      vertex 0 284.25 0
    endloop
  endfacet
  facet normal 0 0 -1
    outer loop
      vertex 0 284.25 0
      vertex 8.04335 267.244 0
      vertex 6.44365 268.694 0
    endloop
  endfacet
  facet normal 0 0 -1
    outer loop
      vertex 16.35 490.087 0
      vertex 0 468.85 0
      vertex 8.92972 486.514 0
    endloop
  endfacet
  facet normal 0 0 -1
    outer loop
      vertex 0 284.25 0
      vertex 6.44365 268.694 0
      vertex 4.99377 270.293 0
    endloop
  endfacet
  facet normal 0 -0 -1
    outer loop
      vertex 6.44365 484.406 0
      vertex 8.92972 486.514 0
      vertex 0 468.85 0
    endloop
  endfacet
  facet normal 0 0 -1
    outer loop
      vertex 0 284.25 0
      vertex 4.99377 270.293 0
      vertex 3.70767 272.027 0
    endloop
  endfacet
  facet normal 0 0 -1
    outer loop
      vertex 8.92972 486.514 0
      vertex 6.44365 484.406 0
      vertex 8.04335 485.856 0
    endloop
  endfacet
  facet normal 0 0 -1
    outer loop
      vertex 0 284.25 0
      vertex 3.70767 272.027 0
      vertex 2.59773 273.879 0
    endloop
  endfacet
  facet normal 0 0 -1
    outer loop
      vertex 6.44365 484.406 0
      vertex 0 468.85 0
      vertex 4.99377 482.807 0
    endloop
  endfacet
  facet normal 0 0 -1
    outer loop
      vertex 0 284.25 0
      vertex 2.59773 273.879 0
      vertex 1.67465 275.831 0
    endloop
  endfacet
  facet normal 0 0 -1
    outer loop
      vertex 4.99377 482.807 0
      vertex 0 468.85 0
      vertex 3.70767 481.073 0
    endloop
  endfacet
  facet normal 0 0 -1
    outer loop
      vertex 0 284.25 0
      vertex 1.67465 275.831 0
      vertex 0.947312 277.864 0
    endloop
  endfacet
  facet normal 0 0 -1
    outer loop
      vertex 3.70767 481.073 0
      vertex 0 468.85 0
      vertex 2.59773 479.221 0
    endloop
  endfacet
  facet normal 0 0 -1
    outer loop
      vertex 0 284.25 0
      vertex 0.947312 277.864 0
      vertex 0.422724 279.958 0
    endloop
  endfacet
  facet normal 0 0 -1
    outer loop
      vertex 2.59773 479.221 0
      vertex 0 468.85 0
      vertex 1.67465 477.269 0
    endloop
  endfacet
  facet normal 0 0 -1
    outer loop
      vertex 0 284.25 0
      vertex 0.422724 279.958 0
      vertex 0.105935 282.094 0
    endloop
  endfacet
  facet normal 0 0 -1
    outer loop
      vertex 1.67465 477.269 0
      vertex 0 468.85 0
      vertex 0.947312 475.236 0
    endloop
  endfacet
  facet normal 0 0 -1
    outer loop
      vertex 0.947312 475.236 0
      vertex 0 468.85 0
      vertex 0.422724 473.142 0
    endloop
  endfacet
  facet normal 0 0 -1
    outer loop
      vertex 0.422724 473.142 0
      vertex 0 468.85 0
      vertex 0.105935 471.006 0
    endloop
  endfacet
  facet normal 0 0 -1
    outer loop
      vertex 13.581 263.925 0
      vertex 16.35 263.013 0
      vertex 15.6137 263.197 0
    endloop
  endfacet
  facet normal 0 0 -1
    outer loop
      vertex 0 284.25 0
      vertex 8.92972 266.586 0
      vertex 8.04335 267.244 0
    endloop
  endfacet
  facet normal 0 0 -1
    outer loop
      vertex 16.35 263.013 0
      vertex 13.581 263.925 0
      vertex 8.92972 266.586 0
    endloop
  endfacet
  facet normal 0 0 -1
    outer loop
      vertex 8.92972 266.586 0
      vertex 0 284.25 0
      vertex 16.35 263.013 0
    endloop
  endfacet
  facet normal 0 0 -1
    outer loop
      vertex 8.92972 266.586 0
      vertex 13.581 263.925 0
      vertex 11.6293 264.848 0
    endloop
  endfacet
  facet normal 0 -0 -1
    outer loop
      vertex 13.581 489.175 0
      vertex 16.35 490.087 0
      vertex 8.92972 486.514 0
    endloop
  endfacet
  facet normal 0 0 -1
    outer loop
      vertex 9.58554 266.1 0
      vertex 11.6293 264.848 0
      vertex 9.77745 265.958 0
    endloop
  endfacet
  facet normal 0 0 -1
    outer loop
      vertex 8.92972 266.586 0
      vertex 11.6293 264.848 0
      vertex 9.58554 266.1 0
    endloop
  endfacet
  facet normal 0 0 -1
    outer loop
      vertex 16.35 490.087 0
      vertex 13.581 489.175 0
      vertex 15.6137 489.903 0
    endloop
  endfacet
  facet normal 0 0 -1
    outer loop
      vertex 11.6293 488.252 0
      vertex 9.58554 487 0
      vertex 9.77745 487.142 0
    endloop
  endfacet
  facet normal 0 0 -1
    outer loop
      vertex 13.581 489.175 0
      vertex 8.92972 486.514 0
      vertex 11.6293 488.252 0
    endloop
  endfacet
  facet normal 0 -0 -1
    outer loop
      vertex 8.92972 266.586 0
      vertex 9.58554 266.1 0
      vertex 8.80001 266.1 0
    endloop
  endfacet
  facet normal 0 0 -1
    outer loop
      vertex 11.6293 488.252 0
      vertex 8.92972 486.514 0
      vertex 9.58554 487 0
    endloop
  endfacet
  facet normal -0 0 -1
    outer loop
      vertex 9.58554 487 0
      vertex 8.92972 486.514 0
      vertex 8.80001 487 0
    endloop
  endfacet
  facet normal -0.85775 -0.514067 0
    outer loop
      vertex 3.70767 272.027 0
      vertex 2.59773 273.879 5.08
      vertex 2.59773 273.879 0
    endloop
  endfacet
  facet normal -0.85775 -0.514067 0
    outer loop
      vertex 2.59773 273.879 5.08
      vertex 3.70767 272.027 0
      vertex 3.70767 272.027 5.08
    endloop
  endfacet
  facet normal -0.941556 -0.336857 0
    outer loop
      vertex 1.67465 275.831 0
      vertex 0.947312 277.864 5.08
      vertex 0.947312 277.864 0
    endloop
  endfacet
  facet normal -0.941556 -0.336857 0
    outer loop
      vertex 0.947312 277.864 5.08
      vertex 1.67465 275.831 0
      vertex 1.67465 275.831 5.08
    endloop
  endfacet
  facet normal -0.80319 0.595723 0
    outer loop
      vertex 3.70767 481.073 0
      vertex 4.99377 482.807 5.08
      vertex 4.99377 482.807 0
    endloop
  endfacet
  facet normal -0.80319 0.595723 0
    outer loop
      vertex 4.99377 482.807 5.08
      vertex 3.70767 481.073 0
      vertex 3.70767 481.073 5.08
    endloop
  endfacet
  facet normal -0.242443 0.970166 0
    outer loop
      vertex 16.35 490.087 0
      vertex 15.6137 489.903 5.08
      vertex 16.35 490.087 5.08
    endloop
  endfacet
  facet normal -0.242443 0.970166 0
    outer loop
      vertex 15.6137 489.903 5.08
      vertex 16.35 490.087 0
      vertex 15.6137 489.903 0
    endloop
  endfacet
  facet normal -0.514118 -0.85772 0
    outer loop
      vertex 9.77745 265.958 0
      vertex 11.6293 264.848 5.08
      vertex 9.77745 265.958 5.08
    endloop
  endfacet
  facet normal -0.514118 -0.85772 -0
    outer loop
      vertex 11.6293 264.848 5.08
      vertex 9.77745 265.958 0
      vertex 11.6293 264.848 0
    endloop
  endfacet
  facet normal 1 -0 0
    outer loop
      vertex 16.35 263.013 5.08
      vertex 16.35 490.087 0
      vertex 16.35 490.087 5.08
    endloop
  endfacet
  facet normal 1 0 0
    outer loop
      vertex 16.35 490.087 0
      vertex 16.35 263.013 5.08
      vertex 16.35 263.013 0
    endloop
  endfacet
  facet normal -0.96618 0.257867 0
    outer loop
      vertex 8.80001 266.1 0
      vertex 8.92972 266.586 4.08
      vertex 8.92972 266.586 0
    endloop
  endfacet
  facet normal -0.96618 0.257867 0
    outer loop
      vertex 8.92972 266.586 4.08
      vertex 8.80001 266.1 0
      vertex 8.80001 266.1 4.08
    endloop
  endfacet
  facet normal 0 -1 0
    outer loop
      vertex 8.80001 266.1 0
      vertex 9.58554 266.1 4.08
      vertex 8.80001 266.1 4.08
    endloop
  endfacet
  facet normal 0 -1 -0
    outer loop
      vertex 9.58554 266.1 4.08
      vertex 8.80001 266.1 0
      vertex 9.58554 266.1 0
    endloop
  endfacet
  facet normal 0 0 1
    outer loop
      vertex 8.92972 266.586 4.08
      vertex 8.80001 266.1 4.08
      vertex 9.58554 266.1 4.08
    endloop
  endfacet
  facet normal -0.96618 -0.257867 0
    outer loop
      vertex 8.92972 486.514 0
      vertex 8.80001 487 4.08
      vertex 8.80001 487 0
    endloop
  endfacet
  facet normal -0.96618 -0.257867 0
    outer loop
      vertex 8.80001 487 4.08
      vertex 8.92972 486.514 0
      vertex 8.92972 486.514 4.08
    endloop
  endfacet
  facet normal 0 1 -0
    outer loop
      vertex 9.58554 487 0
      vertex 8.80001 487 4.08
      vertex 9.58554 487 4.08
    endloop
  endfacet
  facet normal 0 1 0
    outer loop
      vertex 8.80001 487 4.08
      vertex 9.58554 487 0
      vertex 8.80001 487 0
    endloop
  endfacet
  facet normal 0 0 1
    outer loop
      vertex 9.58554 487 4.08
      vertex 8.80001 487 4.08
      vertex 8.92972 486.514 4.08
    endloop
  endfacet
  facet normal 1 -0 0
    outer loop
      vertex 0.0499992 469.868 5.08
      vertex 0.0499992 484.5 2.58
      vertex 0.0499992 484.5 5.08
    endloop
  endfacet
  facet normal 1 0 0
    outer loop
      vertex 0.0499992 484.5 2.58
      vertex 0.0499992 469.868 5.08
      vertex 0.0499992 469.868 2.58
    endloop
  endfacet
  facet normal 1 -0 0
    outer loop
      vertex 0.0499992 268.6 5.08
      vertex 0.0499992 283.232 2.58
      vertex 0.0499992 283.232 5.08
    endloop
  endfacet
  facet normal 1 0 0
    outer loop
      vertex 0.0499992 283.232 2.58
      vertex 0.0499992 268.6 5.08
      vertex 0.0499992 268.6 2.58
    endloop
  endfacet
  facet normal 0 0 -1
    outer loop
      vertex -12.7 268.6 2.58
      vertex 0.0499992 283.232 2.58
      vertex 0.0499992 268.6 2.58
    endloop
  endfacet
  facet normal -0 0 -1
    outer loop
      vertex 0 284.25 2.58
      vertex -12.7 268.6 2.58
      vertex 0 468.85 2.58
    endloop
  endfacet
  facet normal -0 0 -1
    outer loop
      vertex 0.0499992 283.232 2.58
      vertex -12.7 268.6 2.58
      vertex 0 284.25 2.58
    endloop
  endfacet
  facet normal 0 0 -1
    outer loop
      vertex -12.7 484.5 2.58
      vertex 0.0499992 469.868 2.58
      vertex 0 468.85 2.58
    endloop
  endfacet
  facet normal 0 0 -1
    outer loop
      vertex -12.7 484.5 2.58
      vertex 0 468.85 2.58
      vertex -12.7 268.6 2.58
    endloop
  endfacet
  facet normal 0 0 -1
    outer loop
      vertex 0.0499992 469.868 2.58
      vertex -12.7 484.5 2.58
      vertex 0.0499992 484.5 2.58
    endloop
  endfacet
  facet normal -1 0 0
    outer loop
      vertex -12.7 268.6 2.58
      vertex -12.7 484.5 5.08
      vertex -12.7 484.5 2.58
    endloop
  endfacet
  facet normal -1 -0 0
    outer loop
      vertex -12.7 484.5 5.08
      vertex -12.7 268.6 2.58
      vertex -12.7 268.6 5.08
    endloop
  endfacet
  facet normal 0 1 -0
    outer loop
      vertex 0.0499992 484.5 2.58
      vertex -12.7 484.5 5.08
      vertex 0.0499992 484.5 5.08
    endloop
  endfacet
  facet normal 0 1 0
    outer loop
      vertex -12.7 484.5 5.08
      vertex 0.0499992 484.5 2.58
      vertex -12.7 484.5 2.58
    endloop
  endfacet
  facet normal 0 -1 0
    outer loop
      vertex -12.7 268.6 2.58
      vertex 0.0499992 268.6 5.08
      vertex -12.7 268.6 5.08
    endloop
  endfacet
  facet normal 0 -1 -0
    outer loop
      vertex 0.0499992 268.6 5.08
      vertex -12.7 268.6 2.58
      vertex 0.0499992 268.6 2.58
    endloop
  endfacet
  facet normal 0.989166 -0.1468 0
    outer loop
      vertex 316.677 279.958 5.08
      vertex 316.994 282.094 0
      vertex 316.994 282.094 5.08
    endloop
  endfacet
  facet normal 0.989166 -0.1468 0
    outer loop
      vertex 316.994 282.094 0
      vertex 316.677 279.958 5.08
      vertex 316.677 279.958 0
    endloop
  endfacet
  facet normal 1 -0 0
    outer loop
      vertex 317.1 284.25 2.58
      vertex 317.1 468.85 0
      vertex 317.1 468.85 2.58
    endloop
  endfacet
  facet normal 1 0 0
    outer loop
      vertex 317.1 468.85 0
      vertex 317.1 284.25 2.58
      vertex 317.1 284.25 0
    endloop
  endfacet
  facet normal 0.998791 -0.0491497 0
    outer loop
      vertex 317.05 283.232 5.08
      vertex 316.994 282.094 5.08
      vertex 317.05 283.232 2.58
    endloop
  endfacet
  facet normal 0.998796 -0.0490568 0
    outer loop
      vertex 317.05 283.232 2.58
      vertex 317.1 284.25 0
      vertex 317.1 284.25 2.58
    endloop
  endfacet
  facet normal 0.998791 -0.0491497 0
    outer loop
      vertex 316.994 282.094 0
      vertex 317.05 283.232 2.58
      vertex 316.994 282.094 5.08
    endloop
  endfacet
  facet normal 0.998794 -0.0491058 -1.93924e-05
    outer loop
      vertex 317.05 283.232 2.58
      vertex 316.994 282.094 0
      vertex 317.1 284.25 0
    endloop
  endfacet
  facet normal 0.740778 0.67175 0
    outer loop
      vertex 312.106 482.807 5.08
      vertex 310.656 484.406 0
      vertex 310.656 484.406 5.08
    endloop
  endfacet
  facet normal 0.740778 0.67175 0
    outer loop
      vertex 310.656 484.406 0
      vertex 312.106 482.807 5.08
      vertex 312.106 482.807 0
    endloop
  endfacet
  facet normal 0.595693 0.803212 0.000134332
    outer loop
      vertex 309.057 485.856 5.08
      vertex 308.17 486.514 4.08
      vertex 307.323 487.142 5.08
    endloop
  endfacet
  facet normal 0.59579 0.80314 -0
    outer loop
      vertex 309.057 485.856 0
      vertex 308.17 486.514 4.08
      vertex 309.057 485.856 5.08
    endloop
  endfacet
  facet normal 0.59579 0.80314 0
    outer loop
      vertex 308.17 486.514 4.08
      vertex 309.057 485.856 0
      vertex 308.17 486.514 0
    endloop
  endfacet
  facet normal 0.595286 0.803514 -0.000399307
    outer loop
      vertex 307.514 487 4.08
      vertex 307.323 487.142 5.08
      vertex 308.17 486.514 4.08
    endloop
  endfacet
  facet normal 0.596633 0.802514 0
    outer loop
      vertex 307.323 487.142 0
      vertex 307.514 487 4.08
      vertex 307.514 487 0
    endloop
  endfacet
  facet normal 0.596633 0.802514 0
    outer loop
      vertex 307.514 487 4.08
      vertex 307.323 487.142 0
      vertex 307.323 487.142 5.08
    endloop
  endfacet
  facet normal 0.970088 -0.242754 0
    outer loop
      vertex 316.153 277.864 5.08
      vertex 316.677 279.958 0
      vertex 316.677 279.958 5.08
    endloop
  endfacet
  facet normal 0.970088 -0.242754 0
    outer loop
      vertex 316.677 279.958 0
      vertex 316.153 277.864 5.08
      vertex 316.153 277.864 0
    endloop
  endfacet
  facet normal 0.803212 -0.595693 0
    outer loop
      vertex 312.106 270.293 5.08
      vertex 313.392 272.027 0
      vertex 313.392 272.027 5.08
    endloop
  endfacet
  facet normal 0.803212 -0.595693 0
    outer loop
      vertex 313.392 272.027 0
      vertex 312.106 270.293 5.08
      vertex 312.106 270.293 0
    endloop
  endfacet
  facet normal 0.740778 -0.67175 0
    outer loop
      vertex 310.656 268.694 5.08
      vertex 312.106 270.293 0
      vertex 312.106 270.293 5.08
    endloop
  endfacet
  facet normal 0.740778 -0.67175 0
    outer loop
      vertex 312.106 270.293 0
      vertex 310.656 268.694 5.08
      vertex 310.656 268.694 0
    endloop
  endfacet
  facet normal 0.970088 0.242754 0
    outer loop
      vertex 316.677 473.142 5.08
      vertex 316.153 475.236 0
      vertex 316.153 475.236 5.08
    endloop
  endfacet
  facet normal 0.970088 0.242754 0
    outer loop
      vertex 316.153 475.236 0
      vertex 316.677 473.142 5.08
      vertex 316.677 473.142 0
    endloop
  endfacet
  facet normal 0.998791 0.0491497 -0
    outer loop
      vertex 317.05 469.868 2.58
      vertex 316.994 471.006 5.08
      vertex 317.05 469.868 5.08
    endloop
  endfacet
  facet normal 0.998791 0.0491497 0
    outer loop
      vertex 316.994 471.006 5.08
      vertex 317.05 469.868 2.58
      vertex 316.994 471.006 0
    endloop
  endfacet
  facet normal 0.998796 0.0490568 -0
    outer loop
      vertex 317.1 468.85 0
      vertex 317.05 469.868 2.58
      vertex 317.1 468.85 2.58
    endloop
  endfacet
  facet normal 0.998794 0.0491058 -1.93924e-05
    outer loop
      vertex 317.05 469.868 2.58
      vertex 317.1 468.85 0
      vertex 316.994 471.006 0
    endloop
  endfacet
  facet normal 0 0 1
    outer loop
      vertex 316.677 473.142 5.08
      vertex 317.05 469.868 5.08
      vertex 316.994 471.006 5.08
    endloop
  endfacet
  facet normal 0 0 1
    outer loop
      vertex 317.05 469.868 5.08
      vertex 300.75 490.087 5.08
      vertex 317.05 283.232 5.08
    endloop
  endfacet
  facet normal 0 0 1
    outer loop
      vertex 317.05 469.868 5.08
      vertex 316.677 473.142 5.08
      vertex 300.75 490.087 5.08
    endloop
  endfacet
  facet normal 0 0 1
    outer loop
      vertex 300.75 263.013 5.08
      vertex 317.05 283.232 5.08
      vertex 300.75 490.087 5.08
    endloop
  endfacet
  facet normal 0 0 1
    outer loop
      vertex 300.75 490.087 5.08
      vertex 316.677 473.142 5.08
      vertex 316.153 475.236 5.08
    endloop
  endfacet
  facet normal 0 -0 1
    outer loop
      vertex 316.677 279.958 5.08
      vertex 317.05 283.232 5.08
      vertex 300.75 263.013 5.08
    endloop
  endfacet
  facet normal 0 0 1
    outer loop
      vertex 300.75 490.087 5.08
      vertex 316.153 475.236 5.08
      vertex 315.425 477.269 5.08
    endloop
  endfacet
  facet normal 0 0 1
    outer loop
      vertex 317.05 283.232 5.08
      vertex 316.677 279.958 5.08
      vertex 316.994 282.094 5.08
    endloop
  endfacet
  facet normal 0 0 1
    outer loop
      vertex 300.75 490.087 5.08
      vertex 315.425 477.269 5.08
      vertex 314.502 479.221 5.08
    endloop
  endfacet
  facet normal 0 0 1
    outer loop
      vertex 316.677 279.958 5.08
      vertex 300.75 263.013 5.08
      vertex 316.153 277.864 5.08
    endloop
  endfacet
  facet normal 0 0 1
    outer loop
      vertex 300.75 490.087 5.08
      vertex 314.502 479.221 5.08
      vertex 313.392 481.073 5.08
    endloop
  endfacet
  facet normal 0 0 1
    outer loop
      vertex 316.153 277.864 5.08
      vertex 300.75 263.013 5.08
      vertex 315.425 275.831 5.08
    endloop
  endfacet
  facet normal 0 0 1
    outer loop
      vertex 300.75 490.087 5.08
      vertex 313.392 481.073 5.08
      vertex 312.106 482.807 5.08
    endloop
  endfacet
  facet normal 0 0 1
    outer loop
      vertex 315.425 275.831 5.08
      vertex 300.75 263.013 5.08
      vertex 314.502 273.879 5.08
    endloop
  endfacet
  facet normal 0 0 1
    outer loop
      vertex 300.75 490.087 5.08
      vertex 312.106 482.807 5.08
      vertex 310.656 484.406 5.08
    endloop
  endfacet
  facet normal 0 0 1
    outer loop
      vertex 314.502 273.879 5.08
      vertex 300.75 263.013 5.08
      vertex 313.392 272.027 5.08
    endloop
  endfacet
  facet normal 0 0 1
    outer loop
      vertex 300.75 490.087 5.08
      vertex 310.656 484.406 5.08
      vertex 309.057 485.856 5.08
    endloop
  endfacet
  facet normal 0 0 1
    outer loop
      vertex 313.392 272.027 5.08
      vertex 300.75 263.013 5.08
      vertex 312.106 270.293 5.08
    endloop
  endfacet
  facet normal 0 0 1
    outer loop
      vertex 300.75 490.087 5.08
      vertex 309.057 485.856 5.08
      vertex 307.323 487.142 5.08
    endloop
  endfacet
  facet normal 0 0 1
    outer loop
      vertex 312.106 270.293 5.08
      vertex 300.75 263.013 5.08
      vertex 310.656 268.694 5.08
    endloop
  endfacet
  facet normal 0 0 1
    outer loop
      vertex 300.75 490.087 5.08
      vertex 307.323 487.142 5.08
      vertex 305.471 488.252 5.08
    endloop
  endfacet
  facet normal 0 0 1
    outer loop
      vertex 310.656 268.694 5.08
      vertex 300.75 263.013 5.08
      vertex 309.057 267.244 5.08
    endloop
  endfacet
  facet normal 0 0 1
    outer loop
      vertex 300.75 490.087 5.08
      vertex 305.471 488.252 5.08
      vertex 303.519 489.175 5.08
    endloop
  endfacet
  facet normal 0 0 1
    outer loop
      vertex 309.057 267.244 5.08
      vertex 300.75 263.013 5.08
      vertex 307.323 265.958 5.08
    endloop
  endfacet
  facet normal 0 0 1
    outer loop
      vertex 300.75 490.087 5.08
      vertex 303.519 489.175 5.08
      vertex 301.486 489.903 5.08
    endloop
  endfacet
  facet normal 0 0 1
    outer loop
      vertex 307.323 265.958 5.08
      vertex 300.75 263.013 5.08
      vertex 305.471 264.848 5.08
    endloop
  endfacet
  facet normal 0 0 1
    outer loop
      vertex 305.471 264.848 5.08
      vertex 300.75 263.013 5.08
      vertex 303.519 263.925 5.08
    endloop
  endfacet
  facet normal 0 0 1
    outer loop
      vertex 303.519 263.925 5.08
      vertex 300.75 263.013 5.08
      vertex 301.486 263.197 5.08
    endloop
  endfacet
  facet normal 0 0 1
    outer loop
      vertex 317.05 469.868 5.08
      vertex 329.8 484.5 5.08
      vertex 317.05 484.5 5.08
    endloop
  endfacet
  facet normal 0 0 1
    outer loop
      vertex 329.8 484.5 5.08
      vertex 317.05 469.868 5.08
      vertex 329.8 268.6 5.08
    endloop
  endfacet
  facet normal -0 0 1
    outer loop
      vertex 317.05 283.232 5.08
      vertex 329.8 268.6 5.08
      vertex 317.05 469.868 5.08
    endloop
  endfacet
  facet normal 0 0 1
    outer loop
      vertex 329.8 268.6 5.08
      vertex 317.05 283.232 5.08
      vertex 317.05 268.6 5.08
    endloop
  endfacet
  facet normal 0.90403 -0.427469 0
    outer loop
      vertex 314.502 273.879 5.08
      vertex 315.425 275.831 0
      vertex 315.425 275.831 5.08
    endloop
  endfacet
  facet normal 0.90403 -0.427469 0
    outer loop
      vertex 315.425 275.831 0
      vertex 314.502 273.879 5.08
      vertex 314.502 273.879 0
    endloop
  endfacet
  facet normal 0.67175 0.740778 -0
    outer loop
      vertex 310.656 484.406 0
      vertex 309.057 485.856 5.08
      vertex 310.656 484.406 5.08
    endloop
  endfacet
  facet normal 0.67175 0.740778 0
    outer loop
      vertex 309.057 485.856 5.08
      vertex 310.656 484.406 0
      vertex 309.057 485.856 0
    endloop
  endfacet
  facet normal 0.941459 0.337128 0
    outer loop
      vertex 316.153 475.236 5.08
      vertex 315.425 477.269 0
      vertex 315.425 477.269 5.08
    endloop
  endfacet
  facet normal 0.941459 0.337128 0
    outer loop
      vertex 315.425 477.269 0
      vertex 316.153 475.236 5.08
      vertex 316.153 475.236 0
    endloop
  endfacet
  facet normal 0.857738 0.514087 0
    outer loop
      vertex 314.502 479.221 5.08
      vertex 313.392 481.073 0
      vertex 313.392 481.073 5.08
    endloop
  endfacet
  facet normal 0.857738 0.514087 0
    outer loop
      vertex 313.392 481.073 0
      vertex 314.502 479.221 5.08
      vertex 314.502 479.221 0
    endloop
  endfacet
  facet normal 0.90403 0.427469 0
    outer loop
      vertex 315.425 477.269 5.08
      vertex 314.502 479.221 0
      vertex 314.502 479.221 5.08
    endloop
  endfacet
  facet normal 0.90403 0.427469 0
    outer loop
      vertex 314.502 479.221 0
      vertex 315.425 477.269 5.08
      vertex 315.425 477.269 0
    endloop
  endfacet
  facet normal 0.337128 -0.941459 0
    outer loop
      vertex 301.486 263.197 0
      vertex 303.519 263.925 5.08
      vertex 301.486 263.197 5.08
    endloop
  endfacet
  facet normal 0.337128 -0.941459 0
    outer loop
      vertex 303.519 263.925 5.08
      vertex 301.486 263.197 0
      vertex 303.519 263.925 0
    endloop
  endfacet
  facet normal 0.242536 -0.970143 0
    outer loop
      vertex 300.75 263.013 0
      vertex 301.486 263.197 5.08
      vertex 300.75 263.013 5.08
    endloop
  endfacet
  facet normal 0.242536 -0.970143 0
    outer loop
      vertex 301.486 263.197 5.08
      vertex 300.75 263.013 0
      vertex 301.486 263.197 0
    endloop
  endfacet
  facet normal 0.989166 0.1468 0
    outer loop
      vertex 316.994 471.006 5.08
      vertex 316.677 473.142 0
      vertex 316.677 473.142 5.08
    endloop
  endfacet
  facet normal 0.989166 0.1468 0
    outer loop
      vertex 316.677 473.142 0
      vertex 316.994 471.006 5.08
      vertex 316.994 471.006 0
    endloop
  endfacet
  facet normal 0.595286 -0.803514 -0.000399307
    outer loop
      vertex 308.17 266.586 4.08
      vertex 307.323 265.958 5.08
      vertex 307.514 266.1 4.08
    endloop
  endfacet
  facet normal 0.596633 -0.802514 0
    outer loop
      vertex 307.323 265.958 0
      vertex 307.514 266.1 4.08
      vertex 307.323 265.958 5.08
    endloop
  endfacet
  facet normal 0.596633 -0.802514 0
    outer loop
      vertex 307.514 266.1 4.08
      vertex 307.323 265.958 0
      vertex 307.514 266.1 0
    endloop
  endfacet
  facet normal 0.595693 -0.803212 0.000134332
    outer loop
      vertex 307.323 265.958 5.08
      vertex 308.17 266.586 4.08
      vertex 309.057 267.244 5.08
    endloop
  endfacet
  facet normal 0.59579 -0.80314 0
    outer loop
      vertex 309.057 267.244 0
      vertex 308.17 266.586 4.08
      vertex 308.17 266.586 0
    endloop
  endfacet
  facet normal 0.59579 -0.80314 0
    outer loop
      vertex 308.17 266.586 4.08
      vertex 309.057 267.244 0
      vertex 309.057 267.244 5.08
    endloop
  endfacet
  facet normal 0.337128 0.941459 -0
    outer loop
      vertex 303.519 489.175 0
      vertex 301.486 489.903 5.08
      vertex 303.519 489.175 5.08
    endloop
  endfacet
  facet normal 0.337128 0.941459 0
    outer loop
      vertex 301.486 489.903 5.08
      vertex 303.519 489.175 0
      vertex 301.486 489.903 0
    endloop
  endfacet
  facet normal 0.514087 0.857738 -0
    outer loop
      vertex 307.323 487.142 0
      vertex 305.471 488.252 5.08
      vertex 307.323 487.142 5.08
    endloop
  endfacet
  facet normal 0.514087 0.857738 0
    outer loop
      vertex 305.471 488.252 5.08
      vertex 307.323 487.142 0
      vertex 305.471 488.252 0
    endloop
  endfacet
  facet normal 0.427469 0.90403 -0
    outer loop
      vertex 305.471 488.252 0
      vertex 303.519 489.175 5.08
      vertex 305.471 488.252 5.08
    endloop
  endfacet
  facet normal 0.427469 0.90403 0
    outer loop
      vertex 303.519 489.175 5.08
      vertex 305.471 488.252 0
      vertex 303.519 489.175 0
    endloop
  endfacet
  facet normal 0.67175 -0.740778 0
    outer loop
      vertex 309.057 267.244 0
      vertex 310.656 268.694 5.08
      vertex 309.057 267.244 5.08
    endloop
  endfacet
  facet normal 0.67175 -0.740778 0
    outer loop
      vertex 310.656 268.694 5.08
      vertex 309.057 267.244 0
      vertex 310.656 268.694 0
    endloop
  endfacet
  facet normal 0.427469 -0.90403 0
    outer loop
      vertex 303.519 263.925 0
      vertex 305.471 264.848 5.08
      vertex 303.519 263.925 5.08
    endloop
  endfacet
  facet normal 0.427469 -0.90403 0
    outer loop
      vertex 305.471 264.848 5.08
      vertex 303.519 263.925 0
      vertex 305.471 264.848 0
    endloop
  endfacet
  facet normal -0 0 -1
    outer loop
      vertex 317.1 284.25 0
      vertex 300.75 263.013 0
      vertex 317.1 468.85 0
    endloop
  endfacet
  facet normal 0 0 -1
    outer loop
      vertex 307.514 266.1 0
      vertex 308.17 266.586 0
      vertex 308.3 266.1 0
    endloop
  endfacet
  facet normal 0 0 -1
    outer loop
      vertex 308.17 266.586 0
      vertex 317.1 284.25 0
      vertex 316.994 282.094 0
    endloop
  endfacet
  facet normal 0 0 -1
    outer loop
      vertex 300.75 263.013 0
      vertex 308.17 266.586 0
      vertex 307.514 266.1 0
    endloop
  endfacet
  facet normal 0 0 -1
    outer loop
      vertex 308.17 266.586 0
      vertex 316.994 282.094 0
      vertex 316.677 279.958 0
    endloop
  endfacet
  facet normal -0 0 -1
    outer loop
      vertex 308.17 266.586 0
      vertex 300.75 263.013 0
      vertex 317.1 284.25 0
    endloop
  endfacet
  facet normal 0 0 -1
    outer loop
      vertex 308.17 266.586 0
      vertex 316.677 279.958 0
      vertex 316.153 277.864 0
    endloop
  endfacet
  facet normal 0 0 -1
    outer loop
      vertex 317.1 468.85 0
      vertex 308.17 486.514 0
      vertex 316.994 471.006 0
    endloop
  endfacet
  facet normal 0 0 -1
    outer loop
      vertex 308.17 266.586 0
      vertex 316.153 277.864 0
      vertex 315.425 275.831 0
    endloop
  endfacet
  facet normal 0 0 -1
    outer loop
      vertex 316.994 471.006 0
      vertex 308.17 486.514 0
      vertex 316.677 473.142 0
    endloop
  endfacet
  facet normal 0 0 -1
    outer loop
      vertex 308.17 266.586 0
      vertex 315.425 275.831 0
      vertex 314.502 273.879 0
    endloop
  endfacet
  facet normal 0 0 -1
    outer loop
      vertex 316.677 473.142 0
      vertex 308.17 486.514 0
      vertex 316.153 475.236 0
    endloop
  endfacet
  facet normal 0 0 -1
    outer loop
      vertex 308.17 266.586 0
      vertex 314.502 273.879 0
      vertex 313.392 272.027 0
    endloop
  endfacet
  facet normal 0 0 -1
    outer loop
      vertex 316.153 475.236 0
      vertex 308.17 486.514 0
      vertex 315.425 477.269 0
    endloop
  endfacet
  facet normal 0 0 -1
    outer loop
      vertex 308.17 266.586 0
      vertex 313.392 272.027 0
      vertex 312.106 270.293 0
    endloop
  endfacet
  facet normal 0 0 -1
    outer loop
      vertex 315.425 477.269 0
      vertex 308.17 486.514 0
      vertex 314.502 479.221 0
    endloop
  endfacet
  facet normal 0 0 -1
    outer loop
      vertex 308.17 266.586 0
      vertex 312.106 270.293 0
      vertex 310.656 268.694 0
    endloop
  endfacet
  facet normal 0 0 -1
    outer loop
      vertex 314.502 479.221 0
      vertex 308.17 486.514 0
      vertex 313.392 481.073 0
    endloop
  endfacet
  facet normal 0 0 -1
    outer loop
      vertex 308.17 266.586 0
      vertex 310.656 268.694 0
      vertex 309.057 267.244 0
    endloop
  endfacet
  facet normal 0 0 -1
    outer loop
      vertex 313.392 481.073 0
      vertex 308.17 486.514 0
      vertex 312.106 482.807 0
    endloop
  endfacet
  facet normal 0 0 -1
    outer loop
      vertex 312.106 482.807 0
      vertex 308.17 486.514 0
      vertex 310.656 484.406 0
    endloop
  endfacet
  facet normal 0 0 -1
    outer loop
      vertex 310.656 484.406 0
      vertex 308.17 486.514 0
      vertex 309.057 485.856 0
    endloop
  endfacet
  facet normal 0 0 -1
    outer loop
      vertex 308.17 486.514 0
      vertex 307.514 487 0
      vertex 308.3 487 0
    endloop
  endfacet
  facet normal 0 0 -1
    outer loop
      vertex 300.75 490.087 0
      vertex 317.1 468.85 0
      vertex 300.75 263.013 0
    endloop
  endfacet
  facet normal 0 0 -1
    outer loop
      vertex 305.471 264.848 0
      vertex 307.514 266.1 0
      vertex 307.323 265.958 0
    endloop
  endfacet
  facet normal 0 0 -1
    outer loop
      vertex 317.1 468.85 0
      vertex 300.75 490.087 0
      vertex 308.17 486.514 0
    endloop
  endfacet
  facet normal 0 0 -1
    outer loop
      vertex 307.514 266.1 0
      vertex 305.471 264.848 0
      vertex 300.75 263.013 0
    endloop
  endfacet
  facet normal -0 -0 -1
    outer loop
      vertex 305.471 488.252 0
      vertex 308.17 486.514 0
      vertex 300.75 490.087 0
    endloop
  endfacet
  facet normal 0 0 -1
    outer loop
      vertex 300.75 263.013 0
      vertex 305.471 264.848 0
      vertex 303.519 263.925 0
    endloop
  endfacet
  facet normal 0 0 -1
    outer loop
      vertex 308.17 486.514 0
      vertex 305.471 488.252 0
      vertex 307.514 487 0
    endloop
  endfacet
  facet normal 0 0 -1
    outer loop
      vertex 300.75 263.013 0
      vertex 303.519 263.925 0
      vertex 301.486 263.197 0
    endloop
  endfacet
  facet normal 0 0 -1
    outer loop
      vertex 307.514 487 0
      vertex 305.471 488.252 0
      vertex 307.323 487.142 0
    endloop
  endfacet
  facet normal 0 0 -1
    outer loop
      vertex 305.471 488.252 0
      vertex 300.75 490.087 0
      vertex 303.519 489.175 0
    endloop
  endfacet
  facet normal 0 0 -1
    outer loop
      vertex 303.519 489.175 0
      vertex 300.75 490.087 0
      vertex 301.486 489.903 0
    endloop
  endfacet
  facet normal 0.857738 -0.514087 0
    outer loop
      vertex 313.392 272.027 5.08
      vertex 314.502 273.879 0
      vertex 314.502 273.879 5.08
    endloop
  endfacet
  facet normal 0.857738 -0.514087 0
    outer loop
      vertex 314.502 273.879 0
      vertex 313.392 272.027 5.08
      vertex 313.392 272.027 0
    endloop
  endfacet
  facet normal 0.941459 -0.337128 0
    outer loop
      vertex 315.425 275.831 5.08
      vertex 316.153 277.864 0
      vertex 316.153 277.864 5.08
    endloop
  endfacet
  facet normal 0.941459 -0.337128 0
    outer loop
      vertex 316.153 277.864 0
      vertex 315.425 275.831 5.08
      vertex 315.425 275.831 0
    endloop
  endfacet
  facet normal 0.803212 0.595693 0
    outer loop
      vertex 313.392 481.073 5.08
      vertex 312.106 482.807 0
      vertex 312.106 482.807 5.08
    endloop
  endfacet
  facet normal 0.803212 0.595693 0
    outer loop
      vertex 312.106 482.807 0
      vertex 313.392 481.073 5.08
      vertex 313.392 481.073 0
    endloop
  endfacet
  facet normal 0.242536 0.970143 -0
    outer loop
      vertex 301.486 489.903 0
      vertex 300.75 490.087 5.08
      vertex 301.486 489.903 5.08
    endloop
  endfacet
  facet normal 0.242536 0.970143 0
    outer loop
      vertex 300.75 490.087 5.08
      vertex 301.486 489.903 0
      vertex 300.75 490.087 0
    endloop
  endfacet
  facet normal 0.514087 -0.857738 0
    outer loop
      vertex 305.471 264.848 0
      vertex 307.323 265.958 5.08
      vertex 305.471 264.848 5.08
    endloop
  endfacet
  facet normal 0.514087 -0.857738 0
    outer loop
      vertex 307.323 265.958 5.08
      vertex 305.471 264.848 0
      vertex 307.323 265.958 0
    endloop
  endfacet
  facet normal -1 0 0
    outer loop
      vertex 300.75 263.013 0
      vertex 300.75 490.087 5.08
      vertex 300.75 490.087 0
    endloop
  endfacet
  facet normal -1 -0 0
    outer loop
      vertex 300.75 490.087 5.08
      vertex 300.75 263.013 0
      vertex 300.75 263.013 5.08
    endloop
  endfacet
  facet normal 0.966037 0.258405 0
    outer loop
      vertex 308.3 266.1 4.08
      vertex 308.17 266.586 0
      vertex 308.17 266.586 4.08
    endloop
  endfacet
  facet normal 0.966037 0.258405 0
    outer loop
      vertex 308.17 266.586 0
      vertex 308.3 266.1 4.08
      vertex 308.3 266.1 0
    endloop
  endfacet
  facet normal 0 -1 0
    outer loop
      vertex 307.514 266.1 0
      vertex 308.3 266.1 4.08
      vertex 307.514 266.1 4.08
    endloop
  endfacet
  facet normal 0 -1 -0
    outer loop
      vertex 308.3 266.1 4.08
      vertex 307.514 266.1 0
      vertex 308.3 266.1 0
    endloop
  endfacet
  facet normal 0 0 1
    outer loop
      vertex 308.3 266.1 4.08
      vertex 308.17 266.586 4.08
      vertex 307.514 266.1 4.08
    endloop
  endfacet
  facet normal 0.966037 -0.258405 0
    outer loop
      vertex 308.17 486.514 4.08
      vertex 308.3 487 0
      vertex 308.3 487 4.08
    endloop
  endfacet
  facet normal 0.966037 -0.258405 0
    outer loop
      vertex 308.3 487 0
      vertex 308.17 486.514 4.08
      vertex 308.17 486.514 0
    endloop
  endfacet
  facet normal 0 1 -0
    outer loop
      vertex 308.3 487 0
      vertex 307.514 487 4.08
      vertex 308.3 487 4.08
    endloop
  endfacet
  facet normal 0 1 0
    outer loop
      vertex 307.514 487 4.08
      vertex 308.3 487 0
      vertex 307.514 487 0
    endloop
  endfacet
  facet normal 0 -0 1
    outer loop
      vertex 308.17 486.514 4.08
      vertex 308.3 487 4.08
      vertex 307.514 487 4.08
    endloop
  endfacet
  facet normal -1 0 0
    outer loop
      vertex 317.05 469.868 2.58
      vertex 317.05 484.5 5.08
      vertex 317.05 484.5 2.58
    endloop
  endfacet
  facet normal -1 -0 0
    outer loop
      vertex 317.05 484.5 5.08
      vertex 317.05 469.868 2.58
      vertex 317.05 469.868 5.08
    endloop
  endfacet
  facet normal -1 0 0
    outer loop
      vertex 317.05 268.6 2.58
      vertex 317.05 283.232 5.08
      vertex 317.05 283.232 2.58
    endloop
  endfacet
  facet normal -1 -0 0
    outer loop
      vertex 317.05 283.232 5.08
      vertex 317.05 268.6 2.58
      vertex 317.05 268.6 5.08
    endloop
  endfacet
  facet normal 0 0 -1
    outer loop
      vertex 329.8 268.6 2.58
      vertex 317.1 284.25 2.58
      vertex 329.8 484.5 2.58
    endloop
  endfacet
  facet normal 0 0 -1
    outer loop
      vertex 317.05 283.232 2.58
      vertex 329.8 268.6 2.58
      vertex 317.05 268.6 2.58
    endloop
  endfacet
  facet normal 0 0 -1
    outer loop
      vertex 329.8 268.6 2.58
      vertex 317.05 283.232 2.58
      vertex 317.1 284.25 2.58
    endloop
  endfacet
  facet normal 0 0 -1
    outer loop
      vertex 317.1 468.85 2.58
      vertex 329.8 484.5 2.58
      vertex 317.1 284.25 2.58
    endloop
  endfacet
  facet normal 0 0 -1
    outer loop
      vertex 317.05 469.868 2.58
      vertex 329.8 484.5 2.58
      vertex 317.1 468.85 2.58
    endloop
  endfacet
  facet normal -0 0 -1
    outer loop
      vertex 329.8 484.5 2.58
      vertex 317.05 469.868 2.58
      vertex 317.05 484.5 2.58
    endloop
  endfacet
  facet normal 1 -0 0
    outer loop
      vertex 329.8 268.6 5.08
      vertex 329.8 484.5 2.58
      vertex 329.8 484.5 5.08
    endloop
  endfacet
  facet normal 1 0 0
    outer loop
      vertex 329.8 484.5 2.58
      vertex 329.8 268.6 5.08
      vertex 329.8 268.6 2.58
    endloop
  endfacet
  facet normal 0 1 -0
    outer loop
      vertex 329.8 484.5 2.58
      vertex 317.05 484.5 5.08
      vertex 329.8 484.5 5.08
    endloop
  endfacet
  facet normal 0 1 0
    outer loop
      vertex 317.05 484.5 5.08
      vertex 329.8 484.5 2.58
      vertex 317.05 484.5 2.58
    endloop
  endfacet
  facet normal 0 -1 0
    outer loop
      vertex 317.05 268.6 2.58
      vertex 329.8 268.6 5.08
      vertex 317.05 268.6 5.08
    endloop
  endfacet
  facet normal 0 -1 -0
    outer loop
      vertex 329.8 268.6 5.08
      vertex 317.05 268.6 2.58
      vertex 329.8 268.6 2.58
    endloop
  endfacet
endsolid OpenSCAD_Model
