solid OpenSCAD_Model
  facet normal -0.989177 -0.146726 0
    outer loop
      vertex 0.36604 15.3335 0
      vertex 0.0917301 17.1828 8
      vertex 0.0917301 17.1828 0
    endloop
  endfacet
  facet normal -0.989177 -0.146726 0
    outer loop
      vertex 0.0917301 17.1828 8
      vertex 0.36604 15.3335 0
      vertex 0.36604 15.3335 8
    endloop
  endfacet
  facet normal -0.998795 -0.0490679 0
    outer loop
      vertex 0.0917301 17.1828 0
      vertex 0 19.05 8
      vertex 0 19.05 0
    endloop
  endfacet
  facet normal -0.998795 -0.0490679 0
    outer loop
      vertex 0 19.05 8
      vertex 0.0917301 17.1828 0
      vertex 0.0917301 17.1828 8
    endloop
  endfacet
  facet normal 0.989198 0.146587 0
    outer loop
      vertex 247.558 141.567 8
      vertex 247.284 143.416 0
      vertex 247.284 143.416 8
    endloop
  endfacet
  facet normal 0.989198 0.146587 0
    outer loop
      vertex 247.284 143.416 0
      vertex 247.558 141.567 8
      vertex 247.558 141.567 0
    endloop
  endfacet
  facet normal -0.740903 0.671612 0
    outer loop
      vertex 4.32415 151.785 0
      vertex 5.57962 153.17 8
      vertex 5.57962 153.17 0
    endloop
  endfacet
  facet normal -0.740903 0.671612 0
    outer loop
      vertex 5.57962 153.17 8
      vertex 4.32415 151.785 0
      vertex 4.32415 151.785 8
    endloop
  endfacet
  facet normal -0.427555 -0.903989 0
    outer loop
      vertex 10.0699 2.2494 0
      vertex 11.7599 1.45009 8
      vertex 10.0699 2.2494 8
    endloop
  endfacet
  facet normal -0.427555 -0.903989 -0
    outer loop
      vertex 11.7599 1.45009 8
      vertex 10.0699 2.2494 0
      vertex 11.7599 1.45009 0
    endloop
  endfacet
  facet normal 0.671612 -0.740903 0
    outer loop
      vertex 240.685 4.32415 0
      vertex 242.07 5.57962 8
      vertex 240.685 4.32415 8
    endloop
  endfacet
  facet normal 0.671612 -0.740903 0
    outer loop
      vertex 242.07 5.57962 8
      vertex 240.685 4.32415 0
      vertex 242.07 5.57962 0
    endloop
  endfacet
  facet normal -0.336887 -0.941545 0
    outer loop
      vertex 11.7599 1.45009 0
      vertex 13.5201 0.820286 8
      vertex 11.7599 1.45009 8
    endloop
  endfacet
  facet normal -0.336887 -0.941545 -0
    outer loop
      vertex 13.5201 0.820286 8
      vertex 11.7599 1.45009 0
      vertex 13.5201 0.820286 0
    endloop
  endfacet
  facet normal 0 1 -0
    outer loop
      vertex 228.6 158.75 0
      vertex 19.05 158.75 8
      vertex 228.6 158.75 8
    endloop
  endfacet
  facet normal 0 1 0
    outer loop
      vertex 19.05 158.75 8
      vertex 228.6 158.75 0
      vertex 19.05 158.75 0
    endloop
  endfacet
  facet normal 0.970061 -0.242863 0
    outer loop
      vertex 246.83 13.5201 8
      vertex 247.284 15.3335 0
      vertex 247.284 15.3335 8
    endloop
  endfacet
  facet normal 0.970061 -0.242863 0
    outer loop
      vertex 247.284 15.3335 0
      vertex 246.83 13.5201 8
      vertex 246.83 13.5201 0
    endloop
  endfacet
  facet normal -0.740949 -0.671561 0
    outer loop
      vertex 5.57962 5.57962 0
      vertex 4.32415 6.96481 8
      vertex 4.32415 6.96481 0
    endloop
  endfacet
  facet normal -0.740949 -0.671561 0
    outer loop
      vertex 4.32415 6.96481 8
      vertex 5.57962 5.57962 0
      vertex 5.57962 5.57962 8
    endloop
  endfacet
  facet normal -0.998795 0.0490732 0
    outer loop
      vertex 0 139.7 0
      vertex 0.0917301 141.567 8
      vertex 0.0917301 141.567 0
    endloop
  endfacet
  facet normal -0.998795 0.0490732 0
    outer loop
      vertex 0.0917301 141.567 8
      vertex 0 139.7 0
      vertex 0 139.7 8
    endloop
  endfacet
  facet normal -1 0 0
    outer loop
      vertex 0 139.7 0
      vertex 0 115.697 3
      vertex 0 139.7 8
    endloop
  endfacet
  facet normal -1 0 0
    outer loop
      vertex 0 139.7 0
      vertex 0 43.0526 3
      vertex 0 115.697 3
    endloop
  endfacet
  facet normal -1 -0 0
    outer loop
      vertex 0 43.0526 3
      vertex 0 19.05 0
      vertex 0 43.0526 5
    endloop
  endfacet
  facet normal -1 0 0
    outer loop
      vertex 0 19.05 0
      vertex 0 43.0526 3
      vertex 0 139.7 0
    endloop
  endfacet
  facet normal -1 0 0
    outer loop
      vertex 0 115.697 5
      vertex 0 139.7 8
      vertex 0 115.697 3
    endloop
  endfacet
  facet normal -1 0 0
    outer loop
      vertex 0 43.0526 5
      vertex 0 139.7 8
      vertex 0 115.697 5
    endloop
  endfacet
  facet normal -1 0 0
    outer loop
      vertex 0 43.0526 5
      vertex 0 19.05 8
      vertex 0 139.7 8
    endloop
  endfacet
  facet normal -1 0 0
    outer loop
      vertex 0 19.05 8
      vertex 0 43.0526 5
      vertex 0 19.05 0
    endloop
  endfacet
  facet normal -0.671717 0.740808 0
    outer loop
      vertex 6.96481 154.426 0
      vertex 5.57962 153.17 8
      vertex 6.96481 154.426 8
    endloop
  endfacet
  facet normal -0.671717 0.740808 0
    outer loop
      vertex 5.57962 153.17 8
      vertex 6.96481 154.426 0
      vertex 5.57962 153.17 0
    endloop
  endfacet
  facet normal 0.998788 0.0492172 0
    outer loop
      vertex 247.65 139.7 8
      vertex 247.558 141.567 0
      vertex 247.558 141.567 8
    endloop
  endfacet
  facet normal 0.998788 0.0492172 0
    outer loop
      vertex 247.558 141.567 0
      vertex 247.65 139.7 8
      vertex 247.65 139.7 0
    endloop
  endfacet
  facet normal 0.9415 0.337014 0
    outer loop
      vertex 246.83 145.23 8
      vertex 246.2 146.99 0
      vertex 246.2 146.99 8
    endloop
  endfacet
  facet normal 0.9415 0.337014 0
    outer loop
      vertex 246.2 146.99 0
      vertex 246.83 145.23 8
      vertex 246.83 145.23 0
    endloop
  endfacet
  facet normal 0.998788 -0.0492119 0
    outer loop
      vertex 247.558 17.1828 8
      vertex 247.65 19.05 0
      vertex 247.65 19.05 8
    endloop
  endfacet
  facet normal 0.998788 -0.0492119 0
    outer loop
      vertex 247.65 19.05 0
      vertex 247.558 17.1828 8
      vertex 247.558 17.1828 0
    endloop
  endfacet
  facet normal 0.904053 0.427419 0
    outer loop
      vertex 246.2 146.99 8
      vertex 245.401 148.68 0
      vertex 245.401 148.68 8
    endloop
  endfacet
  facet normal 0.904053 0.427419 0
    outer loop
      vertex 245.401 148.68 0
      vertex 246.2 146.99 8
      vertex 246.2 146.99 0
    endloop
  endfacet
  facet normal -0.941533 0.336921 0
    outer loop
      vertex 0.820286 145.23 0
      vertex 1.45009 146.99 8
      vertex 1.45009 146.99 0
    endloop
  endfacet
  facet normal -0.941533 0.336921 0
    outer loop
      vertex 1.45009 146.99 8
      vertex 0.820286 145.23 0
      vertex 0.820286 145.23 8
    endloop
  endfacet
  facet normal -0.989174 0.14675 0
    outer loop
      vertex 0.0917301 141.567 0
      vertex 0.36604 143.416 8
      vertex 0.36604 143.416 0
    endloop
  endfacet
  facet normal -0.989174 0.14675 0
    outer loop
      vertex 0.36604 143.416 8
      vertex 0.0917301 141.567 0
      vertex 0.0917301 141.567 8
    endloop
  endfacet
  facet normal 0.857587 0.514338 0
    outer loop
      vertex 245.401 148.68 8
      vertex 244.439 150.284 0
      vertex 244.439 150.284 8
    endloop
  endfacet
  facet normal 0.857587 0.514338 0
    outer loop
      vertex 244.439 150.284 0
      vertex 245.401 148.68 8
      vertex 245.401 148.68 0
    endloop
  endfacet
  facet normal 0.0492172 0.998788 -0
    outer loop
      vertex 230.467 158.658 0
      vertex 228.6 158.75 8
      vertex 230.467 158.658 8
    endloop
  endfacet
  facet normal 0.0492172 0.998788 0
    outer loop
      vertex 228.6 158.75 8
      vertex 230.467 158.658 0
      vertex 228.6 158.75 0
    endloop
  endfacet
  facet normal 0.427419 0.904053 -0
    outer loop
      vertex 237.58 156.501 0
      vertex 235.89 157.3 8
      vertex 237.58 156.501 8
    endloop
  endfacet
  facet normal 0.427419 0.904053 0
    outer loop
      vertex 235.89 157.3 8
      vertex 237.58 156.501 0
      vertex 235.89 157.3 0
    endloop
  endfacet
  facet normal 0 0 1
    outer loop
      vertex 238.125 149.225 8
      vertex 247.65 139.7 8
      vertex 247.558 141.567 8
    endloop
  endfacet
  facet normal 0 0 1
    outer loop
      vertex 247.65 139.7 8
      vertex 238.125 149.225 8
      vertex 247.65 19.05 8
    endloop
  endfacet
  facet normal 0 0 1
    outer loop
      vertex 238.125 149.225 8
      vertex 247.558 141.567 8
      vertex 247.284 143.416 8
    endloop
  endfacet
  facet normal 0 0 1
    outer loop
      vertex 238.125 9.525 8
      vertex 247.65 19.05 8
      vertex 238.125 149.225 8
    endloop
  endfacet
  facet normal 0 0 1
    outer loop
      vertex 238.125 149.225 8
      vertex 247.284 143.416 8
      vertex 246.83 145.23 8
    endloop
  endfacet
  facet normal 0 0 1
    outer loop
      vertex 247.65 19.05 8
      vertex 238.125 9.525 8
      vertex 247.558 17.1828 8
    endloop
  endfacet
  facet normal 0 0 1
    outer loop
      vertex 238.125 149.225 8
      vertex 246.83 145.23 8
      vertex 246.2 146.99 8
    endloop
  endfacet
  facet normal 0 0 1
    outer loop
      vertex 247.558 17.1828 8
      vertex 238.125 9.525 8
      vertex 247.284 15.3335 8
    endloop
  endfacet
  facet normal 0 0 1
    outer loop
      vertex 238.125 149.225 8
      vertex 246.2 146.99 8
      vertex 245.401 148.68 8
    endloop
  endfacet
  facet normal 0 0 1
    outer loop
      vertex 247.284 15.3335 8
      vertex 238.125 9.525 8
      vertex 246.83 13.5201 8
    endloop
  endfacet
  facet normal -0 0 1
    outer loop
      vertex 238.125 149.225 8
      vertex 245.401 148.68 8
      vertex 244.439 150.284 8
    endloop
  endfacet
  facet normal 0 0 1
    outer loop
      vertex 246.83 13.5201 8
      vertex 238.125 9.525 8
      vertex 246.2 11.7599 8
    endloop
  endfacet
  facet normal 0 0 1
    outer loop
      vertex 238.125 149.225 8
      vertex 244.439 150.284 8
      vertex 243.326 151.785 8
    endloop
  endfacet
  facet normal 0 0 1
    outer loop
      vertex 246.2 11.7599 8
      vertex 238.125 9.525 8
      vertex 245.401 10.0699 8
    endloop
  endfacet
  facet normal 0 0 1
    outer loop
      vertex 238.125 149.225 8
      vertex 243.326 151.785 8
      vertex 242.07 153.17 8
    endloop
  endfacet
  facet normal 0 0 1
    outer loop
      vertex 245.401 10.0699 8
      vertex 238.125 9.525 8
      vertex 244.439 8.46639 8
    endloop
  endfacet
  facet normal 0 0 1
    outer loop
      vertex 238.125 149.225 8
      vertex 242.07 153.17 8
      vertex 240.685 154.426 8
    endloop
  endfacet
  facet normal 0 0 1
    outer loop
      vertex 244.439 8.46639 8
      vertex 238.125 9.525 8
      vertex 243.326 6.96481 8
    endloop
  endfacet
  facet normal 0 0 1
    outer loop
      vertex 238.125 149.225 8
      vertex 240.685 154.426 8
      vertex 239.184 155.539 8
    endloop
  endfacet
  facet normal 0 0 1
    outer loop
      vertex 243.326 6.96481 8
      vertex 238.125 9.525 8
      vertex 242.07 5.57962 8
    endloop
  endfacet
  facet normal 0 0 1
    outer loop
      vertex 242.07 5.57962 8
      vertex 238.125 9.525 8
      vertex 240.685 4.32415 8
    endloop
  endfacet
  facet normal 0 0 1
    outer loop
      vertex 237.58 156.501 8
      vertex 238.125 149.225 8
      vertex 239.184 155.539 8
    endloop
  endfacet
  facet normal 0 0 1
    outer loop
      vertex 235.89 157.3 8
      vertex 238.125 149.225 8
      vertex 237.58 156.501 8
    endloop
  endfacet
  facet normal 0 0 1
    outer loop
      vertex 234.13 157.93 8
      vertex 238.125 149.225 8
      vertex 235.89 157.3 8
    endloop
  endfacet
  facet normal 0 0 1
    outer loop
      vertex 232.316 158.384 8
      vertex 238.125 149.225 8
      vertex 234.13 157.93 8
    endloop
  endfacet
  facet normal 0 0 1
    outer loop
      vertex 230.467 158.658 8
      vertex 238.125 149.225 8
      vertex 232.316 158.384 8
    endloop
  endfacet
  facet normal 0 0 1
    outer loop
      vertex 228.6 158.75 8
      vertex 238.125 149.225 8
      vertex 230.467 158.658 8
    endloop
  endfacet
  facet normal -0 0 1
    outer loop
      vertex 19.05 158.75 8
      vertex 238.125 149.225 8
      vertex 228.6 158.75 8
    endloop
  endfacet
  facet normal 0 0 1
    outer loop
      vertex 9.525 149.225 8
      vertex 19.05 158.75 8
      vertex 17.1828 158.658 8
    endloop
  endfacet
  facet normal 0 0 1
    outer loop
      vertex 9.525 149.225 8
      vertex 17.1828 158.658 8
      vertex 15.3335 158.384 8
    endloop
  endfacet
  facet normal 0 0 1
    outer loop
      vertex 9.525 149.225 8
      vertex 15.3335 158.384 8
      vertex 13.5201 157.93 8
    endloop
  endfacet
  facet normal 0 0 1
    outer loop
      vertex 9.525 149.225 8
      vertex 13.5201 157.93 8
      vertex 11.7599 157.3 8
    endloop
  endfacet
  facet normal 0 0 1
    outer loop
      vertex 9.525 149.225 8
      vertex 11.7599 157.3 8
      vertex 10.0699 156.501 8
    endloop
  endfacet
  facet normal 0 0 1
    outer loop
      vertex 19.05 158.75 8
      vertex 9.525 149.225 8
      vertex 238.125 149.225 8
    endloop
  endfacet
  facet normal -0 0 1
    outer loop
      vertex 6.96481 154.426 8
      vertex 9.525 149.225 8
      vertex 8.46639 155.539 8
    endloop
  endfacet
  facet normal -0 0 1
    outer loop
      vertex 8.46639 155.539 8
      vertex 9.525 149.225 8
      vertex 10.0699 156.501 8
    endloop
  endfacet
  facet normal 0 0 1
    outer loop
      vertex 240.685 4.32415 8
      vertex 238.125 9.525 8
      vertex 239.184 3.2105 8
    endloop
  endfacet
  facet normal 0 0 1
    outer loop
      vertex 238.125 9.525 8
      vertex 237.58 2.2494 8
      vertex 239.184 3.2105 8
    endloop
  endfacet
  facet normal 0 0 1
    outer loop
      vertex 238.125 9.525 8
      vertex 235.89 1.45009 8
      vertex 237.58 2.2494 8
    endloop
  endfacet
  facet normal 0 0 1
    outer loop
      vertex 238.125 9.525 8
      vertex 234.13 0.820286 8
      vertex 235.89 1.45009 8
    endloop
  endfacet
  facet normal 0 0 1
    outer loop
      vertex 238.125 9.525 8
      vertex 232.316 0.36604 8
      vertex 234.13 0.820286 8
    endloop
  endfacet
  facet normal 0 0 1
    outer loop
      vertex 238.125 9.525 8
      vertex 230.467 0.0917301 8
      vertex 232.316 0.36604 8
    endloop
  endfacet
  facet normal 0 0 1
    outer loop
      vertex 238.125 9.525 8
      vertex 228.6 0 8
      vertex 230.467 0.0917301 8
    endloop
  endfacet
  facet normal 0 0 1
    outer loop
      vertex 238.125 9.525 8
      vertex 19.05 0 8
      vertex 228.6 0 8
    endloop
  endfacet
  facet normal -0 0 1
    outer loop
      vertex 9.525 9.525 8
      vertex 19.05 0 8
      vertex 238.125 9.525 8
    endloop
  endfacet
  facet normal 0 0 1
    outer loop
      vertex 19.05 0 8
      vertex 9.525 9.525 8
      vertex 17.1828 0.0917301 8
    endloop
  endfacet
  facet normal 0 0 1
    outer loop
      vertex 17.1828 0.0917301 8
      vertex 9.525 9.525 8
      vertex 15.3335 0.36604 8
    endloop
  endfacet
  facet normal 0 0 1
    outer loop
      vertex 15.3335 0.36604 8
      vertex 9.525 9.525 8
      vertex 13.5201 0.820286 8
    endloop
  endfacet
  facet normal 0 0 1
    outer loop
      vertex 13.5201 0.820286 8
      vertex 9.525 9.525 8
      vertex 11.7599 1.45009 8
    endloop
  endfacet
  facet normal 0 0 1
    outer loop
      vertex 11.7599 1.45009 8
      vertex 9.525 9.525 8
      vertex 10.0699 2.2494 8
    endloop
  endfacet
  facet normal 0 0 1
    outer loop
      vertex 9.525 9.525 8
      vertex 8.46639 3.2105 8
      vertex 10.0699 2.2494 8
    endloop
  endfacet
  facet normal 0 0 1
    outer loop
      vertex 9.525 149.225 8
      vertex 0 139.7 8
      vertex 9.525 9.525 8
    endloop
  endfacet
  facet normal -0 0 1
    outer loop
      vertex 5.57962 153.17 8
      vertex 9.525 149.225 8
      vertex 6.96481 154.426 8
    endloop
  endfacet
  facet normal -0 0 1
    outer loop
      vertex 0 19.05 8
      vertex 9.525 9.525 8
      vertex 0 139.7 8
    endloop
  endfacet
  facet normal -0 0 1
    outer loop
      vertex 4.32415 151.785 8
      vertex 9.525 149.225 8
      vertex 5.57962 153.17 8
    endloop
  endfacet
  facet normal -0 -0 1
    outer loop
      vertex 0.0917301 17.1828 8
      vertex 9.525 9.525 8
      vertex 0 19.05 8
    endloop
  endfacet
  facet normal -0 0 1
    outer loop
      vertex 3.2105 150.284 8
      vertex 9.525 149.225 8
      vertex 4.32415 151.785 8
    endloop
  endfacet
  facet normal 0 0 1
    outer loop
      vertex 9.525 9.525 8
      vertex 6.96481 4.32415 8
      vertex 8.46639 3.2105 8
    endloop
  endfacet
  facet normal 0 0 1
    outer loop
      vertex 2.2494 148.68 8
      vertex 9.525 149.225 8
      vertex 3.2105 150.284 8
    endloop
  endfacet
  facet normal 0 0 1
    outer loop
      vertex 9.525 9.525 8
      vertex 5.57962 5.57962 8
      vertex 6.96481 4.32415 8
    endloop
  endfacet
  facet normal 0 0 1
    outer loop
      vertex 1.45009 146.99 8
      vertex 9.525 149.225 8
      vertex 2.2494 148.68 8
    endloop
  endfacet
  facet normal 0 0 1
    outer loop
      vertex 9.525 9.525 8
      vertex 4.32415 6.96481 8
      vertex 5.57962 5.57962 8
    endloop
  endfacet
  facet normal 0 0 1
    outer loop
      vertex 0.820286 145.23 8
      vertex 9.525 149.225 8
      vertex 1.45009 146.99 8
    endloop
  endfacet
  facet normal 0 0 1
    outer loop
      vertex 9.525 9.525 8
      vertex 3.2105 8.46639 8
      vertex 4.32415 6.96481 8
    endloop
  endfacet
  facet normal 0 0 1
    outer loop
      vertex 0.36604 143.416 8
      vertex 9.525 149.225 8
      vertex 0.820286 145.23 8
    endloop
  endfacet
  facet normal 0 0 1
    outer loop
      vertex 9.525 9.525 8
      vertex 2.2494 10.0699 8
      vertex 3.2105 8.46639 8
    endloop
  endfacet
  facet normal 0 0 1
    outer loop
      vertex 0.0917301 141.567 8
      vertex 9.525 149.225 8
      vertex 0.36604 143.416 8
    endloop
  endfacet
  facet normal 0 0 1
    outer loop
      vertex 9.525 9.525 8
      vertex 1.45009 11.7599 8
      vertex 2.2494 10.0699 8
    endloop
  endfacet
  facet normal 0 0 1
    outer loop
      vertex 9.525 149.225 8
      vertex 0.0917301 141.567 8
      vertex 0 139.7 8
    endloop
  endfacet
  facet normal 0 0 1
    outer loop
      vertex 9.525 9.525 8
      vertex 0.820286 13.5201 8
      vertex 1.45009 11.7599 8
    endloop
  endfacet
  facet normal 0 0 1
    outer loop
      vertex 9.525 9.525 8
      vertex 0.36604 15.3335 8
      vertex 0.820286 13.5201 8
    endloop
  endfacet
  facet normal 0 0 1
    outer loop
      vertex 9.525 9.525 8
      vertex 0.0917301 17.1828 8
      vertex 0.36604 15.3335 8
    endloop
  endfacet
  facet normal -0.514454 0.857518 0
    outer loop
      vertex 10.0699 156.501 0
      vertex 8.46639 155.539 8
      vertex 10.0699 156.501 8
    endloop
  endfacet
  facet normal -0.514454 0.857518 0
    outer loop
      vertex 8.46639 155.539 8
      vertex 10.0699 156.501 0
      vertex 8.46639 155.539 0
    endloop
  endfacet
  facet normal -0.595476 0.803373 0
    outer loop
      vertex 8.46639 155.539 0
      vertex 6.96481 154.426 8
      vertex 8.46639 155.539 8
    endloop
  endfacet
  facet normal -0.595476 0.803373 0
    outer loop
      vertex 6.96481 154.426 8
      vertex 8.46639 155.539 0
      vertex 6.96481 154.426 0
    endloop
  endfacet
  facet normal -0.0492119 0.998788 0
    outer loop
      vertex 19.05 158.75 0
      vertex 17.1828 158.658 8
      vertex 19.05 158.75 8
    endloop
  endfacet
  facet normal -0.0492119 0.998788 0
    outer loop
      vertex 17.1828 158.658 8
      vertex 19.05 158.75 0
      vertex 17.1828 158.658 0
    endloop
  endfacet
  facet normal 0.146587 0.989198 -0
    outer loop
      vertex 232.316 158.384 0
      vertex 230.467 158.658 8
      vertex 232.316 158.384 8
    endloop
  endfacet
  facet normal 0.146587 0.989198 0
    outer loop
      vertex 230.467 158.658 8
      vertex 232.316 158.384 0
      vertex 230.467 158.658 0
    endloop
  endfacet
  facet normal 0.595624 0.803263 -0
    outer loop
      vertex 240.685 154.426 0
      vertex 239.184 155.539 8
      vertex 240.685 154.426 8
    endloop
  endfacet
  facet normal 0.595624 0.803263 0
    outer loop
      vertex 239.184 155.539 8
      vertex 240.685 154.426 0
      vertex 239.184 155.539 0
    endloop
  endfacet
  facet normal 0.97008 0.242787 0
    outer loop
      vertex 247.284 143.416 8
      vertex 246.83 145.23 0
      vertex 246.83 145.23 8
    endloop
  endfacet
  facet normal 0.97008 0.242787 0
    outer loop
      vertex 246.83 145.23 0
      vertex 247.284 143.416 8
      vertex 247.284 143.416 0
    endloop
  endfacet
  facet normal -0.0490679 -0.998795 0
    outer loop
      vertex 17.1828 0.0917301 0
      vertex 19.05 0 8
      vertex 17.1828 0.0917301 8
    endloop
  endfacet
  facet normal -0.0490679 -0.998795 -0
    outer loop
      vertex 19.05 0 8
      vertex 17.1828 0.0917301 0
      vertex 19.05 0 0
    endloop
  endfacet
  facet normal 0 -1 0
    outer loop
      vertex 19.05 0 0
      vertex 228.6 0 8
      vertex 19.05 0 8
    endloop
  endfacet
  facet normal 0 -1 -0
    outer loop
      vertex 228.6 0 8
      vertex 19.05 0 0
      vertex 228.6 0 0
    endloop
  endfacet
  facet normal 1 0 0
    outer loop
      vertex 247.65 139.7 8
      vertex 247.65 115.697 5
      vertex 247.65 139.7 0
    endloop
  endfacet
  facet normal 1 0 0
    outer loop
      vertex 247.65 139.7 8
      vertex 247.65 43.0526 5
      vertex 247.65 115.697 5
    endloop
  endfacet
  facet normal 1 0 0
    outer loop
      vertex 247.65 43.0526 5
      vertex 247.65 19.05 8
      vertex 247.65 43.0526 3
    endloop
  endfacet
  facet normal 1 -0 0
    outer loop
      vertex 247.65 19.05 8
      vertex 247.65 43.0526 5
      vertex 247.65 139.7 8
    endloop
  endfacet
  facet normal 1 -0 0
    outer loop
      vertex 247.65 115.697 3
      vertex 247.65 139.7 0
      vertex 247.65 115.697 5
    endloop
  endfacet
  facet normal 1 -0 0
    outer loop
      vertex 247.65 43.0526 3
      vertex 247.65 139.7 0
      vertex 247.65 115.697 3
    endloop
  endfacet
  facet normal 1 0 0
    outer loop
      vertex 247.65 43.0526 3
      vertex 247.65 19.05 0
      vertex 247.65 139.7 0
    endloop
  endfacet
  facet normal 1 0 0
    outer loop
      vertex 247.65 19.05 0
      vertex 247.65 43.0526 3
      vertex 247.65 19.05 8
    endloop
  endfacet
  facet normal 0.14675 -0.989174 0
    outer loop
      vertex 230.467 0.0917301 0
      vertex 232.316 0.36604 8
      vertex 230.467 0.0917301 8
    endloop
  endfacet
  facet normal 0.14675 -0.989174 0
    outer loop
      vertex 232.316 0.36604 8
      vertex 230.467 0.0917301 0
      vertex 232.316 0.36604 0
    endloop
  endfacet
  facet normal 0.595849 -0.803097 0
    outer loop
      vertex 239.184 3.2105 0
      vertex 240.685 4.32415 8
      vertex 239.184 3.2105 8
    endloop
  endfacet
  facet normal 0.595849 -0.803097 0
    outer loop
      vertex 240.685 4.32415 8
      vertex 239.184 3.2105 0
      vertex 240.685 4.32415 0
    endloop
  endfacet
  facet normal 0.671767 0.740762 -0
    outer loop
      vertex 242.07 153.17 0
      vertex 240.685 154.426 8
      vertex 242.07 153.17 8
    endloop
  endfacet
  facet normal 0.671767 0.740762 0
    outer loop
      vertex 240.685 154.426 8
      vertex 242.07 153.17 0
      vertex 240.685 154.426 0
    endloop
  endfacet
  facet normal 0.242911 -0.970049 0
    outer loop
      vertex 232.316 0.36604 0
      vertex 234.13 0.820286 8
      vertex 232.316 0.36604 8
    endloop
  endfacet
  facet normal 0.242911 -0.970049 0
    outer loop
      vertex 234.13 0.820286 8
      vertex 232.316 0.36604 0
      vertex 234.13 0.820286 0
    endloop
  endfacet
  facet normal -0.803097 0.595849 0
    outer loop
      vertex 3.2105 150.284 0
      vertex 4.32415 151.785 8
      vertex 4.32415 151.785 0
    endloop
  endfacet
  facet normal -0.803097 0.595849 0
    outer loop
      vertex 4.32415 151.785 8
      vertex 3.2105 150.284 0
      vertex 3.2105 150.284 8
    endloop
  endfacet
  facet normal 0.514338 0.857587 -0
    outer loop
      vertex 239.184 155.539 0
      vertex 237.58 156.501 8
      vertex 239.184 155.539 8
    endloop
  endfacet
  facet normal 0.514338 0.857587 0
    outer loop
      vertex 237.58 156.501 8
      vertex 239.184 155.539 0
      vertex 237.58 156.501 0
    endloop
  endfacet
  facet normal -0.857799 0.513984 0
    outer loop
      vertex 2.2494 148.68 0
      vertex 3.2105 150.284 8
      vertex 3.2105 150.284 0
    endloop
  endfacet
  facet normal -0.857799 0.513984 0
    outer loop
      vertex 3.2105 150.284 8
      vertex 2.2494 148.68 0
      vertex 2.2494 148.68 8
    endloop
  endfacet
  facet normal 0.740808 -0.671717 0
    outer loop
      vertex 242.07 5.57962 8
      vertex 243.326 6.96481 0
      vertex 243.326 6.96481 8
    endloop
  endfacet
  facet normal 0.740808 -0.671717 0
    outer loop
      vertex 243.326 6.96481 0
      vertex 242.07 5.57962 8
      vertex 242.07 5.57962 0
    endloop
  endfacet
  facet normal 0.803373 -0.595476 0
    outer loop
      vertex 243.326 6.96481 8
      vertex 244.439 8.46639 0
      vertex 244.439 8.46639 8
    endloop
  endfacet
  facet normal 0.803373 -0.595476 0
    outer loop
      vertex 244.439 8.46639 0
      vertex 243.326 6.96481 8
      vertex 243.326 6.96481 0
    endloop
  endfacet
  facet normal 0.0490732 -0.998795 0
    outer loop
      vertex 228.6 0 0
      vertex 230.467 0.0917301 8
      vertex 228.6 0 8
    endloop
  endfacet
  facet normal 0.0490732 -0.998795 0
    outer loop
      vertex 230.467 0.0917301 8
      vertex 228.6 0 0
      vertex 230.467 0.0917301 0
    endloop
  endfacet
  facet normal 0.427555 -0.903989 0
    outer loop
      vertex 235.89 1.45009 0
      vertex 237.58 2.2494 8
      vertex 235.89 1.45009 8
    endloop
  endfacet
  facet normal 0.427555 -0.903989 0
    outer loop
      vertex 237.58 2.2494 8
      vertex 235.89 1.45009 0
      vertex 237.58 2.2494 0
    endloop
  endfacet
  facet normal 0.740762 0.671767 0
    outer loop
      vertex 243.326 151.785 8
      vertex 242.07 153.17 0
      vertex 242.07 153.17 8
    endloop
  endfacet
  facet normal 0.740762 0.671767 0
    outer loop
      vertex 242.07 153.17 0
      vertex 243.326 151.785 8
      vertex 243.326 151.785 0
    endloop
  endfacet
  facet normal -0.903989 0.427555 0
    outer loop
      vertex 1.45009 146.99 0
      vertex 2.2494 148.68 8
      vertex 2.2494 148.68 0
    endloop
  endfacet
  facet normal -0.903989 0.427555 0
    outer loop
      vertex 2.2494 148.68 8
      vertex 1.45009 146.99 0
      vertex 1.45009 146.99 8
    endloop
  endfacet
  facet normal 0.941512 -0.33698 0
    outer loop
      vertex 246.2 11.7599 8
      vertex 246.83 13.5201 0
      vertex 246.83 13.5201 8
    endloop
  endfacet
  facet normal 0.941512 -0.33698 0
    outer loop
      vertex 246.83 13.5201 0
      vertex 246.2 11.7599 8
      vertex 246.2 11.7599 0
    endloop
  endfacet
  facet normal -0.242863 0.970061 0
    outer loop
      vertex 15.3335 158.384 0
      vertex 13.5201 157.93 8
      vertex 15.3335 158.384 8
    endloop
  endfacet
  facet normal -0.242863 0.970061 0
    outer loop
      vertex 13.5201 157.93 8
      vertex 15.3335 158.384 0
      vertex 13.5201 157.93 0
    endloop
  endfacet
  facet normal 0.336921 -0.941533 0
    outer loop
      vertex 234.13 0.820286 0
      vertex 235.89 1.45009 8
      vertex 234.13 0.820286 8
    endloop
  endfacet
  facet normal 0.336921 -0.941533 0
    outer loop
      vertex 235.89 1.45009 8
      vertex 234.13 0.820286 0
      vertex 235.89 1.45009 0
    endloop
  endfacet
  facet normal -0.941545 -0.336887 0
    outer loop
      vertex 1.45009 11.7599 0
      vertex 0.820286 13.5201 8
      vertex 0.820286 13.5201 0
    endloop
  endfacet
  facet normal -0.941545 -0.336887 0
    outer loop
      vertex 0.820286 13.5201 8
      vertex 1.45009 11.7599 0
      vertex 1.45009 11.7599 8
    endloop
  endfacet
  facet normal -0.803207 -0.5957 0
    outer loop
      vertex 4.32415 6.96481 0
      vertex 3.2105 8.46639 8
      vertex 3.2105 8.46639 0
    endloop
  endfacet
  facet normal -0.803207 -0.5957 0
    outer loop
      vertex 3.2105 8.46639 8
      vertex 4.32415 6.96481 0
      vertex 4.32415 6.96481 8
    endloop
  endfacet
  facet normal -0.146564 0.989201 0
    outer loop
      vertex 17.1828 158.658 0
      vertex 15.3335 158.384 8
      vertex 17.1828 158.658 8
    endloop
  endfacet
  facet normal -0.146564 0.989201 0
    outer loop
      vertex 15.3335 158.384 8
      vertex 17.1828 158.658 0
      vertex 15.3335 158.384 0
    endloop
  endfacet
  facet normal -0.970049 0.242911 0
    outer loop
      vertex 0.36604 143.416 0
      vertex 0.820286 145.23 8
      vertex 0.820286 145.23 0
    endloop
  endfacet
  facet normal -0.970049 0.242911 0
    outer loop
      vertex 0.820286 145.23 8
      vertex 0.36604 143.416 0
      vertex 0.36604 143.416 8
    endloop
  endfacet
  facet normal -0.903989 -0.427555 0
    outer loop
      vertex 2.2494 10.0699 0
      vertex 1.45009 11.7599 8
      vertex 1.45009 11.7599 0
    endloop
  endfacet
  facet normal -0.903989 -0.427555 0
    outer loop
      vertex 1.45009 11.7599 8
      vertex 2.2494 10.0699 0
      vertex 2.2494 10.0699 8
    endloop
  endfacet
  facet normal -0.33698 0.941512 0
    outer loop
      vertex 13.5201 157.93 0
      vertex 11.7599 157.3 8
      vertex 13.5201 157.93 8
    endloop
  endfacet
  facet normal -0.33698 0.941512 0
    outer loop
      vertex 11.7599 157.3 8
      vertex 13.5201 157.93 0
      vertex 11.7599 157.3 0
    endloop
  endfacet
  facet normal -0.427419 0.904053 0
    outer loop
      vertex 11.7599 157.3 0
      vertex 10.0699 156.501 8
      vertex 11.7599 157.3 8
    endloop
  endfacet
  facet normal -0.427419 0.904053 0
    outer loop
      vertex 10.0699 156.501 8
      vertex 11.7599 157.3 0
      vertex 10.0699 156.501 0
    endloop
  endfacet
  facet normal 0.857518 -0.514454 0
    outer loop
      vertex 244.439 8.46639 8
      vertex 245.401 10.0699 0
      vertex 245.401 10.0699 8
    endloop
  endfacet
  facet normal 0.857518 -0.514454 0
    outer loop
      vertex 245.401 10.0699 0
      vertex 244.439 8.46639 8
      vertex 244.439 8.46639 0
    endloop
  endfacet
  facet normal 0.803263 0.595624 0
    outer loop
      vertex 244.439 150.284 8
      vertex 243.326 151.785 0
      vertex 243.326 151.785 8
    endloop
  endfacet
  facet normal 0.803263 0.595624 0
    outer loop
      vertex 243.326 151.785 0
      vertex 244.439 150.284 8
      vertex 244.439 150.284 0
    endloop
  endfacet
  facet normal 0.242787 0.97008 -0
    outer loop
      vertex 234.13 157.93 0
      vertex 232.316 158.384 8
      vertex 234.13 157.93 8
    endloop
  endfacet
  facet normal 0.242787 0.97008 0
    outer loop
      vertex 232.316 158.384 8
      vertex 234.13 157.93 0
      vertex 232.316 158.384 0
    endloop
  endfacet
  facet normal 0.337014 0.9415 -0
    outer loop
      vertex 235.89 157.3 0
      vertex 234.13 157.93 8
      vertex 235.89 157.3 8
    endloop
  endfacet
  facet normal 0.337014 0.9415 0
    outer loop
      vertex 234.13 157.93 8
      vertex 235.89 157.3 0
      vertex 234.13 157.93 0
    endloop
  endfacet
  facet normal 0.513984 -0.857799 0
    outer loop
      vertex 237.58 2.2494 0
      vertex 239.184 3.2105 8
      vertex 237.58 2.2494 8
    endloop
  endfacet
  facet normal 0.513984 -0.857799 0
    outer loop
      vertex 239.184 3.2105 8
      vertex 237.58 2.2494 0
      vertex 239.184 3.2105 0
    endloop
  endfacet
  facet normal -0.5957 -0.803207 0
    outer loop
      vertex 6.96481 4.32415 0
      vertex 8.46639 3.2105 8
      vertex 6.96481 4.32415 8
    endloop
  endfacet
  facet normal -0.5957 -0.803207 -0
    outer loop
      vertex 8.46639 3.2105 8
      vertex 6.96481 4.32415 0
      vertex 8.46639 3.2105 0
    endloop
  endfacet
  facet normal 0.989201 -0.146564 0
    outer loop
      vertex 247.284 15.3335 8
      vertex 247.558 17.1828 0
      vertex 247.558 17.1828 8
    endloop
  endfacet
  facet normal 0.989201 -0.146564 0
    outer loop
      vertex 247.558 17.1828 0
      vertex 247.284 15.3335 8
      vertex 247.284 15.3335 0
    endloop
  endfacet
  facet normal -0.85773 -0.5141 0
    outer loop
      vertex 3.2105 8.46639 0
      vertex 2.2494 10.0699 8
      vertex 2.2494 10.0699 0
    endloop
  endfacet
  facet normal -0.85773 -0.5141 0
    outer loop
      vertex 2.2494 10.0699 8
      vertex 3.2105 8.46639 0
      vertex 3.2105 8.46639 8
    endloop
  endfacet
  facet normal 0 0 -1
    outer loop
      vertex 228.6 0 0
      vertex 247.65 19.05 0
      vertex 247.558 17.1828 0
    endloop
  endfacet
  facet normal -0 0 -1
    outer loop
      vertex 247.65 19.05 0
      vertex 228.6 0 0
      vertex 247.65 139.7 0
    endloop
  endfacet
  facet normal 0 0 -1
    outer loop
      vertex 228.6 0 0
      vertex 247.558 17.1828 0
      vertex 247.284 15.3335 0
    endloop
  endfacet
  facet normal 0 0 -1
    outer loop
      vertex 228.6 158.75 0
      vertex 247.65 139.7 0
      vertex 228.6 0 0
    endloop
  endfacet
  facet normal 0 0 -1
    outer loop
      vertex 228.6 0 0
      vertex 247.284 15.3335 0
      vertex 246.83 13.5201 0
    endloop
  endfacet
  facet normal 0 0 -1
    outer loop
      vertex 247.65 139.7 0
      vertex 228.6 158.75 0
      vertex 247.558 141.567 0
    endloop
  endfacet
  facet normal 0 0 -1
    outer loop
      vertex 228.6 0 0
      vertex 246.83 13.5201 0
      vertex 246.2 11.7599 0
    endloop
  endfacet
  facet normal 0 0 -1
    outer loop
      vertex 247.558 141.567 0
      vertex 228.6 158.75 0
      vertex 247.284 143.416 0
    endloop
  endfacet
  facet normal 0 0 -1
    outer loop
      vertex 228.6 0 0
      vertex 246.2 11.7599 0
      vertex 245.401 10.0699 0
    endloop
  endfacet
  facet normal 0 0 -1
    outer loop
      vertex 247.284 143.416 0
      vertex 228.6 158.75 0
      vertex 246.83 145.23 0
    endloop
  endfacet
  facet normal 0 0 -1
    outer loop
      vertex 228.6 0 0
      vertex 245.401 10.0699 0
      vertex 244.439 8.46639 0
    endloop
  endfacet
  facet normal 0 0 -1
    outer loop
      vertex 246.83 145.23 0
      vertex 228.6 158.75 0
      vertex 246.2 146.99 0
    endloop
  endfacet
  facet normal 0 0 -1
    outer loop
      vertex 228.6 0 0
      vertex 244.439 8.46639 0
      vertex 243.326 6.96481 0
    endloop
  endfacet
  facet normal 0 0 -1
    outer loop
      vertex 246.2 146.99 0
      vertex 228.6 158.75 0
      vertex 245.401 148.68 0
    endloop
  endfacet
  facet normal 0 0 -1
    outer loop
      vertex 228.6 0 0
      vertex 243.326 6.96481 0
      vertex 242.07 5.57962 0
    endloop
  endfacet
  facet normal 0 0 -1
    outer loop
      vertex 245.401 148.68 0
      vertex 228.6 158.75 0
      vertex 244.439 150.284 0
    endloop
  endfacet
  facet normal 0 0 -1
    outer loop
      vertex 228.6 0 0
      vertex 242.07 5.57962 0
      vertex 240.685 4.32415 0
    endloop
  endfacet
  facet normal 0 0 -1
    outer loop
      vertex 244.439 150.284 0
      vertex 228.6 158.75 0
      vertex 243.326 151.785 0
    endloop
  endfacet
  facet normal 0 0 -1
    outer loop
      vertex 228.6 0 0
      vertex 240.685 4.32415 0
      vertex 239.184 3.2105 0
    endloop
  endfacet
  facet normal 0 0 -1
    outer loop
      vertex 243.326 151.785 0
      vertex 228.6 158.75 0
      vertex 242.07 153.17 0
    endloop
  endfacet
  facet normal 0 0 -1
    outer loop
      vertex 228.6 0 0
      vertex 239.184 3.2105 0
      vertex 237.58 2.2494 0
    endloop
  endfacet
  facet normal 0 0 -1
    outer loop
      vertex 242.07 153.17 0
      vertex 228.6 158.75 0
      vertex 240.685 154.426 0
    endloop
  endfacet
  facet normal 0 0 -1
    outer loop
      vertex 228.6 0 0
      vertex 237.58 2.2494 0
      vertex 235.89 1.45009 0
    endloop
  endfacet
  facet normal 0 0 -1
    outer loop
      vertex 240.685 154.426 0
      vertex 228.6 158.75 0
      vertex 239.184 155.539 0
    endloop
  endfacet
  facet normal 0 0 -1
    outer loop
      vertex 228.6 0 0
      vertex 235.89 1.45009 0
      vertex 234.13 0.820286 0
    endloop
  endfacet
  facet normal 0 0 -1
    outer loop
      vertex 239.184 155.539 0
      vertex 228.6 158.75 0
      vertex 237.58 156.501 0
    endloop
  endfacet
  facet normal 0 0 -1
    outer loop
      vertex 228.6 0 0
      vertex 234.13 0.820286 0
      vertex 232.316 0.36604 0
    endloop
  endfacet
  facet normal 0 0 -1
    outer loop
      vertex 237.58 156.501 0
      vertex 228.6 158.75 0
      vertex 235.89 157.3 0
    endloop
  endfacet
  facet normal 0 0 -1
    outer loop
      vertex 228.6 0 0
      vertex 232.316 0.36604 0
      vertex 230.467 0.0917301 0
    endloop
  endfacet
  facet normal 0 0 -1
    outer loop
      vertex 235.89 157.3 0
      vertex 228.6 158.75 0
      vertex 234.13 157.93 0
    endloop
  endfacet
  facet normal 0 0 -1
    outer loop
      vertex 234.13 157.93 0
      vertex 228.6 158.75 0
      vertex 232.316 158.384 0
    endloop
  endfacet
  facet normal 0 0 -1
    outer loop
      vertex 232.316 158.384 0
      vertex 228.6 158.75 0
      vertex 230.467 158.658 0
    endloop
  endfacet
  facet normal 0 0 -1
    outer loop
      vertex 19.05 0 0
      vertex 228.6 158.75 0
      vertex 228.6 0 0
    endloop
  endfacet
  facet normal 0 0 -1
    outer loop
      vertex 19.05 0 0
      vertex 19.05 158.75 0
      vertex 228.6 158.75 0
    endloop
  endfacet
  facet normal 0 0 -1
    outer loop
      vertex 0 19.05 0
      vertex 19.05 0 0
      vertex 17.1828 0.0917301 0
    endloop
  endfacet
  facet normal 0 0 -1
    outer loop
      vertex 19.05 0 0
      vertex 0 19.05 0
      vertex 19.05 158.75 0
    endloop
  endfacet
  facet normal 0 0 -1
    outer loop
      vertex 0 19.05 0
      vertex 17.1828 0.0917301 0
      vertex 15.3335 0.36604 0
    endloop
  endfacet
  facet normal 0 0 -1
    outer loop
      vertex 0 139.7 0
      vertex 19.05 158.75 0
      vertex 0 19.05 0
    endloop
  endfacet
  facet normal 0 0 -1
    outer loop
      vertex 0 19.05 0
      vertex 15.3335 0.36604 0
      vertex 13.5201 0.820286 0
    endloop
  endfacet
  facet normal 0 0 -1
    outer loop
      vertex 19.05 158.75 0
      vertex 0 139.7 0
      vertex 17.1828 158.658 0
    endloop
  endfacet
  facet normal 0 0 -1
    outer loop
      vertex 0 19.05 0
      vertex 13.5201 0.820286 0
      vertex 11.7599 1.45009 0
    endloop
  endfacet
  facet normal 0 0 -1
    outer loop
      vertex 17.1828 158.658 0
      vertex 0 139.7 0
      vertex 15.3335 158.384 0
    endloop
  endfacet
  facet normal 0 0 -1
    outer loop
      vertex 0 19.05 0
      vertex 11.7599 1.45009 0
      vertex 10.0699 2.2494 0
    endloop
  endfacet
  facet normal 0 0 -1
    outer loop
      vertex 15.3335 158.384 0
      vertex 0 139.7 0
      vertex 13.5201 157.93 0
    endloop
  endfacet
  facet normal 0 0 -1
    outer loop
      vertex 0 19.05 0
      vertex 10.0699 2.2494 0
      vertex 8.46639 3.2105 0
    endloop
  endfacet
  facet normal 0 0 -1
    outer loop
      vertex 13.5201 157.93 0
      vertex 0 139.7 0
      vertex 11.7599 157.3 0
    endloop
  endfacet
  facet normal 0 0 -1
    outer loop
      vertex 0 19.05 0
      vertex 8.46639 3.2105 0
      vertex 6.96481 4.32415 0
    endloop
  endfacet
  facet normal 0 0 -1
    outer loop
      vertex 11.7599 157.3 0
      vertex 0 139.7 0
      vertex 10.0699 156.501 0
    endloop
  endfacet
  facet normal 0 0 -1
    outer loop
      vertex 0 19.05 0
      vertex 6.96481 4.32415 0
      vertex 5.57962 5.57962 0
    endloop
  endfacet
  facet normal 0 0 -1
    outer loop
      vertex 10.0699 156.501 0
      vertex 0 139.7 0
      vertex 8.46639 155.539 0
    endloop
  endfacet
  facet normal 0 0 -1
    outer loop
      vertex 0 19.05 0
      vertex 5.57962 5.57962 0
      vertex 4.32415 6.96481 0
    endloop
  endfacet
  facet normal 0 0 -1
    outer loop
      vertex 8.46639 155.539 0
      vertex 0 139.7 0
      vertex 6.96481 154.426 0
    endloop
  endfacet
  facet normal 0 0 -1
    outer loop
      vertex 0 19.05 0
      vertex 4.32415 6.96481 0
      vertex 3.2105 8.46639 0
    endloop
  endfacet
  facet normal 0 0 -1
    outer loop
      vertex 6.96481 154.426 0
      vertex 0 139.7 0
      vertex 5.57962 153.17 0
    endloop
  endfacet
  facet normal 0 0 -1
    outer loop
      vertex 0 19.05 0
      vertex 3.2105 8.46639 0
      vertex 2.2494 10.0699 0
    endloop
  endfacet
  facet normal 0 0 -1
    outer loop
      vertex 5.57962 153.17 0
      vertex 0 139.7 0
      vertex 4.32415 151.785 0
    endloop
  endfacet
  facet normal 0 0 -1
    outer loop
      vertex 0 19.05 0
      vertex 2.2494 10.0699 0
      vertex 1.45009 11.7599 0
    endloop
  endfacet
  facet normal 0 0 -1
    outer loop
      vertex 4.32415 151.785 0
      vertex 0 139.7 0
      vertex 3.2105 150.284 0
    endloop
  endfacet
  facet normal 0 0 -1
    outer loop
      vertex 0 19.05 0
      vertex 1.45009 11.7599 0
      vertex 0.820286 13.5201 0
    endloop
  endfacet
  facet normal 0 0 -1
    outer loop
      vertex 3.2105 150.284 0
      vertex 0 139.7 0
      vertex 2.2494 148.68 0
    endloop
  endfacet
  facet normal 0 0 -1
    outer loop
      vertex 0 19.05 0
      vertex 0.820286 13.5201 0
      vertex 0.36604 15.3335 0
    endloop
  endfacet
  facet normal 0 0 -1
    outer loop
      vertex 2.2494 148.68 0
      vertex 0 139.7 0
      vertex 1.45009 146.99 0
    endloop
  endfacet
  facet normal 0 0 -1
    outer loop
      vertex 0 19.05 0
      vertex 0.36604 15.3335 0
      vertex 0.0917301 17.1828 0
    endloop
  endfacet
  facet normal 0 0 -1
    outer loop
      vertex 1.45009 146.99 0
      vertex 0 139.7 0
      vertex 0.820286 145.23 0
    endloop
  endfacet
  facet normal 0 0 -1
    outer loop
      vertex 0.820286 145.23 0
      vertex 0 139.7 0
      vertex 0.36604 143.416 0
    endloop
  endfacet
  facet normal 0 0 -1
    outer loop
      vertex 0.36604 143.416 0
      vertex 0 139.7 0
      vertex 0.0917301 141.567 0
    endloop
  endfacet
  facet normal -0.5141 -0.85773 0
    outer loop
      vertex 8.46639 3.2105 0
      vertex 10.0699 2.2494 8
      vertex 8.46639 3.2105 8
    endloop
  endfacet
  facet normal -0.5141 -0.85773 -0
    outer loop
      vertex 10.0699 2.2494 8
      vertex 8.46639 3.2105 0
      vertex 10.0699 2.2494 0
    endloop
  endfacet
  facet normal -0.146726 -0.989177 0
    outer loop
      vertex 15.3335 0.36604 0
      vertex 17.1828 0.0917301 8
      vertex 15.3335 0.36604 8
    endloop
  endfacet
  facet normal -0.146726 -0.989177 -0
    outer loop
      vertex 17.1828 0.0917301 8
      vertex 15.3335 0.36604 0
      vertex 17.1828 0.0917301 0
    endloop
  endfacet
  facet normal -0.242987 -0.97003 0
    outer loop
      vertex 13.5201 0.820286 0
      vertex 15.3335 0.36604 8
      vertex 13.5201 0.820286 8
    endloop
  endfacet
  facet normal -0.242987 -0.97003 -0
    outer loop
      vertex 15.3335 0.36604 8
      vertex 13.5201 0.820286 0
      vertex 15.3335 0.36604 0
    endloop
  endfacet
  facet normal 0.904053 -0.427419 0
    outer loop
      vertex 245.401 10.0699 8
      vertex 246.2 11.7599 0
      vertex 246.2 11.7599 8
    endloop
  endfacet
  facet normal 0.904053 -0.427419 0
    outer loop
      vertex 246.2 11.7599 0
      vertex 245.401 10.0699 8
      vertex 245.401 10.0699 0
    endloop
  endfacet
  facet normal -0.671561 -0.740949 0
    outer loop
      vertex 5.57962 5.57962 0
      vertex 6.96481 4.32415 8
      vertex 5.57962 5.57962 8
    endloop
  endfacet
  facet normal -0.671561 -0.740949 -0
    outer loop
      vertex 6.96481 4.32415 8
      vertex 5.57962 5.57962 0
      vertex 6.96481 4.32415 0
    endloop
  endfacet
  facet normal -0.97003 -0.242987 0
    outer loop
      vertex 0.820286 13.5201 0
      vertex 0.36604 15.3335 8
      vertex 0.36604 15.3335 0
    endloop
  endfacet
  facet normal -0.97003 -0.242987 0
    outer loop
      vertex 0.36604 15.3335 8
      vertex 0.820286 13.5201 0
      vertex 0.820286 13.5201 8
    endloop
  endfacet
  facet normal -1 0 0
    outer loop
      vertex 238.125 9.525 2.4
      vertex 238.125 149.225 8
      vertex 238.125 149.225 2.4
    endloop
  endfacet
  facet normal -1 -0 0
    outer loop
      vertex 238.125 149.225 8
      vertex 238.125 9.525 2.4
      vertex 238.125 9.525 8
    endloop
  endfacet
  facet normal -0 0 1
    outer loop
      vertex 9.525 149.225 2.4
      vertex 238.125 9.525 2.4
      vertex 238.125 149.225 2.4
    endloop
  endfacet
  facet normal 0 0 1
    outer loop
      vertex 238.125 9.525 2.4
      vertex 9.525 149.225 2.4
      vertex 9.525 9.525 2.4
    endloop
  endfacet
  facet normal 1 -0 0
    outer loop
      vertex 9.525 9.525 8
      vertex 9.525 149.225 2.4
      vertex 9.525 149.225 8
    endloop
  endfacet
  facet normal 1 0 0
    outer loop
      vertex 9.525 149.225 2.4
      vertex 9.525 9.525 8
      vertex 9.525 9.525 2.4
    endloop
  endfacet
  facet normal 0 -1 0
    outer loop
      vertex 9.525 149.225 2.4
      vertex 238.125 149.225 8
      vertex 9.525 149.225 8
    endloop
  endfacet
  facet normal 0 -1 -0
    outer loop
      vertex 238.125 149.225 8
      vertex 9.525 149.225 2.4
      vertex 238.125 149.225 2.4
    endloop
  endfacet
  facet normal 0 1 -0
    outer loop
      vertex 238.125 9.525 2.4
      vertex 9.525 9.525 8
      vertex 238.125 9.525 8
    endloop
  endfacet
  facet normal 0 1 0
    outer loop
      vertex 9.525 9.525 8
      vertex 238.125 9.525 2.4
      vertex 9.525 9.525 2.4
    endloop
  endfacet
  facet normal 0 0 -1
    outer loop
      vertex -7.18071 47.0366 3
      vertex 0 43.0526 3
      vertex -0.0485802 42.9871 3
    endloop
  endfacet
  facet normal 0 0 -1
    outer loop
      vertex 0 43.0526 3
      vertex -3.89401 79.375 3
      vertex 0 115.697 3
    endloop
  endfacet
  facet normal 0 0 -1
    outer loop
      vertex -7.18071 47.0366 3
      vertex -0.0485802 42.9871 3
      vertex -0.643368 42.3309 3
    endloop
  endfacet
  facet normal 0 0 -1
    outer loop
      vertex -3.9163 82.6873 3
      vertex 0 115.697 3
      vertex -3.89401 79.375 3
    endloop
  endfacet
  facet normal 0 0 -1
    outer loop
      vertex -7.18071 47.0366 3
      vertex -0.643368 42.3309 3
      vertex -1.2996 41.7361 3
    endloop
  endfacet
  facet normal 0 0 -1
    outer loop
      vertex -3.98298 85.9678 3
      vertex 0 115.697 3
      vertex -3.9163 82.6873 3
    endloop
  endfacet
  facet normal 0 0 -1
    outer loop
      vertex -7.62155 46.2308 3
      vertex -1.2996 41.7361 3
      vertex -2.01098 41.2085 3
    endloop
  endfacet
  facet normal 0 0 -1
    outer loop
      vertex -4.09341 89.1847 3
      vertex 0 115.697 3
      vertex -3.98298 85.9678 3
    endloop
  endfacet
  facet normal 0 0 -1
    outer loop
      vertex -7.62155 46.2308 3
      vertex -2.01098 41.2085 3
      vertex -2.77066 40.7532 3
    endloop
  endfacet
  facet normal 0 0 -1
    outer loop
      vertex -4.24652 92.3072 3
      vertex 0 115.697 3
      vertex -4.09341 89.1847 3
    endloop
  endfacet
  facet normal 0 0 -1
    outer loop
      vertex -7.62155 46.2308 3
      vertex -2.77066 40.7532 3
      vertex -3.57129 40.3745 3
    endloop
  endfacet
  facet normal 0 0 -1
    outer loop
      vertex -4.44082 95.3051 3
      vertex 0 115.697 3
      vertex -4.24652 92.3072 3
    endloop
  endfacet
  facet normal 0 0 -1
    outer loop
      vertex -4.67447 98.1497 3
      vertex 0 115.697 3
      vertex -4.44082 95.3051 3
    endloop
  endfacet
  facet normal 0 0 -1
    outer loop
      vertex 0 43.0526 3
      vertex -3.9163 76.0627 3
      vertex -3.89401 79.375 3
    endloop
  endfacet
  facet normal 0 0 -1
    outer loop
      vertex 0 43.0526 3
      vertex -3.98298 72.7822 3
      vertex -3.9163 76.0627 3
    endloop
  endfacet
  facet normal 0 0 -1
    outer loop
      vertex 0 43.0526 3
      vertex -4.09341 69.5653 3
      vertex -3.98298 72.7822 3
    endloop
  endfacet
  facet normal 0 0 -1
    outer loop
      vertex 0 43.0526 3
      vertex -4.24652 66.4428 3
      vertex -4.09341 69.5653 3
    endloop
  endfacet
  facet normal 0 0 -1
    outer loop
      vertex -7.62155 46.2308 3
      vertex -3.57129 40.3745 3
      vertex -4.40519 40.0761 3
    endloop
  endfacet
  facet normal 0 0 -1
    outer loop
      vertex 0 43.0526 3
      vertex -4.44082 63.4448 3
      vertex -4.24652 66.4428 3
    endloop
  endfacet
  facet normal 0 0 -1
    outer loop
      vertex 0 43.0526 3
      vertex -4.67447 60.6003 3
      vertex -4.44082 63.4448 3
    endloop
  endfacet
  facet normal 0 0 -1
    outer loop
      vertex 0 43.0526 3
      vertex -4.9452 57.9366 3
      vertex -4.67447 60.6003 3
    endloop
  endfacet
  facet normal 0 0 -1
    outer loop
      vertex 0 43.0526 3
      vertex -5.25039 55.4794 3
      vertex -4.9452 57.9366 3
    endloop
  endfacet
  facet normal 0 0 -1
    outer loop
      vertex -8.07109 45.7442 3
      vertex -4.40519 40.0761 3
      vertex -5.26432 39.8609 3
    endloop
  endfacet
  facet normal 0 0 -1
    outer loop
      vertex 0 43.0526 3
      vertex -5.58714 53.2523 3
      vertex -5.25039 55.4794 3
    endloop
  endfacet
  facet normal 0 0 -1
    outer loop
      vertex 0 43.0526 3
      vertex -5.95216 51.2767 3
      vertex -5.58714 53.2523 3
    endloop
  endfacet
  facet normal 0 0 -1
    outer loop
      vertex -8.07109 45.7442 3
      vertex -5.26432 39.8609 3
      vertex -6.14041 39.731 3
    endloop
  endfacet
  facet normal 0 0 -1
    outer loop
      vertex 0 43.0526 3
      vertex -6.34198 49.5718 3
      vertex -5.95216 51.2767 3
    endloop
  endfacet
  facet normal 0 0 -1
    outer loop
      vertex 0 43.0526 3
      vertex -6.7528 48.1539 3
      vertex -6.34198 49.5718 3
    endloop
  endfacet
  facet normal 0 0 -1
    outer loop
      vertex -8.07109 45.7442 3
      vertex -6.14041 39.731 3
      vertex -7.02501 39.6875 3
    endloop
  endfacet
  facet normal 0 0 -1
    outer loop
      vertex 0 43.0526 3
      vertex -7.18071 47.0366 3
      vertex -6.7528 48.1539 3
    endloop
  endfacet
  facet normal 0 0 -1
    outer loop
      vertex -1.2996 41.7361 3
      vertex -7.62155 46.2308 3
      vertex -7.18071 47.0366 3
    endloop
  endfacet
  facet normal 0 0 -1
    outer loop
      vertex -4.40519 40.0761 3
      vertex -8.07109 45.7442 3
      vertex -7.62155 46.2308 3
    endloop
  endfacet
  facet normal 0 0 -1
    outer loop
      vertex -7.02501 39.6875 3
      vertex -8.52501 45.5815 3
      vertex -8.07109 45.7442 3
    endloop
  endfacet
  facet normal 0 0 -1
    outer loop
      vertex -10.025 39.6875 3
      vertex -8.52501 45.5815 3
      vertex -7.02501 39.6875 3
    endloop
  endfacet
  facet normal -0 0 -1
    outer loop
      vertex -8.52501 45.5815 3
      vertex -10.025 39.6875 3
      vertex -8.97892 45.7442 3
    endloop
  endfacet
  facet normal 0 0 -1
    outer loop
      vertex -10.9096 39.731 3
      vertex -8.97892 45.7442 3
      vertex -10.025 39.6875 3
    endloop
  endfacet
  facet normal 0 0 -1
    outer loop
      vertex -11.7857 39.8609 3
      vertex -8.97892 45.7442 3
      vertex -10.9096 39.731 3
    endloop
  endfacet
  facet normal 0 0 -1
    outer loop
      vertex -12.6448 40.0761 3
      vertex -8.97892 45.7442 3
      vertex -11.7857 39.8609 3
    endloop
  endfacet
  facet normal -0 0 -1
    outer loop
      vertex -8.97892 45.7442 3
      vertex -12.6448 40.0761 3
      vertex -9.42846 46.2308 3
    endloop
  endfacet
  facet normal 0 0 -1
    outer loop
      vertex -13.4787 40.3745 3
      vertex -9.42846 46.2308 3
      vertex -12.6448 40.0761 3
    endloop
  endfacet
  facet normal 0 0 -1
    outer loop
      vertex -14.2794 40.7532 3
      vertex -9.42846 46.2308 3
      vertex -13.4787 40.3745 3
    endloop
  endfacet
  facet normal 0 0 -1
    outer loop
      vertex -15.039 41.2085 3
      vertex -9.42846 46.2308 3
      vertex -14.2794 40.7532 3
    endloop
  endfacet
  facet normal 0 0 -1
    outer loop
      vertex -15.7504 41.7361 3
      vertex -9.42846 46.2308 3
      vertex -15.039 41.2085 3
    endloop
  endfacet
  facet normal -0 0 -1
    outer loop
      vertex -9.42846 46.2308 3
      vertex -15.7504 41.7361 3
      vertex -9.86932 47.0366 3
    endloop
  endfacet
  facet normal 0 0 -1
    outer loop
      vertex -16.4066 42.3309 3
      vertex -9.86932 47.0366 3
      vertex -15.7504 41.7361 3
    endloop
  endfacet
  facet normal -0 0 -1
    outer loop
      vertex -11.7996 55.4794 3
      vertex -19.05 48.7125 3
      vertex -12.1048 57.9366 3
    endloop
  endfacet
  facet normal -0 0 -1
    outer loop
      vertex -12.1048 57.9366 3
      vertex -19.05 48.7125 3
      vertex -12.3755 60.6003 3
    endloop
  endfacet
  facet normal 0 0 -1
    outer loop
      vertex -17.0014 42.9871 3
      vertex -9.86932 47.0366 3
      vertex -16.4066 42.3309 3
    endloop
  endfacet
  facet normal -0 0 -1
    outer loop
      vertex -12.3755 60.6003 3
      vertex -19.05 48.7125 3
      vertex -12.6092 63.4448 3
    endloop
  endfacet
  facet normal -0 0 -1
    outer loop
      vertex -12.6092 63.4448 3
      vertex -19.05 48.7125 3
      vertex -12.8035 66.4428 3
    endloop
  endfacet
  facet normal -0 0 -1
    outer loop
      vertex -12.8035 66.4428 3
      vertex -19.05 48.7125 3
      vertex -12.9566 69.5653 3
    endloop
  endfacet
  facet normal -0 0 -1
    outer loop
      vertex -12.9566 69.5653 3
      vertex -19.05 48.7125 3
      vertex -13.067 72.7822 3
    endloop
  endfacet
  facet normal -0 0 -1
    outer loop
      vertex -13.067 72.7822 3
      vertex -19.05 48.7125 3
      vertex -13.1337 76.0627 3
    endloop
  endfacet
  facet normal 0 0 -1
    outer loop
      vertex -17.529 43.6985 3
      vertex -9.86932 47.0366 3
      vertex -17.0014 42.9871 3
    endloop
  endfacet
  facet normal 0 0 -1
    outer loop
      vertex -4.9452 100.813 3
      vertex 0 115.697 3
      vertex -4.67447 98.1497 3
    endloop
  endfacet
  facet normal 0 0 -1
    outer loop
      vertex -5.25039 103.271 3
      vertex 0 115.697 3
      vertex -4.9452 100.813 3
    endloop
  endfacet
  facet normal 0 0 -1
    outer loop
      vertex -5.58714 105.498 3
      vertex 0 115.697 3
      vertex -5.25039 103.271 3
    endloop
  endfacet
  facet normal 0 0 -1
    outer loop
      vertex -5.95216 107.473 3
      vertex 0 115.697 3
      vertex -5.58714 105.498 3
    endloop
  endfacet
  facet normal 0 0 -1
    outer loop
      vertex -6.34198 109.178 3
      vertex 0 115.697 3
      vertex -5.95216 107.473 3
    endloop
  endfacet
  facet normal 0 0 -1
    outer loop
      vertex -6.7528 110.596 3
      vertex 0 115.697 3
      vertex -6.34198 109.178 3
    endloop
  endfacet
  facet normal 0 0 -1
    outer loop
      vertex -7.18071 111.713 3
      vertex 0 115.697 3
      vertex -6.7528 110.596 3
    endloop
  endfacet
  facet normal -0 0 -1
    outer loop
      vertex 0 115.697 3
      vertex -7.18071 111.713 3
      vertex -0.0485802 115.763 3
    endloop
  endfacet
  facet normal -0 0 -1
    outer loop
      vertex -0.0485802 115.763 3
      vertex -7.18071 111.713 3
      vertex -0.643368 116.419 3
    endloop
  endfacet
  facet normal -0 0 -1
    outer loop
      vertex -0.643368 116.419 3
      vertex -7.18071 111.713 3
      vertex -1.2996 117.014 3
    endloop
  endfacet
  facet normal 0 0 -1
    outer loop
      vertex -7.62155 112.519 3
      vertex -1.2996 117.014 3
      vertex -7.18071 111.713 3
    endloop
  endfacet
  facet normal -0 0 -1
    outer loop
      vertex -1.2996 117.014 3
      vertex -7.62155 112.519 3
      vertex -2.01098 117.542 3
    endloop
  endfacet
  facet normal -0 0 -1
    outer loop
      vertex -2.01098 117.542 3
      vertex -7.62155 112.519 3
      vertex -2.77066 117.997 3
    endloop
  endfacet
  facet normal -0 0 -1
    outer loop
      vertex -2.77066 117.997 3
      vertex -7.62155 112.519 3
      vertex -3.57129 118.376 3
    endloop
  endfacet
  facet normal -0 0 -1
    outer loop
      vertex -3.57129 118.376 3
      vertex -7.62155 112.519 3
      vertex -4.40519 118.674 3
    endloop
  endfacet
  facet normal 0 0 -1
    outer loop
      vertex -8.07109 113.006 3
      vertex -4.40519 118.674 3
      vertex -7.62155 112.519 3
    endloop
  endfacet
  facet normal -0 0 -1
    outer loop
      vertex -4.40519 118.674 3
      vertex -8.07109 113.006 3
      vertex -5.26432 118.889 3
    endloop
  endfacet
  facet normal -0 0 -1
    outer loop
      vertex -5.26432 118.889 3
      vertex -8.07109 113.006 3
      vertex -6.14041 119.019 3
    endloop
  endfacet
  facet normal -0 0 -1
    outer loop
      vertex -6.14041 119.019 3
      vertex -8.07109 113.006 3
      vertex -7.02501 119.062 3
    endloop
  endfacet
  facet normal 0 0 -1
    outer loop
      vertex -8.52501 113.168 3
      vertex -7.02501 119.062 3
      vertex -8.07109 113.006 3
    endloop
  endfacet
  facet normal 0 0 -1
    outer loop
      vertex -10.025 119.062 3
      vertex -8.52501 113.168 3
      vertex -8.97892 113.006 3
    endloop
  endfacet
  facet normal 0 0 -1
    outer loop
      vertex -12.6448 118.674 3
      vertex -8.97892 113.006 3
      vertex -9.42846 112.519 3
    endloop
  endfacet
  facet normal 0 0 -1
    outer loop
      vertex -15.7504 117.014 3
      vertex -9.42846 112.519 3
      vertex -9.86932 111.713 3
    endloop
  endfacet
  facet normal 0 0 -1
    outer loop
      vertex -8.52501 113.168 3
      vertex -10.025 119.062 3
      vertex -7.02501 119.062 3
    endloop
  endfacet
  facet normal 0 0 -1
    outer loop
      vertex -17.529 115.052 3
      vertex -9.86932 111.713 3
      vertex -10.2972 110.596 3
    endloop
  endfacet
  facet normal 0 0 -1
    outer loop
      vertex -18.8766 111.798 3
      vertex -10.2972 110.596 3
      vertex -10.708 109.178 3
    endloop
  endfacet
  facet normal 0 0 -1
    outer loop
      vertex -8.97892 113.006 3
      vertex -10.9096 119.019 3
      vertex -10.025 119.062 3
    endloop
  endfacet
  facet normal 0 0 -1
    outer loop
      vertex -19.05 110.037 3
      vertex -10.708 109.178 3
      vertex -11.0979 107.473 3
    endloop
  endfacet
  facet normal 0 0 -1
    outer loop
      vertex -19.05 110.037 3
      vertex -11.0979 107.473 3
      vertex -11.4629 105.498 3
    endloop
  endfacet
  facet normal 0 0 -1
    outer loop
      vertex -8.97892 113.006 3
      vertex -11.7857 118.889 3
      vertex -10.9096 119.019 3
    endloop
  endfacet
  facet normal 0 0 -1
    outer loop
      vertex -19.05 110.037 3
      vertex -11.4629 105.498 3
      vertex -11.7996 103.271 3
    endloop
  endfacet
  facet normal 0 0 -1
    outer loop
      vertex -19.05 110.037 3
      vertex -11.7996 103.271 3
      vertex -12.1048 100.813 3
    endloop
  endfacet
  facet normal 0 0 -1
    outer loop
      vertex -19.05 110.037 3
      vertex -12.1048 100.813 3
      vertex -12.3755 98.1497 3
    endloop
  endfacet
  facet normal 0 0 -1
    outer loop
      vertex -19.05 110.037 3
      vertex -12.3755 98.1497 3
      vertex -12.6092 95.3051 3
    endloop
  endfacet
  facet normal 0 0 -1
    outer loop
      vertex -10.708 109.178 3
      vertex -19.05 110.037 3
      vertex -19.0065 110.922 3
    endloop
  endfacet
  facet normal 0 0 -1
    outer loop
      vertex -19.05 110.037 3
      vertex -12.6092 95.3051 3
      vertex -12.8035 92.3072 3
    endloop
  endfacet
  facet normal 0 0 -1
    outer loop
      vertex -19.05 110.037 3
      vertex -12.8035 92.3072 3
      vertex -12.9566 89.1847 3
    endloop
  endfacet
  facet normal 0 0 -1
    outer loop
      vertex -19.05 110.037 3
      vertex -12.9566 89.1847 3
      vertex -13.067 85.9678 3
    endloop
  endfacet
  facet normal 0 0 -1
    outer loop
      vertex -19.05 110.037 3
      vertex -13.067 85.9678 3
      vertex -13.1337 82.6873 3
    endloop
  endfacet
  facet normal -0 0 -1
    outer loop
      vertex -13.1337 76.0627 3
      vertex -19.05 48.7125 3
      vertex -13.156 79.375 3
    endloop
  endfacet
  facet normal 0 0 -1
    outer loop
      vertex -8.97892 113.006 3
      vertex -12.6448 118.674 3
      vertex -11.7857 118.889 3
    endloop
  endfacet
  facet normal 0 0 -1
    outer loop
      vertex -19.05 110.037 3
      vertex -13.156 79.375 3
      vertex -19.05 48.7125 3
    endloop
  endfacet
  facet normal -0 0 -1
    outer loop
      vertex -9.86932 47.0366 3
      vertex -17.529 43.6985 3
      vertex -10.2972 48.1539 3
    endloop
  endfacet
  facet normal 0 0 -1
    outer loop
      vertex -13.156 79.375 3
      vertex -19.05 110.037 3
      vertex -13.1337 82.6873 3
    endloop
  endfacet
  facet normal 0 0 -1
    outer loop
      vertex -17.9843 44.4581 3
      vertex -10.2972 48.1539 3
      vertex -17.529 43.6985 3
    endloop
  endfacet
  facet normal 0 0 -1
    outer loop
      vertex -9.42846 112.519 3
      vertex -13.4787 118.376 3
      vertex -12.6448 118.674 3
    endloop
  endfacet
  facet normal 0 0 -1
    outer loop
      vertex -18.363 45.2588 3
      vertex -10.2972 48.1539 3
      vertex -17.9843 44.4581 3
    endloop
  endfacet
  facet normal 0 0 -1
    outer loop
      vertex -9.42846 112.519 3
      vertex -14.2794 117.997 3
      vertex -13.4787 118.376 3
    endloop
  endfacet
  facet normal 0 0 -1
    outer loop
      vertex -18.6614 46.0927 3
      vertex -10.2972 48.1539 3
      vertex -18.363 45.2588 3
    endloop
  endfacet
  facet normal 0 0 -1
    outer loop
      vertex -9.42846 112.519 3
      vertex -15.039 117.542 3
      vertex -14.2794 117.997 3
    endloop
  endfacet
  facet normal 0 0 -1
    outer loop
      vertex -18.8766 46.9518 3
      vertex -10.2972 48.1539 3
      vertex -18.6614 46.0927 3
    endloop
  endfacet
  facet normal 0 0 -1
    outer loop
      vertex -9.42846 112.519 3
      vertex -15.7504 117.014 3
      vertex -15.039 117.542 3
    endloop
  endfacet
  facet normal -0 0 -1
    outer loop
      vertex -10.2972 48.1539 3
      vertex -18.8766 46.9518 3
      vertex -10.708 49.5718 3
    endloop
  endfacet
  facet normal 0 0 -1
    outer loop
      vertex -9.86932 111.713 3
      vertex -16.4066 116.419 3
      vertex -15.7504 117.014 3
    endloop
  endfacet
  facet normal 0 0 -1
    outer loop
      vertex -19.0065 47.8279 3
      vertex -10.708 49.5718 3
      vertex -18.8766 46.9518 3
    endloop
  endfacet
  facet normal 0 0 -1
    outer loop
      vertex -9.86932 111.713 3
      vertex -17.0014 115.763 3
      vertex -16.4066 116.419 3
    endloop
  endfacet
  facet normal 0 0 -1
    outer loop
      vertex -19.05 48.7125 3
      vertex -10.708 49.5718 3
      vertex -19.0065 47.8279 3
    endloop
  endfacet
  facet normal 0 0 -1
    outer loop
      vertex -9.86932 111.713 3
      vertex -17.529 115.052 3
      vertex -17.0014 115.763 3
    endloop
  endfacet
  facet normal -0 0 -1
    outer loop
      vertex -10.708 49.5718 3
      vertex -19.05 48.7125 3
      vertex -11.0979 51.2767 3
    endloop
  endfacet
  facet normal 0 0 -1
    outer loop
      vertex -10.2972 110.596 3
      vertex -17.9843 114.292 3
      vertex -17.529 115.052 3
    endloop
  endfacet
  facet normal -0 0 -1
    outer loop
      vertex -11.0979 51.2767 3
      vertex -19.05 48.7125 3
      vertex -11.4629 53.2523 3
    endloop
  endfacet
  facet normal 0 0 -1
    outer loop
      vertex -10.2972 110.596 3
      vertex -18.363 113.491 3
      vertex -17.9843 114.292 3
    endloop
  endfacet
  facet normal -0 0 -1
    outer loop
      vertex -11.4629 53.2523 3
      vertex -19.05 48.7125 3
      vertex -11.7996 55.4794 3
    endloop
  endfacet
  facet normal 0 0 -1
    outer loop
      vertex -10.2972 110.596 3
      vertex -18.6614 112.657 3
      vertex -18.363 113.491 3
    endloop
  endfacet
  facet normal 0 0 -1
    outer loop
      vertex -10.2972 110.596 3
      vertex -18.8766 111.798 3
      vertex -18.6614 112.657 3
    endloop
  endfacet
  facet normal 0 0 -1
    outer loop
      vertex -10.708 109.178 3
      vertex -19.0065 110.922 3
      vertex -18.8766 111.798 3
    endloop
  endfacet
  facet normal 0 0 1
    outer loop
      vertex -7.18071 111.713 5
      vertex 0 115.697 5
      vertex -0.0485802 115.763 5
    endloop
  endfacet
  facet normal 0 0 1
    outer loop
      vertex 0 115.697 5
      vertex -3.89401 79.375 5
      vertex 0 43.0526 5
    endloop
  endfacet
  facet normal 0 0 1
    outer loop
      vertex -7.18071 111.713 5
      vertex -0.0485802 115.763 5
      vertex -0.643368 116.419 5
    endloop
  endfacet
  facet normal -0 0 1
    outer loop
      vertex -3.9163 76.0627 5
      vertex 0 43.0526 5
      vertex -3.89401 79.375 5
    endloop
  endfacet
  facet normal 0 0 1
    outer loop
      vertex -7.18071 111.713 5
      vertex -0.643368 116.419 5
      vertex -1.2996 117.014 5
    endloop
  endfacet
  facet normal -0 0 1
    outer loop
      vertex -3.98298 72.7822 5
      vertex 0 43.0526 5
      vertex -3.9163 76.0627 5
    endloop
  endfacet
  facet normal 0 0 1
    outer loop
      vertex -7.62155 112.519 5
      vertex -1.2996 117.014 5
      vertex -2.01098 117.542 5
    endloop
  endfacet
  facet normal -0 0 1
    outer loop
      vertex -4.09341 69.5653 5
      vertex 0 43.0526 5
      vertex -3.98298 72.7822 5
    endloop
  endfacet
  facet normal 0 0 1
    outer loop
      vertex -7.62155 112.519 5
      vertex -2.01098 117.542 5
      vertex -2.77066 117.997 5
    endloop
  endfacet
  facet normal -0 0 1
    outer loop
      vertex -4.24652 66.4428 5
      vertex 0 43.0526 5
      vertex -4.09341 69.5653 5
    endloop
  endfacet
  facet normal 0 0 1
    outer loop
      vertex -7.62155 112.519 5
      vertex -2.77066 117.997 5
      vertex -3.57129 118.376 5
    endloop
  endfacet
  facet normal -0 0 1
    outer loop
      vertex -4.44082 63.4448 5
      vertex 0 43.0526 5
      vertex -4.24652 66.4428 5
    endloop
  endfacet
  facet normal -0 0 1
    outer loop
      vertex -4.67447 60.6003 5
      vertex 0 43.0526 5
      vertex -4.44082 63.4448 5
    endloop
  endfacet
  facet normal 0 0 1
    outer loop
      vertex 0 115.697 5
      vertex -3.9163 82.6873 5
      vertex -3.89401 79.375 5
    endloop
  endfacet
  facet normal 0 0 1
    outer loop
      vertex 0 115.697 5
      vertex -3.98298 85.9678 5
      vertex -3.9163 82.6873 5
    endloop
  endfacet
  facet normal 0 0 1
    outer loop
      vertex 0 115.697 5
      vertex -4.09341 89.1847 5
      vertex -3.98298 85.9678 5
    endloop
  endfacet
  facet normal 0 0 1
    outer loop
      vertex 0 115.697 5
      vertex -4.24652 92.3072 5
      vertex -4.09341 89.1847 5
    endloop
  endfacet
  facet normal 0 0 1
    outer loop
      vertex -7.62155 112.519 5
      vertex -3.57129 118.376 5
      vertex -4.40519 118.674 5
    endloop
  endfacet
  facet normal 0 0 1
    outer loop
      vertex 0 115.697 5
      vertex -4.44082 95.3051 5
      vertex -4.24652 92.3072 5
    endloop
  endfacet
  facet normal 0 0 1
    outer loop
      vertex 0 115.697 5
      vertex -4.67447 98.1497 5
      vertex -4.44082 95.3051 5
    endloop
  endfacet
  facet normal 0 0 1
    outer loop
      vertex 0 115.697 5
      vertex -4.9452 100.813 5
      vertex -4.67447 98.1497 5
    endloop
  endfacet
  facet normal 0 0 1
    outer loop
      vertex 0 115.697 5
      vertex -5.25039 103.271 5
      vertex -4.9452 100.813 5
    endloop
  endfacet
  facet normal 0 0 1
    outer loop
      vertex -8.07109 113.006 5
      vertex -4.40519 118.674 5
      vertex -5.26432 118.889 5
    endloop
  endfacet
  facet normal 0 0 1
    outer loop
      vertex 0 115.697 5
      vertex -5.58714 105.498 5
      vertex -5.25039 103.271 5
    endloop
  endfacet
  facet normal 0 0 1
    outer loop
      vertex 0 115.697 5
      vertex -5.95216 107.473 5
      vertex -5.58714 105.498 5
    endloop
  endfacet
  facet normal 0 0 1
    outer loop
      vertex -8.07109 113.006 5
      vertex -5.26432 118.889 5
      vertex -6.14041 119.019 5
    endloop
  endfacet
  facet normal 0 0 1
    outer loop
      vertex 0 115.697 5
      vertex -6.34198 109.178 5
      vertex -5.95216 107.473 5
    endloop
  endfacet
  facet normal 0 0 1
    outer loop
      vertex 0 115.697 5
      vertex -6.7528 110.596 5
      vertex -6.34198 109.178 5
    endloop
  endfacet
  facet normal 0 0 1
    outer loop
      vertex -8.07109 113.006 5
      vertex -6.14041 119.019 5
      vertex -7.02501 119.062 5
    endloop
  endfacet
  facet normal 0 0 1
    outer loop
      vertex 0 115.697 5
      vertex -7.18071 111.713 5
      vertex -6.7528 110.596 5
    endloop
  endfacet
  facet normal 0 0 1
    outer loop
      vertex -1.2996 117.014 5
      vertex -7.62155 112.519 5
      vertex -7.18071 111.713 5
    endloop
  endfacet
  facet normal 0 0 1
    outer loop
      vertex -4.40519 118.674 5
      vertex -8.07109 113.006 5
      vertex -7.62155 112.519 5
    endloop
  endfacet
  facet normal 0 0 1
    outer loop
      vertex -7.02501 119.062 5
      vertex -8.52501 113.168 5
      vertex -8.07109 113.006 5
    endloop
  endfacet
  facet normal -0 0 1
    outer loop
      vertex -10.025 119.062 5
      vertex -8.52501 113.168 5
      vertex -7.02501 119.062 5
    endloop
  endfacet
  facet normal 0 0 1
    outer loop
      vertex -8.52501 113.168 5
      vertex -10.025 119.062 5
      vertex -8.97892 113.006 5
    endloop
  endfacet
  facet normal -0 0 1
    outer loop
      vertex -10.9096 119.019 5
      vertex -8.97892 113.006 5
      vertex -10.025 119.062 5
    endloop
  endfacet
  facet normal -0 0 1
    outer loop
      vertex -11.7857 118.889 5
      vertex -8.97892 113.006 5
      vertex -10.9096 119.019 5
    endloop
  endfacet
  facet normal -0 0 1
    outer loop
      vertex -12.6448 118.674 5
      vertex -8.97892 113.006 5
      vertex -11.7857 118.889 5
    endloop
  endfacet
  facet normal 0 0 1
    outer loop
      vertex -8.97892 113.006 5
      vertex -12.6448 118.674 5
      vertex -9.42846 112.519 5
    endloop
  endfacet
  facet normal -0 0 1
    outer loop
      vertex -13.4787 118.376 5
      vertex -9.42846 112.519 5
      vertex -12.6448 118.674 5
    endloop
  endfacet
  facet normal -0 0 1
    outer loop
      vertex -14.2794 117.997 5
      vertex -9.42846 112.519 5
      vertex -13.4787 118.376 5
    endloop
  endfacet
  facet normal -0 0 1
    outer loop
      vertex -15.039 117.542 5
      vertex -9.42846 112.519 5
      vertex -14.2794 117.997 5
    endloop
  endfacet
  facet normal -0 0 1
    outer loop
      vertex -15.7504 117.014 5
      vertex -9.42846 112.519 5
      vertex -15.039 117.542 5
    endloop
  endfacet
  facet normal 0 0 1
    outer loop
      vertex -9.42846 112.519 5
      vertex -15.7504 117.014 5
      vertex -9.86932 111.713 5
    endloop
  endfacet
  facet normal -0 0 1
    outer loop
      vertex -16.4066 116.419 5
      vertex -9.86932 111.713 5
      vertex -15.7504 117.014 5
    endloop
  endfacet
  facet normal 0 0 1
    outer loop
      vertex -11.7996 103.271 5
      vertex -19.05 110.037 5
      vertex -12.1048 100.813 5
    endloop
  endfacet
  facet normal 0 0 1
    outer loop
      vertex -12.1048 100.813 5
      vertex -19.05 110.037 5
      vertex -12.3755 98.1497 5
    endloop
  endfacet
  facet normal -0 0 1
    outer loop
      vertex -17.0014 115.763 5
      vertex -9.86932 111.713 5
      vertex -16.4066 116.419 5
    endloop
  endfacet
  facet normal 0 0 1
    outer loop
      vertex -12.3755 98.1497 5
      vertex -19.05 110.037 5
      vertex -12.6092 95.3051 5
    endloop
  endfacet
  facet normal 0 0 1
    outer loop
      vertex -12.6092 95.3051 5
      vertex -19.05 110.037 5
      vertex -12.8035 92.3072 5
    endloop
  endfacet
  facet normal 0 0 1
    outer loop
      vertex -12.8035 92.3072 5
      vertex -19.05 110.037 5
      vertex -12.9566 89.1847 5
    endloop
  endfacet
  facet normal 0 0 1
    outer loop
      vertex -12.9566 89.1847 5
      vertex -19.05 110.037 5
      vertex -13.067 85.9678 5
    endloop
  endfacet
  facet normal 0 0 1
    outer loop
      vertex -13.067 85.9678 5
      vertex -19.05 110.037 5
      vertex -13.1337 82.6873 5
    endloop
  endfacet
  facet normal -0 0 1
    outer loop
      vertex -17.529 115.052 5
      vertex -9.86932 111.713 5
      vertex -17.0014 115.763 5
    endloop
  endfacet
  facet normal -0 0 1
    outer loop
      vertex -4.9452 57.9366 5
      vertex 0 43.0526 5
      vertex -4.67447 60.6003 5
    endloop
  endfacet
  facet normal -0 0 1
    outer loop
      vertex -5.25039 55.4794 5
      vertex 0 43.0526 5
      vertex -4.9452 57.9366 5
    endloop
  endfacet
  facet normal -0 0 1
    outer loop
      vertex -5.58714 53.2523 5
      vertex 0 43.0526 5
      vertex -5.25039 55.4794 5
    endloop
  endfacet
  facet normal -0 0 1
    outer loop
      vertex -5.95216 51.2767 5
      vertex 0 43.0526 5
      vertex -5.58714 53.2523 5
    endloop
  endfacet
  facet normal -0 0 1
    outer loop
      vertex -6.34198 49.5718 5
      vertex 0 43.0526 5
      vertex -5.95216 51.2767 5
    endloop
  endfacet
  facet normal -0 0 1
    outer loop
      vertex -6.7528 48.1539 5
      vertex 0 43.0526 5
      vertex -6.34198 49.5718 5
    endloop
  endfacet
  facet normal -0 0 1
    outer loop
      vertex -7.18071 47.0366 5
      vertex 0 43.0526 5
      vertex -6.7528 48.1539 5
    endloop
  endfacet
  facet normal 0 0 1
    outer loop
      vertex 0 43.0526 5
      vertex -7.18071 47.0366 5
      vertex -0.0485802 42.9871 5
    endloop
  endfacet
  facet normal 0 0 1
    outer loop
      vertex -0.0485802 42.9871 5
      vertex -7.18071 47.0366 5
      vertex -0.643368 42.3309 5
    endloop
  endfacet
  facet normal 0 0 1
    outer loop
      vertex -0.643368 42.3309 5
      vertex -7.18071 47.0366 5
      vertex -1.2996 41.7361 5
    endloop
  endfacet
  facet normal -0 0 1
    outer loop
      vertex -7.62155 46.2308 5
      vertex -1.2996 41.7361 5
      vertex -7.18071 47.0366 5
    endloop
  endfacet
  facet normal 0 0 1
    outer loop
      vertex -1.2996 41.7361 5
      vertex -7.62155 46.2308 5
      vertex -2.01098 41.2085 5
    endloop
  endfacet
  facet normal 0 0 1
    outer loop
      vertex -2.01098 41.2085 5
      vertex -7.62155 46.2308 5
      vertex -2.77066 40.7532 5
    endloop
  endfacet
  facet normal 0 0 1
    outer loop
      vertex -2.77066 40.7532 5
      vertex -7.62155 46.2308 5
      vertex -3.57129 40.3745 5
    endloop
  endfacet
  facet normal 0 0 1
    outer loop
      vertex -3.57129 40.3745 5
      vertex -7.62155 46.2308 5
      vertex -4.40519 40.0761 5
    endloop
  endfacet
  facet normal -0 0 1
    outer loop
      vertex -8.07109 45.7442 5
      vertex -4.40519 40.0761 5
      vertex -7.62155 46.2308 5
    endloop
  endfacet
  facet normal 0 0 1
    outer loop
      vertex -4.40519 40.0761 5
      vertex -8.07109 45.7442 5
      vertex -5.26432 39.8609 5
    endloop
  endfacet
  facet normal 0 0 1
    outer loop
      vertex -5.26432 39.8609 5
      vertex -8.07109 45.7442 5
      vertex -6.14041 39.731 5
    endloop
  endfacet
  facet normal 0 0 1
    outer loop
      vertex -6.14041 39.731 5
      vertex -8.07109 45.7442 5
      vertex -7.02501 39.6875 5
    endloop
  endfacet
  facet normal -0 0 1
    outer loop
      vertex -8.52501 45.5815 5
      vertex -7.02501 39.6875 5
      vertex -8.07109 45.7442 5
    endloop
  endfacet
  facet normal 0 0 1
    outer loop
      vertex -10.025 39.6875 5
      vertex -8.52501 45.5815 5
      vertex -8.97892 45.7442 5
    endloop
  endfacet
  facet normal 0 0 1
    outer loop
      vertex -12.6448 40.0761 5
      vertex -8.97892 45.7442 5
      vertex -9.42846 46.2308 5
    endloop
  endfacet
  facet normal 0 0 1
    outer loop
      vertex -15.7504 41.7361 5
      vertex -9.42846 46.2308 5
      vertex -9.86932 47.0366 5
    endloop
  endfacet
  facet normal 0 0 1
    outer loop
      vertex -8.52501 45.5815 5
      vertex -10.025 39.6875 5
      vertex -7.02501 39.6875 5
    endloop
  endfacet
  facet normal 0 0 1
    outer loop
      vertex -17.529 43.6985 5
      vertex -9.86932 47.0366 5
      vertex -10.2972 48.1539 5
    endloop
  endfacet
  facet normal 0 0 1
    outer loop
      vertex -18.8766 46.9518 5
      vertex -10.2972 48.1539 5
      vertex -10.708 49.5718 5
    endloop
  endfacet
  facet normal 0 0 1
    outer loop
      vertex -8.97892 45.7442 5
      vertex -10.9096 39.731 5
      vertex -10.025 39.6875 5
    endloop
  endfacet
  facet normal 0 0 1
    outer loop
      vertex -19.05 48.7125 5
      vertex -10.708 49.5718 5
      vertex -11.0979 51.2767 5
    endloop
  endfacet
  facet normal 0 0 1
    outer loop
      vertex -19.05 48.7125 5
      vertex -11.0979 51.2767 5
      vertex -11.4629 53.2523 5
    endloop
  endfacet
  facet normal 0 0 1
    outer loop
      vertex -8.97892 45.7442 5
      vertex -11.7857 39.8609 5
      vertex -10.9096 39.731 5
    endloop
  endfacet
  facet normal 0 0 1
    outer loop
      vertex -19.05 48.7125 5
      vertex -11.4629 53.2523 5
      vertex -11.7996 55.4794 5
    endloop
  endfacet
  facet normal 0 0 1
    outer loop
      vertex -19.05 48.7125 5
      vertex -11.7996 55.4794 5
      vertex -12.1048 57.9366 5
    endloop
  endfacet
  facet normal 0 0 1
    outer loop
      vertex -19.05 48.7125 5
      vertex -12.1048 57.9366 5
      vertex -12.3755 60.6003 5
    endloop
  endfacet
  facet normal 0 0 1
    outer loop
      vertex -19.05 48.7125 5
      vertex -12.3755 60.6003 5
      vertex -12.6092 63.4448 5
    endloop
  endfacet
  facet normal 0 0 1
    outer loop
      vertex -10.708 49.5718 5
      vertex -19.05 48.7125 5
      vertex -19.0065 47.8279 5
    endloop
  endfacet
  facet normal 0 0 1
    outer loop
      vertex -19.05 48.7125 5
      vertex -12.6092 63.4448 5
      vertex -12.8035 66.4428 5
    endloop
  endfacet
  facet normal 0 0 1
    outer loop
      vertex -19.05 48.7125 5
      vertex -12.8035 66.4428 5
      vertex -12.9566 69.5653 5
    endloop
  endfacet
  facet normal 0 0 1
    outer loop
      vertex -19.05 48.7125 5
      vertex -12.9566 69.5653 5
      vertex -13.067 72.7822 5
    endloop
  endfacet
  facet normal 0 0 1
    outer loop
      vertex -19.05 48.7125 5
      vertex -13.067 72.7822 5
      vertex -13.1337 76.0627 5
    endloop
  endfacet
  facet normal 0 0 1
    outer loop
      vertex -13.1337 82.6873 5
      vertex -19.05 110.037 5
      vertex -13.156 79.375 5
    endloop
  endfacet
  facet normal 0 0 1
    outer loop
      vertex -8.97892 45.7442 5
      vertex -12.6448 40.0761 5
      vertex -11.7857 39.8609 5
    endloop
  endfacet
  facet normal 0 0 1
    outer loop
      vertex -19.05 48.7125 5
      vertex -13.156 79.375 5
      vertex -19.05 110.037 5
    endloop
  endfacet
  facet normal 0 0 1
    outer loop
      vertex -9.86932 111.713 5
      vertex -17.529 115.052 5
      vertex -10.2972 110.596 5
    endloop
  endfacet
  facet normal 0 0 1
    outer loop
      vertex -13.156 79.375 5
      vertex -19.05 48.7125 5
      vertex -13.1337 76.0627 5
    endloop
  endfacet
  facet normal -0 0 1
    outer loop
      vertex -17.9843 114.292 5
      vertex -10.2972 110.596 5
      vertex -17.529 115.052 5
    endloop
  endfacet
  facet normal 0 0 1
    outer loop
      vertex -9.42846 46.2308 5
      vertex -13.4787 40.3745 5
      vertex -12.6448 40.0761 5
    endloop
  endfacet
  facet normal -0 0 1
    outer loop
      vertex -18.363 113.491 5
      vertex -10.2972 110.596 5
      vertex -17.9843 114.292 5
    endloop
  endfacet
  facet normal 0 0 1
    outer loop
      vertex -9.42846 46.2308 5
      vertex -14.2794 40.7532 5
      vertex -13.4787 40.3745 5
    endloop
  endfacet
  facet normal -0 0 1
    outer loop
      vertex -18.6614 112.657 5
      vertex -10.2972 110.596 5
      vertex -18.363 113.491 5
    endloop
  endfacet
  facet normal 0 0 1
    outer loop
      vertex -9.42846 46.2308 5
      vertex -15.039 41.2085 5
      vertex -14.2794 40.7532 5
    endloop
  endfacet
  facet normal -0 0 1
    outer loop
      vertex -18.8766 111.798 5
      vertex -10.2972 110.596 5
      vertex -18.6614 112.657 5
    endloop
  endfacet
  facet normal 0 0 1
    outer loop
      vertex -9.42846 46.2308 5
      vertex -15.7504 41.7361 5
      vertex -15.039 41.2085 5
    endloop
  endfacet
  facet normal 0 0 1
    outer loop
      vertex -10.2972 110.596 5
      vertex -18.8766 111.798 5
      vertex -10.708 109.178 5
    endloop
  endfacet
  facet normal 0 0 1
    outer loop
      vertex -9.86932 47.0366 5
      vertex -16.4066 42.3309 5
      vertex -15.7504 41.7361 5
    endloop
  endfacet
  facet normal -0 0 1
    outer loop
      vertex -19.0065 110.922 5
      vertex -10.708 109.178 5
      vertex -18.8766 111.798 5
    endloop
  endfacet
  facet normal 0 0 1
    outer loop
      vertex -9.86932 47.0366 5
      vertex -17.0014 42.9871 5
      vertex -16.4066 42.3309 5
    endloop
  endfacet
  facet normal -0 0 1
    outer loop
      vertex -19.05 110.037 5
      vertex -10.708 109.178 5
      vertex -19.0065 110.922 5
    endloop
  endfacet
  facet normal 0 0 1
    outer loop
      vertex -9.86932 47.0366 5
      vertex -17.529 43.6985 5
      vertex -17.0014 42.9871 5
    endloop
  endfacet
  facet normal 0 0 1
    outer loop
      vertex -10.708 109.178 5
      vertex -19.05 110.037 5
      vertex -11.0979 107.473 5
    endloop
  endfacet
  facet normal 0 0 1
    outer loop
      vertex -10.2972 48.1539 5
      vertex -17.9843 44.4581 5
      vertex -17.529 43.6985 5
    endloop
  endfacet
  facet normal 0 0 1
    outer loop
      vertex -11.0979 107.473 5
      vertex -19.05 110.037 5
      vertex -11.4629 105.498 5
    endloop
  endfacet
  facet normal 0 0 1
    outer loop
      vertex -10.2972 48.1539 5
      vertex -18.363 45.2588 5
      vertex -17.9843 44.4581 5
    endloop
  endfacet
  facet normal 0 0 1
    outer loop
      vertex -11.4629 105.498 5
      vertex -19.05 110.037 5
      vertex -11.7996 103.271 5
    endloop
  endfacet
  facet normal 0 0 1
    outer loop
      vertex -10.2972 48.1539 5
      vertex -18.6614 46.0927 5
      vertex -18.363 45.2588 5
    endloop
  endfacet
  facet normal 0 0 1
    outer loop
      vertex -10.2972 48.1539 5
      vertex -18.8766 46.9518 5
      vertex -18.6614 46.0927 5
    endloop
  endfacet
  facet normal 0 0 1
    outer loop
      vertex -10.708 49.5718 5
      vertex -19.0065 47.8279 5
      vertex -18.8766 46.9518 5
    endloop
  endfacet
  facet normal 0.146669 -0.989186 0
    outer loop
      vertex -6.14041 39.731 3
      vertex -5.26432 39.8609 5
      vertex -6.14041 39.731 5
    endloop
  endfacet
  facet normal 0.146669 -0.989186 0
    outer loop
      vertex -5.26432 39.8609 5
      vertex -6.14041 39.731 3
      vertex -5.26432 39.8609 3
    endloop
  endfacet
  facet normal 0.242979 -0.970031 0
    outer loop
      vertex -5.26432 39.8609 3
      vertex -4.40519 40.0761 5
      vertex -5.26432 39.8609 5
    endloop
  endfacet
  facet normal 0.242979 -0.970031 0
    outer loop
      vertex -4.40519 40.0761 5
      vertex -5.26432 39.8609 3
      vertex -4.40519 40.0761 3
    endloop
  endfacet
  facet normal 0.336916 -0.941535 0
    outer loop
      vertex -4.40519 40.0761 3
      vertex -3.57129 40.3745 5
      vertex -4.40519 40.0761 5
    endloop
  endfacet
  facet normal 0.336916 -0.941535 0
    outer loop
      vertex -3.57129 40.3745 5
      vertex -4.40519 40.0761 3
      vertex -3.57129 40.3745 3
    endloop
  endfacet
  facet normal 0.427583 -0.903976 0
    outer loop
      vertex -3.57129 40.3745 3
      vertex -2.77066 40.7532 5
      vertex -3.57129 40.3745 5
    endloop
  endfacet
  facet normal 0.427583 -0.903976 0
    outer loop
      vertex -2.77066 40.7532 5
      vertex -3.57129 40.3745 3
      vertex -2.77066 40.7532 3
    endloop
  endfacet
  facet normal 0.514074 -0.857746 0
    outer loop
      vertex -2.77066 40.7532 3
      vertex -2.01098 41.2085 5
      vertex -2.77066 40.7532 5
    endloop
  endfacet
  facet normal 0.514074 -0.857746 0
    outer loop
      vertex -2.01098 41.2085 5
      vertex -2.77066 40.7532 3
      vertex -2.01098 41.2085 3
    endloop
  endfacet
  facet normal 0.595703 -0.803205 0
    outer loop
      vertex -2.01098 41.2085 3
      vertex -1.2996 41.7361 5
      vertex -2.01098 41.2085 5
    endloop
  endfacet
  facet normal 0.595703 -0.803205 0
    outer loop
      vertex -1.2996 41.7361 5
      vertex -2.01098 41.2085 3
      vertex -1.2996 41.7361 3
    endloop
  endfacet
  facet normal 0.671575 -0.740937 0
    outer loop
      vertex -1.2996 41.7361 3
      vertex -0.643368 42.3309 5
      vertex -1.2996 41.7361 5
    endloop
  endfacet
  facet normal 0.671575 -0.740937 0
    outer loop
      vertex -0.643368 42.3309 5
      vertex -1.2996 41.7361 3
      vertex -0.643368 42.3309 3
    endloop
  endfacet
  facet normal 0.740927 -0.671585 0
    outer loop
      vertex -0.643368 42.3309 5
      vertex -0.0485802 42.9871 3
      vertex -0.0485802 42.9871 5
    endloop
  endfacet
  facet normal 0.740927 -0.671585 0
    outer loop
      vertex -0.0485802 42.9871 3
      vertex -0.643368 42.3309 5
      vertex -0.643368 42.3309 3
    endloop
  endfacet
  facet normal 0.803195 -0.595716 0
    outer loop
      vertex -0.0485802 42.9871 5
      vertex 0 43.0526 3
      vertex 0 43.0526 5
    endloop
  endfacet
  facet normal 0.803195 -0.595716 0
    outer loop
      vertex 0 43.0526 3
      vertex -0.0485802 42.9871 5
      vertex -0.0485802 42.9871 3
    endloop
  endfacet
  facet normal 0.805355 0.592793 0
    outer loop
      vertex 0 115.697 5
      vertex -0.0485802 115.763 3
      vertex -0.0485802 115.763 5
    endloop
  endfacet
  facet normal 0.805355 0.592793 0
    outer loop
      vertex -0.0485802 115.763 3
      vertex 0 115.697 5
      vertex 0 115.697 3
    endloop
  endfacet
  facet normal 0.740825 0.671698 0
    outer loop
      vertex -0.0485802 115.763 5
      vertex -0.643368 116.419 3
      vertex -0.643368 116.419 5
    endloop
  endfacet
  facet normal 0.740825 0.671698 0
    outer loop
      vertex -0.643368 116.419 3
      vertex -0.0485802 115.763 5
      vertex -0.0485802 115.763 3
    endloop
  endfacet
  facet normal 0.671699 0.740824 -0
    outer loop
      vertex -0.643368 116.419 3
      vertex -1.2996 117.014 5
      vertex -0.643368 116.419 5
    endloop
  endfacet
  facet normal 0.671699 0.740824 0
    outer loop
      vertex -1.2996 117.014 5
      vertex -0.643368 116.419 3
      vertex -1.2996 117.014 3
    endloop
  endfacet
  facet normal 0.595994 0.802989 -0
    outer loop
      vertex -1.2996 117.014 3
      vertex -2.01098 117.542 5
      vertex -1.2996 117.014 5
    endloop
  endfacet
  facet normal 0.595994 0.802989 0
    outer loop
      vertex -2.01098 117.542 5
      vertex -1.2996 117.014 3
      vertex -2.01098 117.542 3
    endloop
  endfacet
  facet normal 0.513825 0.857895 -0
    outer loop
      vertex -2.01098 117.542 3
      vertex -2.77066 117.997 5
      vertex -2.01098 117.542 5
    endloop
  endfacet
  facet normal 0.513825 0.857895 0
    outer loop
      vertex -2.77066 117.997 5
      vertex -2.01098 117.542 3
      vertex -2.77066 117.997 3
    endloop
  endfacet
  facet normal 0.42786 0.903845 -0
    outer loop
      vertex -2.77066 117.997 3
      vertex -3.57129 118.376 5
      vertex -2.77066 117.997 5
    endloop
  endfacet
  facet normal 0.42786 0.903845 0
    outer loop
      vertex -3.57129 118.376 5
      vertex -2.77066 117.997 3
      vertex -3.57129 118.376 3
    endloop
  endfacet
  facet normal 0.336515 0.941678 -0
    outer loop
      vertex -3.57129 118.376 3
      vertex -4.40519 118.674 5
      vertex -3.57129 118.376 5
    endloop
  endfacet
  facet normal 0.336515 0.941678 0
    outer loop
      vertex -4.40519 118.674 5
      vertex -3.57129 118.376 3
      vertex -4.40519 118.674 3
    endloop
  endfacet
  facet normal 0.242767 0.970085 -0
    outer loop
      vertex -4.40519 118.674 3
      vertex -5.26432 118.889 5
      vertex -4.40519 118.674 5
    endloop
  endfacet
  facet normal 0.242767 0.970085 0
    outer loop
      vertex -5.26432 118.889 5
      vertex -4.40519 118.674 3
      vertex -5.26432 118.889 3
    endloop
  endfacet
  facet normal 0.146779 0.989169 -0
    outer loop
      vertex -5.26432 118.889 3
      vertex -6.14041 119.019 5
      vertex -5.26432 118.889 5
    endloop
  endfacet
  facet normal 0.146779 0.989169 0
    outer loop
      vertex -6.14041 119.019 5
      vertex -5.26432 118.889 3
      vertex -6.14041 119.019 3
    endloop
  endfacet
  facet normal 0.0485522 0.998821 -0
    outer loop
      vertex -6.14041 119.019 3
      vertex -7.02501 119.062 5
      vertex -6.14041 119.019 5
    endloop
  endfacet
  facet normal 0.0485522 0.998821 0
    outer loop
      vertex -7.02501 119.062 5
      vertex -6.14041 119.019 3
      vertex -7.02501 119.062 3
    endloop
  endfacet
  facet normal 0 1 -0
    outer loop
      vertex -7.02501 119.062 3
      vertex -10.025 119.062 5
      vertex -7.02501 119.062 5
    endloop
  endfacet
  facet normal 0 1 0
    outer loop
      vertex -10.025 119.062 5
      vertex -7.02501 119.062 3
      vertex -10.025 119.062 3
    endloop
  endfacet
  facet normal -0.0485522 0.998821 0
    outer loop
      vertex -10.025 119.062 3
      vertex -10.9096 119.019 5
      vertex -10.025 119.062 5
    endloop
  endfacet
  facet normal -0.0485522 0.998821 0
    outer loop
      vertex -10.9096 119.019 5
      vertex -10.025 119.062 3
      vertex -10.9096 119.019 3
    endloop
  endfacet
  facet normal -0.146778 0.989169 0
    outer loop
      vertex -10.9096 119.019 3
      vertex -11.7857 118.889 5
      vertex -10.9096 119.019 5
    endloop
  endfacet
  facet normal -0.146778 0.989169 0
    outer loop
      vertex -11.7857 118.889 5
      vertex -10.9096 119.019 3
      vertex -11.7857 118.889 3
    endloop
  endfacet
  facet normal -0.242775 0.970083 0
    outer loop
      vertex -11.7857 118.889 3
      vertex -12.6448 118.674 5
      vertex -11.7857 118.889 5
    endloop
  endfacet
  facet normal -0.242775 0.970083 0
    outer loop
      vertex -12.6448 118.674 5
      vertex -11.7857 118.889 3
      vertex -12.6448 118.674 3
    endloop
  endfacet
  facet normal -0.336515 0.941678 0
    outer loop
      vertex -12.6448 118.674 3
      vertex -13.4787 118.376 5
      vertex -12.6448 118.674 5
    endloop
  endfacet
  facet normal -0.336515 0.941678 0
    outer loop
      vertex -13.4787 118.376 5
      vertex -12.6448 118.674 3
      vertex -13.4787 118.376 3
    endloop
  endfacet
  facet normal -0.427829 0.90386 0
    outer loop
      vertex -13.4787 118.376 3
      vertex -14.2794 117.997 5
      vertex -13.4787 118.376 5
    endloop
  endfacet
  facet normal -0.427829 0.90386 0
    outer loop
      vertex -14.2794 117.997 5
      vertex -13.4787 118.376 3
      vertex -14.2794 117.997 3
    endloop
  endfacet
  facet normal -0.513864 0.857871 0
    outer loop
      vertex -14.2794 117.997 3
      vertex -15.039 117.542 5
      vertex -14.2794 117.997 5
    endloop
  endfacet
  facet normal -0.513864 0.857871 0
    outer loop
      vertex -15.039 117.542 5
      vertex -14.2794 117.997 3
      vertex -15.039 117.542 3
    endloop
  endfacet
  facet normal -0.595983 0.802997 0
    outer loop
      vertex -15.039 117.542 3
      vertex -15.7504 117.014 5
      vertex -15.039 117.542 5
    endloop
  endfacet
  facet normal -0.595983 0.802997 0
    outer loop
      vertex -15.7504 117.014 5
      vertex -15.039 117.542 3
      vertex -15.7504 117.014 3
    endloop
  endfacet
  facet normal -0.671717 0.740808 0
    outer loop
      vertex -15.7504 117.014 3
      vertex -16.4066 116.419 5
      vertex -15.7504 117.014 5
    endloop
  endfacet
  facet normal -0.671717 0.740808 0
    outer loop
      vertex -16.4066 116.419 5
      vertex -15.7504 117.014 3
      vertex -16.4066 116.419 3
    endloop
  endfacet
  facet normal -0.740818 0.671705 0
    outer loop
      vertex -17.0014 115.763 3
      vertex -16.4066 116.419 5
      vertex -16.4066 116.419 3
    endloop
  endfacet
  facet normal -0.740818 0.671705 0
    outer loop
      vertex -16.4066 116.419 5
      vertex -17.0014 115.763 3
      vertex -17.0014 115.763 5
    endloop
  endfacet
  facet normal -0.803053 0.595908 0
    outer loop
      vertex -17.529 115.052 3
      vertex -17.0014 115.763 5
      vertex -17.0014 115.763 3
    endloop
  endfacet
  facet normal -0.803053 0.595908 0
    outer loop
      vertex -17.0014 115.763 5
      vertex -17.529 115.052 3
      vertex -17.529 115.052 5
    endloop
  endfacet
  facet normal -0.857841 0.513915 0
    outer loop
      vertex -17.9843 114.292 3
      vertex -17.529 115.052 5
      vertex -17.529 115.052 3
    endloop
  endfacet
  facet normal -0.857841 0.513915 0
    outer loop
      vertex -17.529 115.052 5
      vertex -17.9843 114.292 3
      vertex -17.9843 114.292 5
    endloop
  endfacet
  facet normal -0.904052 0.427422 0
    outer loop
      vertex -18.363 113.491 3
      vertex -17.9843 114.292 5
      vertex -17.9843 114.292 3
    endloop
  endfacet
  facet normal -0.904052 0.427422 0
    outer loop
      vertex -17.9843 114.292 5
      vertex -18.363 113.491 3
      vertex -18.363 113.491 5
    endloop
  endfacet
  facet normal -0.941548 0.33688 0
    outer loop
      vertex -18.6614 112.657 3
      vertex -18.363 113.491 5
      vertex -18.363 113.491 3
    endloop
  endfacet
  facet normal -0.941548 0.33688 0
    outer loop
      vertex -18.363 113.491 5
      vertex -18.6614 112.657 3
      vertex -18.6614 112.657 5
    endloop
  endfacet
  facet normal -0.970023 0.243014 0
    outer loop
      vertex -18.8766 111.798 3
      vertex -18.6614 112.657 5
      vertex -18.6614 112.657 3
    endloop
  endfacet
  facet normal -0.970023 0.243014 0
    outer loop
      vertex -18.6614 112.657 5
      vertex -18.8766 111.798 3
      vertex -18.8766 111.798 5
    endloop
  endfacet
  facet normal -0.989183 0.146684 0
    outer loop
      vertex -19.0065 110.922 3
      vertex -18.8766 111.798 5
      vertex -18.8766 111.798 3
    endloop
  endfacet
  facet normal -0.989183 0.146684 0
    outer loop
      vertex -18.8766 111.798 5
      vertex -19.0065 110.922 3
      vertex -19.0065 110.922 5
    endloop
  endfacet
  facet normal -0.998794 0.0490933 0
    outer loop
      vertex -19.05 110.037 3
      vertex -19.0065 110.922 5
      vertex -19.0065 110.922 3
    endloop
  endfacet
  facet normal -0.998794 0.0490933 0
    outer loop
      vertex -19.0065 110.922 5
      vertex -19.05 110.037 3
      vertex -19.05 110.037 5
    endloop
  endfacet
  facet normal -1 0 0
    outer loop
      vertex -19.05 48.7125 3
      vertex -19.05 110.037 5
      vertex -19.05 110.037 3
    endloop
  endfacet
  facet normal -1 -0 0
    outer loop
      vertex -19.05 110.037 5
      vertex -19.05 48.7125 3
      vertex -19.05 48.7125 5
    endloop
  endfacet
  facet normal -0.998793 -0.0491154 0
    outer loop
      vertex -19.0065 47.8279 3
      vertex -19.05 48.7125 5
      vertex -19.05 48.7125 3
    endloop
  endfacet
  facet normal -0.998793 -0.0491154 0
    outer loop
      vertex -19.05 48.7125 5
      vertex -19.0065 47.8279 3
      vertex -19.0065 47.8279 5
    endloop
  endfacet
  facet normal -0.989186 -0.146667 0
    outer loop
      vertex -18.8766 46.9518 3
      vertex -19.0065 47.8279 5
      vertex -19.0065 47.8279 3
    endloop
  endfacet
  facet normal -0.989186 -0.146667 0
    outer loop
      vertex -19.0065 47.8279 5
      vertex -18.8766 46.9518 3
      vertex -18.8766 46.9518 5
    endloop
  endfacet
  facet normal -0.970029 -0.242987 0
    outer loop
      vertex -18.6614 46.0927 3
      vertex -18.8766 46.9518 5
      vertex -18.8766 46.9518 3
    endloop
  endfacet
  facet normal -0.970029 -0.242987 0
    outer loop
      vertex -18.8766 46.9518 5
      vertex -18.6614 46.0927 3
      vertex -18.6614 46.0927 5
    endloop
  endfacet
  facet normal -0.941535 -0.336916 0
    outer loop
      vertex -18.363 45.2588 3
      vertex -18.6614 46.0927 5
      vertex -18.6614 46.0927 3
    endloop
  endfacet
  facet normal -0.941535 -0.336916 0
    outer loop
      vertex -18.6614 46.0927 5
      vertex -18.363 45.2588 3
      vertex -18.363 45.2588 5
    endloop
  endfacet
  facet normal -0.903991 -0.427552 0
    outer loop
      vertex -17.9843 44.4581 3
      vertex -18.363 45.2588 5
      vertex -18.363 45.2588 3
    endloop
  endfacet
  facet normal -0.903991 -0.427552 0
    outer loop
      vertex -18.363 45.2588 5
      vertex -17.9843 44.4581 3
      vertex -17.9843 44.4581 5
    endloop
  endfacet
  facet normal -0.857722 -0.514114 0
    outer loop
      vertex -17.529 43.6985 3
      vertex -17.9843 44.4581 5
      vertex -17.9843 44.4581 3
    endloop
  endfacet
  facet normal -0.857722 -0.514114 0
    outer loop
      vertex -17.9843 44.4581 5
      vertex -17.529 43.6985 3
      vertex -17.529 43.6985 5
    endloop
  endfacet
  facet normal -0.803213 -0.595692 0
    outer loop
      vertex -17.0014 42.9871 3
      vertex -17.529 43.6985 5
      vertex -17.529 43.6985 3
    endloop
  endfacet
  facet normal -0.803213 -0.595692 0
    outer loop
      vertex -17.529 43.6985 5
      vertex -17.0014 42.9871 3
      vertex -17.0014 42.9871 5
    endloop
  endfacet
  facet normal -0.74092 -0.671593 0
    outer loop
      vertex -16.4066 42.3309 3
      vertex -17.0014 42.9871 5
      vertex -17.0014 42.9871 3
    endloop
  endfacet
  facet normal -0.74092 -0.671593 0
    outer loop
      vertex -17.0014 42.9871 5
      vertex -16.4066 42.3309 3
      vertex -16.4066 42.3309 5
    endloop
  endfacet
  facet normal -0.671593 -0.74092 0
    outer loop
      vertex -16.4066 42.3309 3
      vertex -15.7504 41.7361 5
      vertex -16.4066 42.3309 5
    endloop
  endfacet
  facet normal -0.671593 -0.74092 -0
    outer loop
      vertex -15.7504 41.7361 5
      vertex -16.4066 42.3309 3
      vertex -15.7504 41.7361 3
    endloop
  endfacet
  facet normal -0.595692 -0.803213 0
    outer loop
      vertex -15.7504 41.7361 3
      vertex -15.039 41.2085 5
      vertex -15.7504 41.7361 5
    endloop
  endfacet
  facet normal -0.595692 -0.803213 -0
    outer loop
      vertex -15.039 41.2085 5
      vertex -15.7504 41.7361 3
      vertex -15.039 41.2085 3
    endloop
  endfacet
  facet normal -0.514114 -0.857722 0
    outer loop
      vertex -15.039 41.2085 3
      vertex -14.2794 40.7532 5
      vertex -15.039 41.2085 5
    endloop
  endfacet
  facet normal -0.514114 -0.857722 -0
    outer loop
      vertex -14.2794 40.7532 5
      vertex -15.039 41.2085 3
      vertex -14.2794 40.7532 3
    endloop
  endfacet
  facet normal -0.427552 -0.903991 0
    outer loop
      vertex -14.2794 40.7532 3
      vertex -13.4787 40.3745 5
      vertex -14.2794 40.7532 5
    endloop
  endfacet
  facet normal -0.427552 -0.903991 -0
    outer loop
      vertex -13.4787 40.3745 5
      vertex -14.2794 40.7532 3
      vertex -13.4787 40.3745 3
    endloop
  endfacet
  facet normal -0.336916 -0.941535 0
    outer loop
      vertex -13.4787 40.3745 3
      vertex -12.6448 40.0761 5
      vertex -13.4787 40.3745 5
    endloop
  endfacet
  facet normal -0.336916 -0.941535 -0
    outer loop
      vertex -12.6448 40.0761 5
      vertex -13.4787 40.3745 3
      vertex -12.6448 40.0761 3
    endloop
  endfacet
  facet normal -0.242987 -0.970029 0
    outer loop
      vertex -12.6448 40.0761 3
      vertex -11.7857 39.8609 5
      vertex -12.6448 40.0761 5
    endloop
  endfacet
  facet normal -0.242987 -0.970029 -0
    outer loop
      vertex -11.7857 39.8609 5
      vertex -12.6448 40.0761 3
      vertex -11.7857 39.8609 3
    endloop
  endfacet
  facet normal -0.146667 -0.989186 0
    outer loop
      vertex -11.7857 39.8609 3
      vertex -10.9096 39.731 5
      vertex -11.7857 39.8609 5
    endloop
  endfacet
  facet normal -0.146667 -0.989186 -0
    outer loop
      vertex -10.9096 39.731 5
      vertex -11.7857 39.8609 3
      vertex -10.9096 39.731 3
    endloop
  endfacet
  facet normal -0.0491154 -0.998793 0
    outer loop
      vertex -10.9096 39.731 3
      vertex -10.025 39.6875 5
      vertex -10.9096 39.731 5
    endloop
  endfacet
  facet normal -0.0491154 -0.998793 -0
    outer loop
      vertex -10.025 39.6875 5
      vertex -10.9096 39.731 3
      vertex -10.025 39.6875 3
    endloop
  endfacet
  facet normal 0 -1 0
    outer loop
      vertex -10.025 39.6875 3
      vertex -7.02501 39.6875 5
      vertex -10.025 39.6875 5
    endloop
  endfacet
  facet normal 0 -1 -0
    outer loop
      vertex -7.02501 39.6875 5
      vertex -10.025 39.6875 3
      vertex -7.02501 39.6875 3
    endloop
  endfacet
  facet normal 0.0491154 -0.998793 0
    outer loop
      vertex -7.02501 39.6875 3
      vertex -6.14041 39.731 5
      vertex -7.02501 39.6875 5
    endloop
  endfacet
  facet normal 0.0491154 -0.998793 0
    outer loop
      vertex -6.14041 39.731 5
      vertex -7.02501 39.6875 3
      vertex -6.14041 39.731 3
    endloop
  endfacet
  facet normal 0.734524 0.678582 0
    outer loop
      vertex -8.97892 45.7442 5
      vertex -9.42846 46.2308 3
      vertex -9.42846 46.2308 5
    endloop
  endfacet
  facet normal 0.734524 0.678582 0
    outer loop
      vertex -9.42846 46.2308 3
      vertex -8.97892 45.7442 5
      vertex -8.97892 45.7442 3
    endloop
  endfacet
  facet normal 0.877285 0.47997 0
    outer loop
      vertex -9.42846 46.2308 5
      vertex -9.86932 47.0366 3
      vertex -9.86932 47.0366 5
    endloop
  endfacet
  facet normal 0.877285 0.47997 0
    outer loop
      vertex -9.86932 47.0366 3
      vertex -9.42846 46.2308 5
      vertex -9.42846 46.2308 3
    endloop
  endfacet
  facet normal 0.933863 0.357631 0
    outer loop
      vertex -9.86932 47.0366 5
      vertex -10.2972 48.1539 3
      vertex -10.2972 48.1539 5
    endloop
  endfacet
  facet normal 0.933863 0.357631 0
    outer loop
      vertex -10.2972 48.1539 3
      vertex -9.86932 47.0366 5
      vertex -9.86932 47.0366 3
    endloop
  endfacet
  facet normal 0.9605 0.27828 0
    outer loop
      vertex -10.2972 48.1539 5
      vertex -10.708 49.5718 3
      vertex -10.708 49.5718 5
    endloop
  endfacet
  facet normal 0.9605 0.27828 0
    outer loop
      vertex -10.708 49.5718 3
      vertex -10.2972 48.1539 5
      vertex -10.2972 48.1539 3
    endloop
  endfacet
  facet normal 0.974833 0.222938 0
    outer loop
      vertex -10.708 49.5718 5
      vertex -11.0979 51.2767 3
      vertex -11.0979 51.2767 5
    endloop
  endfacet
  facet normal 0.974833 0.222938 0
    outer loop
      vertex -11.0979 51.2767 3
      vertex -10.708 49.5718 5
      vertex -10.708 49.5718 3
    endloop
  endfacet
  facet normal 0.983358 0.181679 0
    outer loop
      vertex -11.0979 51.2767 5
      vertex -11.4629 53.2523 3
      vertex -11.4629 53.2523 5
    endloop
  endfacet
  facet normal 0.983358 0.181679 0
    outer loop
      vertex -11.4629 53.2523 3
      vertex -11.0979 51.2767 5
      vertex -11.0979 51.2767 3
    endloop
  endfacet
  facet normal 0.988764 0.149484 0
    outer loop
      vertex -11.4629 53.2523 5
      vertex -11.7996 55.4794 3
      vertex -11.7996 55.4794 5
    endloop
  endfacet
  facet normal 0.988764 0.149484 0
    outer loop
      vertex -11.7996 55.4794 3
      vertex -11.4629 53.2523 5
      vertex -11.4629 53.2523 3
    endloop
  endfacet
  facet normal 0.992375 0.123259 0
    outer loop
      vertex -11.7996 55.4794 5
      vertex -12.1048 57.9366 3
      vertex -12.1048 57.9366 5
    endloop
  endfacet
  facet normal 0.992375 0.123259 0
    outer loop
      vertex -12.1048 57.9366 3
      vertex -11.7996 55.4794 5
      vertex -11.7996 55.4794 3
    endloop
  endfacet
  facet normal 0.994876 0.101105 0
    outer loop
      vertex -12.1048 57.9366 5
      vertex -12.3755 60.6003 3
      vertex -12.3755 60.6003 5
    endloop
  endfacet
  facet normal 0.994876 0.101105 0
    outer loop
      vertex -12.3755 60.6003 3
      vertex -12.1048 57.9366 5
      vertex -12.1048 57.9366 3
    endloop
  endfacet
  facet normal 0.996642 0.0818827 0
    outer loop
      vertex -12.3755 60.6003 5
      vertex -12.6092 63.4448 3
      vertex -12.6092 63.4448 5
    endloop
  endfacet
  facet normal 0.996642 0.0818827 0
    outer loop
      vertex -12.6092 63.4448 3
      vertex -12.3755 60.6003 5
      vertex -12.3755 60.6003 3
    endloop
  endfacet
  facet normal 0.997906 0.0646742 0
    outer loop
      vertex -12.6092 63.4448 5
      vertex -12.8035 66.4428 3
      vertex -12.8035 66.4428 5
    endloop
  endfacet
  facet normal 0.997906 0.0646742 0
    outer loop
      vertex -12.8035 66.4428 3
      vertex -12.6092 63.4448 5
      vertex -12.6092 63.4448 3
    endloop
  endfacet
  facet normal 0.9988 0.0489724 0
    outer loop
      vertex -12.8035 66.4428 5
      vertex -12.9566 69.5653 3
      vertex -12.9566 69.5653 5
    endloop
  endfacet
  facet normal 0.9988 0.0489724 0
    outer loop
      vertex -12.9566 69.5653 3
      vertex -12.8035 66.4428 5
      vertex -12.8035 66.4428 3
    endloop
  endfacet
  facet normal 0.999412 0.0342986 0
    outer loop
      vertex -12.9566 69.5653 5
      vertex -13.067 72.7822 3
      vertex -13.067 72.7822 5
    endloop
  endfacet
  facet normal 0.999412 0.0342986 0
    outer loop
      vertex -13.067 72.7822 3
      vertex -12.9566 69.5653 5
      vertex -12.9566 69.5653 3
    endloop
  endfacet
  facet normal 0.999793 0.0203281 0
    outer loop
      vertex -13.067 72.7822 5
      vertex -13.1337 76.0627 3
      vertex -13.1337 76.0627 5
    endloop
  endfacet
  facet normal 0.999793 0.0203281 0
    outer loop
      vertex -13.1337 76.0627 3
      vertex -13.067 72.7822 5
      vertex -13.067 72.7822 3
    endloop
  endfacet
  facet normal 0.999977 0.00673233 0
    outer loop
      vertex -13.1337 76.0627 5
      vertex -13.156 79.375 3
      vertex -13.156 79.375 5
    endloop
  endfacet
  facet normal 0.999977 0.00673233 0
    outer loop
      vertex -13.156 79.375 3
      vertex -13.1337 76.0627 5
      vertex -13.1337 76.0627 3
    endloop
  endfacet
  facet normal 0.999977 -0.00673233 0
    outer loop
      vertex -13.156 79.375 5
      vertex -13.1337 82.6873 3
      vertex -13.1337 82.6873 5
    endloop
  endfacet
  facet normal 0.999977 -0.00673233 0
    outer loop
      vertex -13.1337 82.6873 3
      vertex -13.156 79.375 5
      vertex -13.156 79.375 3
    endloop
  endfacet
  facet normal 0.999793 -0.0203281 0
    outer loop
      vertex -13.1337 82.6873 5
      vertex -13.067 85.9678 3
      vertex -13.067 85.9678 5
    endloop
  endfacet
  facet normal 0.999793 -0.0203281 0
    outer loop
      vertex -13.067 85.9678 3
      vertex -13.1337 82.6873 5
      vertex -13.1337 82.6873 3
    endloop
  endfacet
  facet normal 0.999412 -0.0342986 0
    outer loop
      vertex -13.067 85.9678 5
      vertex -12.9566 89.1847 3
      vertex -12.9566 89.1847 5
    endloop
  endfacet
  facet normal 0.999412 -0.0342986 0
    outer loop
      vertex -12.9566 89.1847 3
      vertex -13.067 85.9678 5
      vertex -13.067 85.9678 3
    endloop
  endfacet
  facet normal 0.9988 -0.0489724 0
    outer loop
      vertex -12.9566 89.1847 5
      vertex -12.8035 92.3072 3
      vertex -12.8035 92.3072 5
    endloop
  endfacet
  facet normal 0.9988 -0.0489724 0
    outer loop
      vertex -12.8035 92.3072 3
      vertex -12.9566 89.1847 5
      vertex -12.9566 89.1847 3
    endloop
  endfacet
  facet normal 0.997906 -0.0646763 0
    outer loop
      vertex -12.8035 92.3072 5
      vertex -12.6092 95.3051 3
      vertex -12.6092 95.3051 5
    endloop
  endfacet
  facet normal 0.997906 -0.0646763 0
    outer loop
      vertex -12.6092 95.3051 3
      vertex -12.8035 92.3072 5
      vertex -12.8035 92.3072 3
    endloop
  endfacet
  facet normal 0.996642 -0.0818798 0
    outer loop
      vertex -12.6092 95.3051 5
      vertex -12.3755 98.1497 3
      vertex -12.3755 98.1497 5
    endloop
  endfacet
  facet normal 0.996642 -0.0818798 0
    outer loop
      vertex -12.3755 98.1497 3
      vertex -12.6092 95.3051 5
      vertex -12.6092 95.3051 3
    endloop
  endfacet
  facet normal 0.994874 -0.10112 0
    outer loop
      vertex -12.3755 98.1497 5
      vertex -12.1048 100.813 3
      vertex -12.1048 100.813 5
    endloop
  endfacet
  facet normal 0.994874 -0.10112 0
    outer loop
      vertex -12.1048 100.813 3
      vertex -12.3755 98.1497 5
      vertex -12.3755 98.1497 3
    endloop
  endfacet
  facet normal 0.992379 -0.12322 0
    outer loop
      vertex -12.1048 100.813 5
      vertex -11.7996 103.271 3
      vertex -11.7996 103.271 5
    endloop
  endfacet
  facet normal 0.992379 -0.12322 0
    outer loop
      vertex -11.7996 103.271 3
      vertex -12.1048 100.813 5
      vertex -12.1048 100.813 3
    endloop
  endfacet
  facet normal 0.988763 -0.149491 0
    outer loop
      vertex -11.7996 103.271 5
      vertex -11.4629 105.498 3
      vertex -11.4629 105.498 5
    endloop
  endfacet
  facet normal 0.988763 -0.149491 0
    outer loop
      vertex -11.4629 105.498 3
      vertex -11.7996 103.271 5
      vertex -11.7996 103.271 3
    endloop
  endfacet
  facet normal 0.983348 -0.181733 0
    outer loop
      vertex -11.4629 105.498 5
      vertex -11.0979 107.473 3
      vertex -11.0979 107.473 5
    endloop
  endfacet
  facet normal 0.983348 -0.181733 0
    outer loop
      vertex -11.0979 107.473 3
      vertex -11.4629 105.498 5
      vertex -11.4629 105.498 3
    endloop
  endfacet
  facet normal 0.974835 -0.222926 0
    outer loop
      vertex -11.0979 107.473 5
      vertex -10.708 109.178 3
      vertex -10.708 109.178 5
    endloop
  endfacet
  facet normal 0.974835 -0.222926 0
    outer loop
      vertex -10.708 109.178 3
      vertex -11.0979 107.473 5
      vertex -11.0979 107.473 3
    endloop
  endfacet
  facet normal 0.960505 -0.278262 0
    outer loop
      vertex -10.708 109.178 5
      vertex -10.2972 110.596 3
      vertex -10.2972 110.596 5
    endloop
  endfacet
  facet normal 0.960505 -0.278262 0
    outer loop
      vertex -10.2972 110.596 3
      vertex -10.708 109.178 5
      vertex -10.708 109.178 3
    endloop
  endfacet
  facet normal 0.933831 -0.357715 0
    outer loop
      vertex -10.2972 110.596 5
      vertex -9.86932 111.713 3
      vertex -9.86932 111.713 5
    endloop
  endfacet
  facet normal 0.933831 -0.357715 0
    outer loop
      vertex -9.86932 111.713 3
      vertex -10.2972 110.596 5
      vertex -10.2972 110.596 3
    endloop
  endfacet
  facet normal 0.877335 -0.479878 0
    outer loop
      vertex -9.86932 111.713 5
      vertex -9.42846 112.519 3
      vertex -9.42846 112.519 5
    endloop
  endfacet
  facet normal 0.877335 -0.479878 0
    outer loop
      vertex -9.42846 112.519 3
      vertex -9.86932 111.713 5
      vertex -9.86932 111.713 3
    endloop
  endfacet
  facet normal 0.734802 -0.678281 0
    outer loop
      vertex -9.42846 112.519 5
      vertex -8.97892 113.006 3
      vertex -8.97892 113.006 5
    endloop
  endfacet
  facet normal 0.734802 -0.678281 0
    outer loop
      vertex -8.97892 113.006 3
      vertex -9.42846 112.519 5
      vertex -9.42846 112.519 3
    endloop
  endfacet
  facet normal 0.336133 -0.941815 0
    outer loop
      vertex -8.97892 113.006 3
      vertex -8.52501 113.168 5
      vertex -8.97892 113.006 5
    endloop
  endfacet
  facet normal 0.336133 -0.941815 0
    outer loop
      vertex -8.52501 113.168 5
      vertex -8.97892 113.006 3
      vertex -8.52501 113.168 3
    endloop
  endfacet
  facet normal -0.336126 -0.941817 0
    outer loop
      vertex -8.52501 113.168 3
      vertex -8.07109 113.006 5
      vertex -8.52501 113.168 5
    endloop
  endfacet
  facet normal -0.336126 -0.941817 -0
    outer loop
      vertex -8.07109 113.006 5
      vertex -8.52501 113.168 3
      vertex -8.07109 113.006 3
    endloop
  endfacet
  facet normal -0.734802 -0.678281 0
    outer loop
      vertex -7.62155 112.519 3
      vertex -8.07109 113.006 5
      vertex -8.07109 113.006 3
    endloop
  endfacet
  facet normal -0.734802 -0.678281 0
    outer loop
      vertex -8.07109 113.006 5
      vertex -7.62155 112.519 3
      vertex -7.62155 112.519 5
    endloop
  endfacet
  facet normal -0.877344 -0.479862 0
    outer loop
      vertex -7.18071 111.713 3
      vertex -7.62155 112.519 5
      vertex -7.62155 112.519 3
    endloop
  endfacet
  facet normal -0.877344 -0.479862 0
    outer loop
      vertex -7.62155 112.519 5
      vertex -7.18071 111.713 3
      vertex -7.18071 111.713 5
    endloop
  endfacet
  facet normal -0.933822 -0.357737 0
    outer loop
      vertex -6.7528 110.596 3
      vertex -7.18071 111.713 5
      vertex -7.18071 111.713 3
    endloop
  endfacet
  facet normal -0.933822 -0.357737 0
    outer loop
      vertex -7.18071 111.713 5
      vertex -6.7528 110.596 3
      vertex -6.7528 110.596 5
    endloop
  endfacet
  facet normal -0.960502 -0.278275 0
    outer loop
      vertex -6.34198 109.178 3
      vertex -6.7528 110.596 5
      vertex -6.7528 110.596 3
    endloop
  endfacet
  facet normal -0.960502 -0.278275 0
    outer loop
      vertex -6.7528 110.596 5
      vertex -6.34198 109.178 3
      vertex -6.34198 109.178 5
    endloop
  endfacet
  facet normal -0.974845 -0.222882 0
    outer loop
      vertex -5.95216 107.473 3
      vertex -6.34198 109.178 5
      vertex -6.34198 109.178 3
    endloop
  endfacet
  facet normal -0.974845 -0.222882 0
    outer loop
      vertex -6.34198 109.178 5
      vertex -5.95216 107.473 3
      vertex -5.95216 107.473 5
    endloop
  endfacet
  facet normal -0.983346 -0.181742 0
    outer loop
      vertex -5.58714 105.498 3
      vertex -5.95216 107.473 5
      vertex -5.95216 107.473 3
    endloop
  endfacet
  facet normal -0.983346 -0.181742 0
    outer loop
      vertex -5.95216 107.473 5
      vertex -5.58714 105.498 3
      vertex -5.58714 105.498 5
    endloop
  endfacet
  facet normal -0.98876 -0.149513 0
    outer loop
      vertex -5.25039 103.271 3
      vertex -5.58714 105.498 5
      vertex -5.58714 105.498 3
    endloop
  endfacet
  facet normal -0.98876 -0.149513 0
    outer loop
      vertex -5.58714 105.498 5
      vertex -5.25039 103.271 3
      vertex -5.25039 103.271 5
    endloop
  endfacet
  facet normal -0.99238 -0.123216 0
    outer loop
      vertex -4.9452 100.813 3
      vertex -5.25039 103.271 5
      vertex -5.25039 103.271 3
    endloop
  endfacet
  facet normal -0.99238 -0.123216 0
    outer loop
      vertex -5.25039 103.271 5
      vertex -4.9452 100.813 3
      vertex -4.9452 100.813 5
    endloop
  endfacet
  facet normal -0.994873 -0.101131 0
    outer loop
      vertex -4.67447 98.1497 3
      vertex -4.9452 100.813 5
      vertex -4.9452 100.813 3
    endloop
  endfacet
  facet normal -0.994873 -0.101131 0
    outer loop
      vertex -4.9452 100.813 5
      vertex -4.67447 98.1497 3
      vertex -4.67447 98.1497 5
    endloop
  endfacet
  facet normal -0.996644 -0.0818624 0
    outer loop
      vertex -4.44082 95.3051 3
      vertex -4.67447 98.1497 5
      vertex -4.67447 98.1497 3
    endloop
  endfacet
  facet normal -0.996644 -0.0818624 0
    outer loop
      vertex -4.67447 98.1497 5
      vertex -4.44082 95.3051 3
      vertex -4.44082 95.3051 5
    endloop
  endfacet
  facet normal -0.997906 -0.0646763 0
    outer loop
      vertex -4.24652 92.3072 3
      vertex -4.44082 95.3051 5
      vertex -4.44082 95.3051 3
    endloop
  endfacet
  facet normal -0.997906 -0.0646763 0
    outer loop
      vertex -4.44082 95.3051 5
      vertex -4.24652 92.3072 3
      vertex -4.24652 92.3072 5
    endloop
  endfacet
  facet normal -0.9988 -0.0489756 0
    outer loop
      vertex -4.09341 89.1847 3
      vertex -4.24652 92.3072 5
      vertex -4.24652 92.3072 3
    endloop
  endfacet
  facet normal -0.9988 -0.0489756 0
    outer loop
      vertex -4.24652 92.3072 5
      vertex -4.09341 89.1847 3
      vertex -4.09341 89.1847 5
    endloop
  endfacet
  facet normal -0.999411 -0.0343079 0
    outer loop
      vertex -3.98298 85.9678 3
      vertex -4.09341 89.1847 5
      vertex -4.09341 89.1847 3
    endloop
  endfacet
  facet normal -0.999411 -0.0343079 0
    outer loop
      vertex -4.09341 89.1847 5
      vertex -3.98298 85.9678 3
      vertex -3.98298 85.9678 5
    endloop
  endfacet
  facet normal -0.999793 -0.020322 0
    outer loop
      vertex -3.9163 82.6873 3
      vertex -3.98298 85.9678 5
      vertex -3.98298 85.9678 3
    endloop
  endfacet
  facet normal -0.999793 -0.020322 0
    outer loop
      vertex -3.98298 85.9678 5
      vertex -3.9163 82.6873 3
      vertex -3.9163 82.6873 5
    endloop
  endfacet
  facet normal -0.999977 -0.00672931 0
    outer loop
      vertex -3.89401 79.375 3
      vertex -3.9163 82.6873 5
      vertex -3.9163 82.6873 3
    endloop
  endfacet
  facet normal -0.999977 -0.00672931 0
    outer loop
      vertex -3.9163 82.6873 5
      vertex -3.89401 79.375 3
      vertex -3.89401 79.375 5
    endloop
  endfacet
  facet normal -0.999977 0.00672931 0
    outer loop
      vertex -3.9163 76.0627 3
      vertex -3.89401 79.375 5
      vertex -3.89401 79.375 3
    endloop
  endfacet
  facet normal -0.999977 0.00672931 0
    outer loop
      vertex -3.89401 79.375 5
      vertex -3.9163 76.0627 3
      vertex -3.9163 76.0627 5
    endloop
  endfacet
  facet normal -0.999793 0.020322 0
    outer loop
      vertex -3.98298 72.7822 3
      vertex -3.9163 76.0627 5
      vertex -3.9163 76.0627 3
    endloop
  endfacet
  facet normal -0.999793 0.020322 0
    outer loop
      vertex -3.9163 76.0627 5
      vertex -3.98298 72.7822 3
      vertex -3.98298 72.7822 5
    endloop
  endfacet
  facet normal -0.999411 0.0343079 0
    outer loop
      vertex -4.09341 69.5653 3
      vertex -3.98298 72.7822 5
      vertex -3.98298 72.7822 3
    endloop
  endfacet
  facet normal -0.999411 0.0343079 0
    outer loop
      vertex -3.98298 72.7822 5
      vertex -4.09341 69.5653 3
      vertex -4.09341 69.5653 5
    endloop
  endfacet
  facet normal -0.9988 0.0489756 0
    outer loop
      vertex -4.24652 66.4428 3
      vertex -4.09341 69.5653 5
      vertex -4.09341 69.5653 3
    endloop
  endfacet
  facet normal -0.9988 0.0489756 0
    outer loop
      vertex -4.09341 69.5653 5
      vertex -4.24652 66.4428 3
      vertex -4.24652 66.4428 5
    endloop
  endfacet
  facet normal -0.997906 0.0646742 0
    outer loop
      vertex -4.44082 63.4448 3
      vertex -4.24652 66.4428 5
      vertex -4.24652 66.4428 3
    endloop
  endfacet
  facet normal -0.997906 0.0646742 0
    outer loop
      vertex -4.24652 66.4428 5
      vertex -4.44082 63.4448 3
      vertex -4.44082 63.4448 5
    endloop
  endfacet
  facet normal -0.996643 0.0818653 0
    outer loop
      vertex -4.67447 60.6003 3
      vertex -4.44082 63.4448 5
      vertex -4.44082 63.4448 3
    endloop
  endfacet
  facet normal -0.996643 0.0818653 0
    outer loop
      vertex -4.44082 63.4448 5
      vertex -4.67447 60.6003 3
      vertex -4.67447 60.6003 5
    endloop
  endfacet
  facet normal -0.994875 0.101116 0
    outer loop
      vertex -4.9452 57.9366 3
      vertex -4.67447 60.6003 5
      vertex -4.67447 60.6003 3
    endloop
  endfacet
  facet normal -0.994875 0.101116 0
    outer loop
      vertex -4.67447 60.6003 5
      vertex -4.9452 57.9366 3
      vertex -4.9452 57.9366 5
    endloop
  endfacet
  facet normal -0.992375 0.123255 0
    outer loop
      vertex -5.25039 55.4794 3
      vertex -4.9452 57.9366 5
      vertex -4.9452 57.9366 3
    endloop
  endfacet
  facet normal -0.992375 0.123255 0
    outer loop
      vertex -4.9452 57.9366 5
      vertex -5.25039 55.4794 3
      vertex -5.25039 55.4794 5
    endloop
  endfacet
  facet normal -0.988761 0.149506 0
    outer loop
      vertex -5.58714 53.2523 3
      vertex -5.25039 55.4794 5
      vertex -5.25039 55.4794 3
    endloop
  endfacet
  facet normal -0.988761 0.149506 0
    outer loop
      vertex -5.25039 55.4794 5
      vertex -5.58714 53.2523 3
      vertex -5.58714 53.2523 5
    endloop
  endfacet
  facet normal -0.983356 0.181689 0
    outer loop
      vertex -5.95216 51.2767 3
      vertex -5.58714 53.2523 5
      vertex -5.58714 53.2523 3
    endloop
  endfacet
  facet normal -0.983356 0.181689 0
    outer loop
      vertex -5.58714 53.2523 5
      vertex -5.95216 51.2767 3
      vertex -5.95216 51.2767 5
    endloop
  endfacet
  facet normal -0.974843 0.222895 0
    outer loop
      vertex -6.34198 49.5718 3
      vertex -5.95216 51.2767 5
      vertex -5.95216 51.2767 3
    endloop
  endfacet
  facet normal -0.974843 0.222895 0
    outer loop
      vertex -5.95216 51.2767 5
      vertex -6.34198 49.5718 3
      vertex -6.34198 49.5718 5
    endloop
  endfacet
  facet normal -0.960496 0.278293 0
    outer loop
      vertex -6.7528 48.1539 3
      vertex -6.34198 49.5718 5
      vertex -6.34198 49.5718 3
    endloop
  endfacet
  facet normal -0.960496 0.278293 0
    outer loop
      vertex -6.34198 49.5718 5
      vertex -6.7528 48.1539 3
      vertex -6.7528 48.1539 5
    endloop
  endfacet
  facet normal -0.933855 0.357653 0
    outer loop
      vertex -7.18071 47.0366 3
      vertex -6.7528 48.1539 5
      vertex -6.7528 48.1539 3
    endloop
  endfacet
  facet normal -0.933855 0.357653 0
    outer loop
      vertex -6.7528 48.1539 5
      vertex -7.18071 47.0366 3
      vertex -7.18071 47.0366 5
    endloop
  endfacet
  facet normal -0.877294 0.479953 0
    outer loop
      vertex -7.62155 46.2308 3
      vertex -7.18071 47.0366 5
      vertex -7.18071 47.0366 3
    endloop
  endfacet
  facet normal -0.877294 0.479953 0
    outer loop
      vertex -7.18071 47.0366 5
      vertex -7.62155 46.2308 3
      vertex -7.62155 46.2308 5
    endloop
  endfacet
  facet normal -0.734524 0.678582 0
    outer loop
      vertex -8.07109 45.7442 3
      vertex -7.62155 46.2308 5
      vertex -7.62155 46.2308 3
    endloop
  endfacet
  facet normal -0.734524 0.678582 0
    outer loop
      vertex -7.62155 46.2308 5
      vertex -8.07109 45.7442 3
      vertex -8.07109 45.7442 5
    endloop
  endfacet
  facet normal -0.337413 0.941357 0
    outer loop
      vertex -8.07109 45.7442 3
      vertex -8.52501 45.5815 5
      vertex -8.07109 45.7442 5
    endloop
  endfacet
  facet normal -0.337413 0.941357 0
    outer loop
      vertex -8.52501 45.5815 5
      vertex -8.07109 45.7442 3
      vertex -8.52501 45.5815 3
    endloop
  endfacet
  facet normal 0.33742 0.941354 -0
    outer loop
      vertex -8.52501 45.5815 3
      vertex -8.97892 45.7442 5
      vertex -8.52501 45.5815 5
    endloop
  endfacet
  facet normal 0.33742 0.941354 0
    outer loop
      vertex -8.97892 45.7442 5
      vertex -8.52501 45.5815 3
      vertex -8.97892 45.7442 3
    endloop
  endfacet
  facet normal 0 0 -1
    outer loop
      vertex 258.358 49.5718 3
      vertex 266.7 48.7125 3
      vertex 266.657 47.8279 3
    endloop
  endfacet
  facet normal 0 0 -1
    outer loop
      vertex 266.7 48.7125 3
      vertex 260.806 79.375 3
      vertex 266.7 110.037 3
    endloop
  endfacet
  facet normal 0 0 -1
    outer loop
      vertex 258.358 49.5718 3
      vertex 266.657 47.8279 3
      vertex 266.527 46.9518 3
    endloop
  endfacet
  facet normal 0 0 -1
    outer loop
      vertex 260.784 82.6873 3
      vertex 266.7 110.037 3
      vertex 260.806 79.375 3
    endloop
  endfacet
  facet normal 0 0 -1
    outer loop
      vertex 257.947 48.1539 3
      vertex 266.527 46.9518 3
      vertex 266.311 46.0927 3
    endloop
  endfacet
  facet normal 0 0 -1
    outer loop
      vertex 260.717 85.9678 3
      vertex 266.7 110.037 3
      vertex 260.784 82.6873 3
    endloop
  endfacet
  facet normal 0 0 -1
    outer loop
      vertex 257.947 48.1539 3
      vertex 266.311 46.0927 3
      vertex 266.013 45.2588 3
    endloop
  endfacet
  facet normal 0 0 -1
    outer loop
      vertex 260.607 89.1847 3
      vertex 266.7 110.037 3
      vertex 260.717 85.9678 3
    endloop
  endfacet
  facet normal 0 0 -1
    outer loop
      vertex 257.947 48.1539 3
      vertex 266.013 45.2588 3
      vertex 265.634 44.4581 3
    endloop
  endfacet
  facet normal 0 0 -1
    outer loop
      vertex 260.453 92.3072 3
      vertex 266.7 110.037 3
      vertex 260.607 89.1847 3
    endloop
  endfacet
  facet normal 0 0 -1
    outer loop
      vertex 257.947 48.1539 3
      vertex 265.634 44.4581 3
      vertex 265.179 43.6985 3
    endloop
  endfacet
  facet normal 0 0 -1
    outer loop
      vertex 260.259 95.3051 3
      vertex 266.7 110.037 3
      vertex 260.453 92.3072 3
    endloop
  endfacet
  facet normal 0 0 -1
    outer loop
      vertex 257.519 47.0366 3
      vertex 265.179 43.6985 3
      vertex 264.651 42.9871 3
    endloop
  endfacet
  facet normal 0 0 -1
    outer loop
      vertex 260.026 98.1497 3
      vertex 266.7 110.037 3
      vertex 260.259 95.3051 3
    endloop
  endfacet
  facet normal 0 0 -1
    outer loop
      vertex 257.519 47.0366 3
      vertex 264.651 42.9871 3
      vertex 264.057 42.3309 3
    endloop
  endfacet
  facet normal 0 0 -1
    outer loop
      vertex 259.755 100.813 3
      vertex 266.7 110.037 3
      vertex 260.026 98.1497 3
    endloop
  endfacet
  facet normal 0 0 -1
    outer loop
      vertex 257.519 47.0366 3
      vertex 264.057 42.3309 3
      vertex 263.4 41.7361 3
    endloop
  endfacet
  facet normal 0 0 -1
    outer loop
      vertex 259.45 103.271 3
      vertex 266.7 110.037 3
      vertex 259.755 100.813 3
    endloop
  endfacet
  facet normal 0 0 -1
    outer loop
      vertex 257.078 46.2308 3
      vertex 263.4 41.7361 3
      vertex 262.689 41.2085 3
    endloop
  endfacet
  facet normal 0 0 -1
    outer loop
      vertex 259.113 105.498 3
      vertex 266.7 110.037 3
      vertex 259.45 103.271 3
    endloop
  endfacet
  facet normal 0 0 -1
    outer loop
      vertex 257.078 46.2308 3
      vertex 262.689 41.2085 3
      vertex 261.929 40.7532 3
    endloop
  endfacet
  facet normal 0 0 -1
    outer loop
      vertex 258.748 107.473 3
      vertex 266.7 110.037 3
      vertex 259.113 105.498 3
    endloop
  endfacet
  facet normal 0 0 -1
    outer loop
      vertex 257.078 46.2308 3
      vertex 261.929 40.7532 3
      vertex 261.129 40.3745 3
    endloop
  endfacet
  facet normal 0 0 -1
    outer loop
      vertex 258.358 109.178 3
      vertex 266.7 110.037 3
      vertex 258.748 107.473 3
    endloop
  endfacet
  facet normal -0 0 -1
    outer loop
      vertex 266.7 110.037 3
      vertex 258.358 109.178 3
      vertex 266.657 110.922 3
    endloop
  endfacet
  facet normal 0 0 -1
    outer loop
      vertex 266.7 48.7125 3
      vertex 260.784 76.0627 3
      vertex 260.806 79.375 3
    endloop
  endfacet
  facet normal 0 0 -1
    outer loop
      vertex 266.7 48.7125 3
      vertex 260.717 72.7822 3
      vertex 260.784 76.0627 3
    endloop
  endfacet
  facet normal 0 0 -1
    outer loop
      vertex 266.7 48.7125 3
      vertex 260.607 69.5653 3
      vertex 260.717 72.7822 3
    endloop
  endfacet
  facet normal 0 0 -1
    outer loop
      vertex 266.7 48.7125 3
      vertex 260.453 66.4428 3
      vertex 260.607 69.5653 3
    endloop
  endfacet
  facet normal 0 0 -1
    outer loop
      vertex 257.078 46.2308 3
      vertex 261.129 40.3745 3
      vertex 260.295 40.0761 3
    endloop
  endfacet
  facet normal 0 0 -1
    outer loop
      vertex 266.7 48.7125 3
      vertex 260.259 63.4448 3
      vertex 260.453 66.4428 3
    endloop
  endfacet
  facet normal 0 0 -1
    outer loop
      vertex 266.7 48.7125 3
      vertex 260.026 60.6003 3
      vertex 260.259 63.4448 3
    endloop
  endfacet
  facet normal 0 0 -1
    outer loop
      vertex 266.7 48.7125 3
      vertex 259.755 57.9366 3
      vertex 260.026 60.6003 3
    endloop
  endfacet
  facet normal 0 0 -1
    outer loop
      vertex 266.7 48.7125 3
      vertex 259.45 55.4794 3
      vertex 259.755 57.9366 3
    endloop
  endfacet
  facet normal 0 0 -1
    outer loop
      vertex 256.629 45.7442 3
      vertex 260.295 40.0761 3
      vertex 259.436 39.8609 3
    endloop
  endfacet
  facet normal 0 0 -1
    outer loop
      vertex 266.7 48.7125 3
      vertex 259.113 53.2523 3
      vertex 259.45 55.4794 3
    endloop
  endfacet
  facet normal 0 0 -1
    outer loop
      vertex 266.7 48.7125 3
      vertex 258.748 51.2767 3
      vertex 259.113 53.2523 3
    endloop
  endfacet
  facet normal 0 0 -1
    outer loop
      vertex 256.629 45.7442 3
      vertex 259.436 39.8609 3
      vertex 258.56 39.731 3
    endloop
  endfacet
  facet normal 0 0 -1
    outer loop
      vertex 266.7 48.7125 3
      vertex 258.358 49.5718 3
      vertex 258.748 51.2767 3
    endloop
  endfacet
  facet normal 0 0 -1
    outer loop
      vertex 266.527 46.9518 3
      vertex 257.947 48.1539 3
      vertex 258.358 49.5718 3
    endloop
  endfacet
  facet normal 0 0 -1
    outer loop
      vertex 256.629 45.7442 3
      vertex 258.56 39.731 3
      vertex 257.675 39.6875 3
    endloop
  endfacet
  facet normal 0 0 -1
    outer loop
      vertex 265.179 43.6985 3
      vertex 257.519 47.0366 3
      vertex 257.947 48.1539 3
    endloop
  endfacet
  facet normal 0 0 -1
    outer loop
      vertex 263.4 41.7361 3
      vertex 257.078 46.2308 3
      vertex 257.519 47.0366 3
    endloop
  endfacet
  facet normal 0 0 -1
    outer loop
      vertex 260.295 40.0761 3
      vertex 256.629 45.7442 3
      vertex 257.078 46.2308 3
    endloop
  endfacet
  facet normal 0 0 -1
    outer loop
      vertex 257.675 39.6875 3
      vertex 256.175 45.5815 3
      vertex 256.629 45.7442 3
    endloop
  endfacet
  facet normal 0 0 -1
    outer loop
      vertex 254.675 39.6875 3
      vertex 256.175 45.5815 3
      vertex 257.675 39.6875 3
    endloop
  endfacet
  facet normal -0 0 -1
    outer loop
      vertex 256.175 45.5815 3
      vertex 254.675 39.6875 3
      vertex 255.721 45.7442 3
    endloop
  endfacet
  facet normal 0 0 -1
    outer loop
      vertex 253.79 39.731 3
      vertex 255.721 45.7442 3
      vertex 254.675 39.6875 3
    endloop
  endfacet
  facet normal 0 0 -1
    outer loop
      vertex 252.914 39.8609 3
      vertex 255.721 45.7442 3
      vertex 253.79 39.731 3
    endloop
  endfacet
  facet normal 0 0 -1
    outer loop
      vertex 252.055 40.0761 3
      vertex 255.721 45.7442 3
      vertex 252.914 39.8609 3
    endloop
  endfacet
  facet normal -0 0 -1
    outer loop
      vertex 255.721 45.7442 3
      vertex 252.055 40.0761 3
      vertex 255.272 46.2308 3
    endloop
  endfacet
  facet normal 0 0 -1
    outer loop
      vertex 251.221 40.3745 3
      vertex 255.272 46.2308 3
      vertex 252.055 40.0761 3
    endloop
  endfacet
  facet normal 0 0 -1
    outer loop
      vertex 250.421 40.7532 3
      vertex 255.272 46.2308 3
      vertex 251.221 40.3745 3
    endloop
  endfacet
  facet normal 0 0 -1
    outer loop
      vertex 249.661 41.2085 3
      vertex 255.272 46.2308 3
      vertex 250.421 40.7532 3
    endloop
  endfacet
  facet normal 0 0 -1
    outer loop
      vertex 248.95 41.7361 3
      vertex 255.272 46.2308 3
      vertex 249.661 41.2085 3
    endloop
  endfacet
  facet normal -0 0 -1
    outer loop
      vertex 255.272 46.2308 3
      vertex 248.95 41.7361 3
      vertex 254.831 47.0366 3
    endloop
  endfacet
  facet normal 0 0 -1
    outer loop
      vertex 248.293 42.3309 3
      vertex 254.831 47.0366 3
      vertex 248.95 41.7361 3
    endloop
  endfacet
  facet normal -0 0 -1
    outer loop
      vertex 252.9 55.4794 3
      vertex 247.65 43.0526 3
      vertex 252.595 57.9366 3
    endloop
  endfacet
  facet normal -0 0 -1
    outer loop
      vertex 252.595 57.9366 3
      vertex 247.65 43.0526 3
      vertex 252.324 60.6003 3
    endloop
  endfacet
  facet normal 0 0 -1
    outer loop
      vertex 247.699 42.9871 3
      vertex 254.831 47.0366 3
      vertex 248.293 42.3309 3
    endloop
  endfacet
  facet normal -0 0 -1
    outer loop
      vertex 252.324 60.6003 3
      vertex 247.65 43.0526 3
      vertex 252.091 63.4448 3
    endloop
  endfacet
  facet normal -0 0 -1
    outer loop
      vertex 252.091 63.4448 3
      vertex 247.65 43.0526 3
      vertex 251.896 66.4428 3
    endloop
  endfacet
  facet normal -0 0 -1
    outer loop
      vertex 251.896 66.4428 3
      vertex 247.65 43.0526 3
      vertex 251.743 69.5653 3
    endloop
  endfacet
  facet normal -0 0 -1
    outer loop
      vertex 251.743 69.5653 3
      vertex 247.65 43.0526 3
      vertex 251.633 72.7822 3
    endloop
  endfacet
  facet normal -0 0 -1
    outer loop
      vertex 251.633 72.7822 3
      vertex 247.65 43.0526 3
      vertex 251.566 76.0627 3
    endloop
  endfacet
  facet normal 0 0 -1
    outer loop
      vertex 247.65 43.0526 3
      vertex 254.831 47.0366 3
      vertex 247.699 42.9871 3
    endloop
  endfacet
  facet normal -0 0 -1
    outer loop
      vertex 266.657 110.922 3
      vertex 258.358 109.178 3
      vertex 266.527 111.798 3
    endloop
  endfacet
  facet normal 0 0 -1
    outer loop
      vertex 257.947 110.596 3
      vertex 266.527 111.798 3
      vertex 258.358 109.178 3
    endloop
  endfacet
  facet normal -0 0 -1
    outer loop
      vertex 266.527 111.798 3
      vertex 257.947 110.596 3
      vertex 266.311 112.657 3
    endloop
  endfacet
  facet normal -0 0 -1
    outer loop
      vertex 266.311 112.657 3
      vertex 257.947 110.596 3
      vertex 266.013 113.491 3
    endloop
  endfacet
  facet normal -0 0 -1
    outer loop
      vertex 266.013 113.491 3
      vertex 257.947 110.596 3
      vertex 265.634 114.292 3
    endloop
  endfacet
  facet normal -0 0 -1
    outer loop
      vertex 265.634 114.292 3
      vertex 257.947 110.596 3
      vertex 265.179 115.052 3
    endloop
  endfacet
  facet normal 0 0 -1
    outer loop
      vertex 257.519 111.713 3
      vertex 265.179 115.052 3
      vertex 257.947 110.596 3
    endloop
  endfacet
  facet normal -0 0 -1
    outer loop
      vertex 265.179 115.052 3
      vertex 257.519 111.713 3
      vertex 264.651 115.763 3
    endloop
  endfacet
  facet normal -0 0 -1
    outer loop
      vertex 264.651 115.763 3
      vertex 257.519 111.713 3
      vertex 264.057 116.419 3
    endloop
  endfacet
  facet normal -0 0 -1
    outer loop
      vertex 264.057 116.419 3
      vertex 257.519 111.713 3
      vertex 263.4 117.014 3
    endloop
  endfacet
  facet normal 0 0 -1
    outer loop
      vertex 257.078 112.519 3
      vertex 263.4 117.014 3
      vertex 257.519 111.713 3
    endloop
  endfacet
  facet normal -0 0 -1
    outer loop
      vertex 263.4 117.014 3
      vertex 257.078 112.519 3
      vertex 262.689 117.542 3
    endloop
  endfacet
  facet normal -0 0 -1
    outer loop
      vertex 262.689 117.542 3
      vertex 257.078 112.519 3
      vertex 261.929 117.997 3
    endloop
  endfacet
  facet normal -0 0 -1
    outer loop
      vertex 261.929 117.997 3
      vertex 257.078 112.519 3
      vertex 261.129 118.376 3
    endloop
  endfacet
  facet normal -0 0 -1
    outer loop
      vertex 261.129 118.376 3
      vertex 257.078 112.519 3
      vertex 260.295 118.674 3
    endloop
  endfacet
  facet normal 0 0 -1
    outer loop
      vertex 256.629 113.006 3
      vertex 260.295 118.674 3
      vertex 257.078 112.519 3
    endloop
  endfacet
  facet normal -0 0 -1
    outer loop
      vertex 260.295 118.674 3
      vertex 256.629 113.006 3
      vertex 259.436 118.889 3
    endloop
  endfacet
  facet normal -0 0 -1
    outer loop
      vertex 259.436 118.889 3
      vertex 256.629 113.006 3
      vertex 258.56 119.019 3
    endloop
  endfacet
  facet normal -0 0 -1
    outer loop
      vertex 258.56 119.019 3
      vertex 256.629 113.006 3
      vertex 257.675 119.062 3
    endloop
  endfacet
  facet normal 0 0 -1
    outer loop
      vertex 256.175 113.168 3
      vertex 257.675 119.062 3
      vertex 256.629 113.006 3
    endloop
  endfacet
  facet normal 0 0 -1
    outer loop
      vertex 254.675 119.062 3
      vertex 256.175 113.168 3
      vertex 255.721 113.006 3
    endloop
  endfacet
  facet normal 0 0 -1
    outer loop
      vertex 252.055 118.674 3
      vertex 255.721 113.006 3
      vertex 255.272 112.519 3
    endloop
  endfacet
  facet normal 0 0 -1
    outer loop
      vertex 248.95 117.014 3
      vertex 255.272 112.519 3
      vertex 254.831 111.713 3
    endloop
  endfacet
  facet normal 0 0 -1
    outer loop
      vertex 256.175 113.168 3
      vertex 254.675 119.062 3
      vertex 257.675 119.062 3
    endloop
  endfacet
  facet normal 0 0 -1
    outer loop
      vertex 247.65 115.697 3
      vertex 254.831 111.713 3
      vertex 254.403 110.596 3
    endloop
  endfacet
  facet normal 0 0 -1
    outer loop
      vertex 247.65 115.697 3
      vertex 254.403 110.596 3
      vertex 253.992 109.178 3
    endloop
  endfacet
  facet normal 0 0 -1
    outer loop
      vertex 255.721 113.006 3
      vertex 253.79 119.019 3
      vertex 254.675 119.062 3
    endloop
  endfacet
  facet normal 0 0 -1
    outer loop
      vertex 247.65 115.697 3
      vertex 253.992 109.178 3
      vertex 253.602 107.473 3
    endloop
  endfacet
  facet normal 0 0 -1
    outer loop
      vertex 247.65 115.697 3
      vertex 253.602 107.473 3
      vertex 253.237 105.498 3
    endloop
  endfacet
  facet normal 0 0 -1
    outer loop
      vertex 255.721 113.006 3
      vertex 252.914 118.889 3
      vertex 253.79 119.019 3
    endloop
  endfacet
  facet normal 0 0 -1
    outer loop
      vertex 247.65 115.697 3
      vertex 253.237 105.498 3
      vertex 252.9 103.271 3
    endloop
  endfacet
  facet normal 0 0 -1
    outer loop
      vertex 247.65 115.697 3
      vertex 252.9 103.271 3
      vertex 252.595 100.813 3
    endloop
  endfacet
  facet normal 0 0 -1
    outer loop
      vertex 247.65 115.697 3
      vertex 252.595 100.813 3
      vertex 252.324 98.1497 3
    endloop
  endfacet
  facet normal 0 0 -1
    outer loop
      vertex 247.65 115.697 3
      vertex 252.324 98.1497 3
      vertex 252.091 95.3051 3
    endloop
  endfacet
  facet normal 0 0 -1
    outer loop
      vertex 254.831 111.713 3
      vertex 247.65 115.697 3
      vertex 247.699 115.763 3
    endloop
  endfacet
  facet normal 0 0 -1
    outer loop
      vertex 247.65 115.697 3
      vertex 252.091 95.3051 3
      vertex 251.896 92.3072 3
    endloop
  endfacet
  facet normal 0 0 -1
    outer loop
      vertex 247.65 115.697 3
      vertex 251.896 92.3072 3
      vertex 251.743 89.1847 3
    endloop
  endfacet
  facet normal 0 0 -1
    outer loop
      vertex 247.65 115.697 3
      vertex 251.743 89.1847 3
      vertex 251.633 85.9678 3
    endloop
  endfacet
  facet normal 0 0 -1
    outer loop
      vertex 247.65 115.697 3
      vertex 251.633 85.9678 3
      vertex 251.566 82.6873 3
    endloop
  endfacet
  facet normal -0 0 -1
    outer loop
      vertex 251.566 76.0627 3
      vertex 247.65 43.0526 3
      vertex 251.544 79.375 3
    endloop
  endfacet
  facet normal 0 0 -1
    outer loop
      vertex 255.721 113.006 3
      vertex 252.055 118.674 3
      vertex 252.914 118.889 3
    endloop
  endfacet
  facet normal 0 0 -1
    outer loop
      vertex 247.65 115.697 3
      vertex 251.544 79.375 3
      vertex 247.65 43.0526 3
    endloop
  endfacet
  facet normal -0 0 -1
    outer loop
      vertex 254.403 48.1539 3
      vertex 247.65 43.0526 3
      vertex 253.992 49.5718 3
    endloop
  endfacet
  facet normal 0 0 -1
    outer loop
      vertex 251.544 79.375 3
      vertex 247.65 115.697 3
      vertex 251.566 82.6873 3
    endloop
  endfacet
  facet normal -0 0 -1
    outer loop
      vertex 253.992 49.5718 3
      vertex 247.65 43.0526 3
      vertex 253.602 51.2767 3
    endloop
  endfacet
  facet normal 0 0 -1
    outer loop
      vertex 255.272 112.519 3
      vertex 251.221 118.376 3
      vertex 252.055 118.674 3
    endloop
  endfacet
  facet normal -0 0 -1
    outer loop
      vertex 253.602 51.2767 3
      vertex 247.65 43.0526 3
      vertex 253.237 53.2523 3
    endloop
  endfacet
  facet normal 0 0 -1
    outer loop
      vertex 255.272 112.519 3
      vertex 250.421 117.997 3
      vertex 251.221 118.376 3
    endloop
  endfacet
  facet normal -0 0 -1
    outer loop
      vertex 253.237 53.2523 3
      vertex 247.65 43.0526 3
      vertex 252.9 55.4794 3
    endloop
  endfacet
  facet normal 0 0 -1
    outer loop
      vertex 255.272 112.519 3
      vertex 249.661 117.542 3
      vertex 250.421 117.997 3
    endloop
  endfacet
  facet normal -0 0 -1
    outer loop
      vertex 254.831 47.0366 3
      vertex 247.65 43.0526 3
      vertex 254.403 48.1539 3
    endloop
  endfacet
  facet normal 0 0 -1
    outer loop
      vertex 255.272 112.519 3
      vertex 248.95 117.014 3
      vertex 249.661 117.542 3
    endloop
  endfacet
  facet normal 0 0 -1
    outer loop
      vertex 254.831 111.713 3
      vertex 248.293 116.419 3
      vertex 248.95 117.014 3
    endloop
  endfacet
  facet normal 0 0 -1
    outer loop
      vertex 254.831 111.713 3
      vertex 247.699 115.763 3
      vertex 248.293 116.419 3
    endloop
  endfacet
  facet normal 0 0 1
    outer loop
      vertex 258.358 109.178 5
      vertex 266.7 110.037 5
      vertex 266.657 110.922 5
    endloop
  endfacet
  facet normal 0 0 1
    outer loop
      vertex 266.7 110.037 5
      vertex 260.806 79.375 5
      vertex 266.7 48.7125 5
    endloop
  endfacet
  facet normal 0 0 1
    outer loop
      vertex 258.358 109.178 5
      vertex 266.657 110.922 5
      vertex 266.527 111.798 5
    endloop
  endfacet
  facet normal -0 0 1
    outer loop
      vertex 260.784 76.0627 5
      vertex 266.7 48.7125 5
      vertex 260.806 79.375 5
    endloop
  endfacet
  facet normal 0 0 1
    outer loop
      vertex 257.947 110.596 5
      vertex 266.527 111.798 5
      vertex 266.311 112.657 5
    endloop
  endfacet
  facet normal -0 0 1
    outer loop
      vertex 260.717 72.7822 5
      vertex 266.7 48.7125 5
      vertex 260.784 76.0627 5
    endloop
  endfacet
  facet normal 0 0 1
    outer loop
      vertex 257.947 110.596 5
      vertex 266.311 112.657 5
      vertex 266.013 113.491 5
    endloop
  endfacet
  facet normal -0 0 1
    outer loop
      vertex 260.607 69.5653 5
      vertex 266.7 48.7125 5
      vertex 260.717 72.7822 5
    endloop
  endfacet
  facet normal 0 0 1
    outer loop
      vertex 257.947 110.596 5
      vertex 266.013 113.491 5
      vertex 265.634 114.292 5
    endloop
  endfacet
  facet normal -0 0 1
    outer loop
      vertex 260.453 66.4428 5
      vertex 266.7 48.7125 5
      vertex 260.607 69.5653 5
    endloop
  endfacet
  facet normal 0 0 1
    outer loop
      vertex 257.947 110.596 5
      vertex 265.634 114.292 5
      vertex 265.179 115.052 5
    endloop
  endfacet
  facet normal -0 0 1
    outer loop
      vertex 260.259 63.4448 5
      vertex 266.7 48.7125 5
      vertex 260.453 66.4428 5
    endloop
  endfacet
  facet normal 0 0 1
    outer loop
      vertex 257.519 111.713 5
      vertex 265.179 115.052 5
      vertex 264.651 115.763 5
    endloop
  endfacet
  facet normal -0 0 1
    outer loop
      vertex 260.026 60.6003 5
      vertex 266.7 48.7125 5
      vertex 260.259 63.4448 5
    endloop
  endfacet
  facet normal 0 0 1
    outer loop
      vertex 257.519 111.713 5
      vertex 264.651 115.763 5
      vertex 264.057 116.419 5
    endloop
  endfacet
  facet normal -0 0 1
    outer loop
      vertex 259.755 57.9366 5
      vertex 266.7 48.7125 5
      vertex 260.026 60.6003 5
    endloop
  endfacet
  facet normal 0 0 1
    outer loop
      vertex 257.519 111.713 5
      vertex 264.057 116.419 5
      vertex 263.4 117.014 5
    endloop
  endfacet
  facet normal -0 0 1
    outer loop
      vertex 259.45 55.4794 5
      vertex 266.7 48.7125 5
      vertex 259.755 57.9366 5
    endloop
  endfacet
  facet normal 0 0 1
    outer loop
      vertex 257.078 112.519 5
      vertex 263.4 117.014 5
      vertex 262.689 117.542 5
    endloop
  endfacet
  facet normal -0 0 1
    outer loop
      vertex 259.113 53.2523 5
      vertex 266.7 48.7125 5
      vertex 259.45 55.4794 5
    endloop
  endfacet
  facet normal 0 0 1
    outer loop
      vertex 257.078 112.519 5
      vertex 262.689 117.542 5
      vertex 261.929 117.997 5
    endloop
  endfacet
  facet normal -0 0 1
    outer loop
      vertex 258.748 51.2767 5
      vertex 266.7 48.7125 5
      vertex 259.113 53.2523 5
    endloop
  endfacet
  facet normal 0 0 1
    outer loop
      vertex 257.078 112.519 5
      vertex 261.929 117.997 5
      vertex 261.129 118.376 5
    endloop
  endfacet
  facet normal -0 0 1
    outer loop
      vertex 258.358 49.5718 5
      vertex 266.7 48.7125 5
      vertex 258.748 51.2767 5
    endloop
  endfacet
  facet normal 0 0 1
    outer loop
      vertex 266.7 48.7125 5
      vertex 258.358 49.5718 5
      vertex 266.657 47.8279 5
    endloop
  endfacet
  facet normal 0 0 1
    outer loop
      vertex 266.7 110.037 5
      vertex 260.784 82.6873 5
      vertex 260.806 79.375 5
    endloop
  endfacet
  facet normal 0 0 1
    outer loop
      vertex 266.7 110.037 5
      vertex 260.717 85.9678 5
      vertex 260.784 82.6873 5
    endloop
  endfacet
  facet normal 0 0 1
    outer loop
      vertex 266.7 110.037 5
      vertex 260.607 89.1847 5
      vertex 260.717 85.9678 5
    endloop
  endfacet
  facet normal 0 0 1
    outer loop
      vertex 266.7 110.037 5
      vertex 260.453 92.3072 5
      vertex 260.607 89.1847 5
    endloop
  endfacet
  facet normal 0 0 1
    outer loop
      vertex 257.078 112.519 5
      vertex 261.129 118.376 5
      vertex 260.295 118.674 5
    endloop
  endfacet
  facet normal 0 0 1
    outer loop
      vertex 266.7 110.037 5
      vertex 260.259 95.3051 5
      vertex 260.453 92.3072 5
    endloop
  endfacet
  facet normal 0 0 1
    outer loop
      vertex 266.7 110.037 5
      vertex 260.026 98.1497 5
      vertex 260.259 95.3051 5
    endloop
  endfacet
  facet normal 0 0 1
    outer loop
      vertex 266.7 110.037 5
      vertex 259.755 100.813 5
      vertex 260.026 98.1497 5
    endloop
  endfacet
  facet normal 0 0 1
    outer loop
      vertex 266.7 110.037 5
      vertex 259.45 103.271 5
      vertex 259.755 100.813 5
    endloop
  endfacet
  facet normal 0 0 1
    outer loop
      vertex 256.629 113.006 5
      vertex 260.295 118.674 5
      vertex 259.436 118.889 5
    endloop
  endfacet
  facet normal 0 0 1
    outer loop
      vertex 266.7 110.037 5
      vertex 259.113 105.498 5
      vertex 259.45 103.271 5
    endloop
  endfacet
  facet normal 0 0 1
    outer loop
      vertex 266.7 110.037 5
      vertex 258.748 107.473 5
      vertex 259.113 105.498 5
    endloop
  endfacet
  facet normal 0 0 1
    outer loop
      vertex 256.629 113.006 5
      vertex 259.436 118.889 5
      vertex 258.56 119.019 5
    endloop
  endfacet
  facet normal 0 0 1
    outer loop
      vertex 266.7 110.037 5
      vertex 258.358 109.178 5
      vertex 258.748 107.473 5
    endloop
  endfacet
  facet normal 0 0 1
    outer loop
      vertex 266.527 111.798 5
      vertex 257.947 110.596 5
      vertex 258.358 109.178 5
    endloop
  endfacet
  facet normal 0 0 1
    outer loop
      vertex 256.629 113.006 5
      vertex 258.56 119.019 5
      vertex 257.675 119.062 5
    endloop
  endfacet
  facet normal 0 0 1
    outer loop
      vertex 265.179 115.052 5
      vertex 257.519 111.713 5
      vertex 257.947 110.596 5
    endloop
  endfacet
  facet normal 0 0 1
    outer loop
      vertex 263.4 117.014 5
      vertex 257.078 112.519 5
      vertex 257.519 111.713 5
    endloop
  endfacet
  facet normal 0 0 1
    outer loop
      vertex 260.295 118.674 5
      vertex 256.629 113.006 5
      vertex 257.078 112.519 5
    endloop
  endfacet
  facet normal 0 0 1
    outer loop
      vertex 257.675 119.062 5
      vertex 256.175 113.168 5
      vertex 256.629 113.006 5
    endloop
  endfacet
  facet normal -0 0 1
    outer loop
      vertex 254.675 119.062 5
      vertex 256.175 113.168 5
      vertex 257.675 119.062 5
    endloop
  endfacet
  facet normal 0 0 1
    outer loop
      vertex 256.175 113.168 5
      vertex 254.675 119.062 5
      vertex 255.721 113.006 5
    endloop
  endfacet
  facet normal -0 0 1
    outer loop
      vertex 253.79 119.019 5
      vertex 255.721 113.006 5
      vertex 254.675 119.062 5
    endloop
  endfacet
  facet normal -0 0 1
    outer loop
      vertex 252.914 118.889 5
      vertex 255.721 113.006 5
      vertex 253.79 119.019 5
    endloop
  endfacet
  facet normal -0 0 1
    outer loop
      vertex 252.055 118.674 5
      vertex 255.721 113.006 5
      vertex 252.914 118.889 5
    endloop
  endfacet
  facet normal 0 0 1
    outer loop
      vertex 255.721 113.006 5
      vertex 252.055 118.674 5
      vertex 255.272 112.519 5
    endloop
  endfacet
  facet normal -0 0 1
    outer loop
      vertex 251.221 118.376 5
      vertex 255.272 112.519 5
      vertex 252.055 118.674 5
    endloop
  endfacet
  facet normal -0 0 1
    outer loop
      vertex 250.421 117.997 5
      vertex 255.272 112.519 5
      vertex 251.221 118.376 5
    endloop
  endfacet
  facet normal -0 0 1
    outer loop
      vertex 249.661 117.542 5
      vertex 255.272 112.519 5
      vertex 250.421 117.997 5
    endloop
  endfacet
  facet normal -0 0 1
    outer loop
      vertex 248.95 117.014 5
      vertex 255.272 112.519 5
      vertex 249.661 117.542 5
    endloop
  endfacet
  facet normal 0 0 1
    outer loop
      vertex 255.272 112.519 5
      vertex 248.95 117.014 5
      vertex 254.831 111.713 5
    endloop
  endfacet
  facet normal -0 0 1
    outer loop
      vertex 248.293 116.419 5
      vertex 254.831 111.713 5
      vertex 248.95 117.014 5
    endloop
  endfacet
  facet normal 0 0 1
    outer loop
      vertex 252.9 103.271 5
      vertex 247.65 115.697 5
      vertex 252.595 100.813 5
    endloop
  endfacet
  facet normal 0 0 1
    outer loop
      vertex 252.595 100.813 5
      vertex 247.65 115.697 5
      vertex 252.324 98.1497 5
    endloop
  endfacet
  facet normal -0 0 1
    outer loop
      vertex 247.699 115.763 5
      vertex 254.831 111.713 5
      vertex 248.293 116.419 5
    endloop
  endfacet
  facet normal 0 0 1
    outer loop
      vertex 252.324 98.1497 5
      vertex 247.65 115.697 5
      vertex 252.091 95.3051 5
    endloop
  endfacet
  facet normal 0 0 1
    outer loop
      vertex 252.091 95.3051 5
      vertex 247.65 115.697 5
      vertex 251.896 92.3072 5
    endloop
  endfacet
  facet normal 0 0 1
    outer loop
      vertex 251.896 92.3072 5
      vertex 247.65 115.697 5
      vertex 251.743 89.1847 5
    endloop
  endfacet
  facet normal 0 0 1
    outer loop
      vertex 251.743 89.1847 5
      vertex 247.65 115.697 5
      vertex 251.633 85.9678 5
    endloop
  endfacet
  facet normal 0 0 1
    outer loop
      vertex 251.633 85.9678 5
      vertex 247.65 115.697 5
      vertex 251.566 82.6873 5
    endloop
  endfacet
  facet normal -0 0 1
    outer loop
      vertex 247.65 115.697 5
      vertex 254.831 111.713 5
      vertex 247.699 115.763 5
    endloop
  endfacet
  facet normal 0 0 1
    outer loop
      vertex 266.657 47.8279 5
      vertex 258.358 49.5718 5
      vertex 266.527 46.9518 5
    endloop
  endfacet
  facet normal -0 0 1
    outer loop
      vertex 257.947 48.1539 5
      vertex 266.527 46.9518 5
      vertex 258.358 49.5718 5
    endloop
  endfacet
  facet normal 0 0 1
    outer loop
      vertex 266.527 46.9518 5
      vertex 257.947 48.1539 5
      vertex 266.311 46.0927 5
    endloop
  endfacet
  facet normal 0 0 1
    outer loop
      vertex 266.311 46.0927 5
      vertex 257.947 48.1539 5
      vertex 266.013 45.2588 5
    endloop
  endfacet
  facet normal 0 0 1
    outer loop
      vertex 266.013 45.2588 5
      vertex 257.947 48.1539 5
      vertex 265.634 44.4581 5
    endloop
  endfacet
  facet normal 0 0 1
    outer loop
      vertex 265.634 44.4581 5
      vertex 257.947 48.1539 5
      vertex 265.179 43.6985 5
    endloop
  endfacet
  facet normal -0 0 1
    outer loop
      vertex 257.519 47.0366 5
      vertex 265.179 43.6985 5
      vertex 257.947 48.1539 5
    endloop
  endfacet
  facet normal 0 0 1
    outer loop
      vertex 265.179 43.6985 5
      vertex 257.519 47.0366 5
      vertex 264.651 42.9871 5
    endloop
  endfacet
  facet normal 0 0 1
    outer loop
      vertex 264.651 42.9871 5
      vertex 257.519 47.0366 5
      vertex 264.057 42.3309 5
    endloop
  endfacet
  facet normal 0 0 1
    outer loop
      vertex 264.057 42.3309 5
      vertex 257.519 47.0366 5
      vertex 263.4 41.7361 5
    endloop
  endfacet
  facet normal -0 0 1
    outer loop
      vertex 257.078 46.2308 5
      vertex 263.4 41.7361 5
      vertex 257.519 47.0366 5
    endloop
  endfacet
  facet normal 0 0 1
    outer loop
      vertex 263.4 41.7361 5
      vertex 257.078 46.2308 5
      vertex 262.689 41.2085 5
    endloop
  endfacet
  facet normal 0 0 1
    outer loop
      vertex 262.689 41.2085 5
      vertex 257.078 46.2308 5
      vertex 261.929 40.7532 5
    endloop
  endfacet
  facet normal 0 0 1
    outer loop
      vertex 261.929 40.7532 5
      vertex 257.078 46.2308 5
      vertex 261.129 40.3745 5
    endloop
  endfacet
  facet normal 0 0 1
    outer loop
      vertex 261.129 40.3745 5
      vertex 257.078 46.2308 5
      vertex 260.295 40.0761 5
    endloop
  endfacet
  facet normal -0 0 1
    outer loop
      vertex 256.629 45.7442 5
      vertex 260.295 40.0761 5
      vertex 257.078 46.2308 5
    endloop
  endfacet
  facet normal 0 0 1
    outer loop
      vertex 260.295 40.0761 5
      vertex 256.629 45.7442 5
      vertex 259.436 39.8609 5
    endloop
  endfacet
  facet normal 0 0 1
    outer loop
      vertex 259.436 39.8609 5
      vertex 256.629 45.7442 5
      vertex 258.56 39.731 5
    endloop
  endfacet
  facet normal 0 0 1
    outer loop
      vertex 258.56 39.731 5
      vertex 256.629 45.7442 5
      vertex 257.675 39.6875 5
    endloop
  endfacet
  facet normal -0 0 1
    outer loop
      vertex 256.175 45.5815 5
      vertex 257.675 39.6875 5
      vertex 256.629 45.7442 5
    endloop
  endfacet
  facet normal 0 0 1
    outer loop
      vertex 254.675 39.6875 5
      vertex 256.175 45.5815 5
      vertex 255.721 45.7442 5
    endloop
  endfacet
  facet normal 0 0 1
    outer loop
      vertex 252.055 40.0761 5
      vertex 255.721 45.7442 5
      vertex 255.272 46.2308 5
    endloop
  endfacet
  facet normal 0 0 1
    outer loop
      vertex 248.95 41.7361 5
      vertex 255.272 46.2308 5
      vertex 254.831 47.0366 5
    endloop
  endfacet
  facet normal 0 0 1
    outer loop
      vertex 256.175 45.5815 5
      vertex 254.675 39.6875 5
      vertex 257.675 39.6875 5
    endloop
  endfacet
  facet normal 0 0 1
    outer loop
      vertex 247.65 43.0526 5
      vertex 254.831 47.0366 5
      vertex 254.403 48.1539 5
    endloop
  endfacet
  facet normal 0 0 1
    outer loop
      vertex 247.65 43.0526 5
      vertex 254.403 48.1539 5
      vertex 253.992 49.5718 5
    endloop
  endfacet
  facet normal 0 0 1
    outer loop
      vertex 255.721 45.7442 5
      vertex 253.79 39.731 5
      vertex 254.675 39.6875 5
    endloop
  endfacet
  facet normal 0 0 1
    outer loop
      vertex 247.65 43.0526 5
      vertex 253.992 49.5718 5
      vertex 253.602 51.2767 5
    endloop
  endfacet
  facet normal 0 0 1
    outer loop
      vertex 247.65 43.0526 5
      vertex 253.602 51.2767 5
      vertex 253.237 53.2523 5
    endloop
  endfacet
  facet normal 0 0 1
    outer loop
      vertex 255.721 45.7442 5
      vertex 252.914 39.8609 5
      vertex 253.79 39.731 5
    endloop
  endfacet
  facet normal 0 0 1
    outer loop
      vertex 247.65 43.0526 5
      vertex 253.237 53.2523 5
      vertex 252.9 55.4794 5
    endloop
  endfacet
  facet normal 0 0 1
    outer loop
      vertex 247.65 43.0526 5
      vertex 252.9 55.4794 5
      vertex 252.595 57.9366 5
    endloop
  endfacet
  facet normal 0 0 1
    outer loop
      vertex 247.65 43.0526 5
      vertex 252.595 57.9366 5
      vertex 252.324 60.6003 5
    endloop
  endfacet
  facet normal 0 0 1
    outer loop
      vertex 247.65 43.0526 5
      vertex 252.324 60.6003 5
      vertex 252.091 63.4448 5
    endloop
  endfacet
  facet normal 0 0 1
    outer loop
      vertex 254.831 47.0366 5
      vertex 247.65 43.0526 5
      vertex 247.699 42.9871 5
    endloop
  endfacet
  facet normal 0 0 1
    outer loop
      vertex 247.65 43.0526 5
      vertex 252.091 63.4448 5
      vertex 251.896 66.4428 5
    endloop
  endfacet
  facet normal 0 0 1
    outer loop
      vertex 247.65 43.0526 5
      vertex 251.896 66.4428 5
      vertex 251.743 69.5653 5
    endloop
  endfacet
  facet normal 0 0 1
    outer loop
      vertex 247.65 43.0526 5
      vertex 251.743 69.5653 5
      vertex 251.633 72.7822 5
    endloop
  endfacet
  facet normal 0 0 1
    outer loop
      vertex 247.65 43.0526 5
      vertex 251.633 72.7822 5
      vertex 251.566 76.0627 5
    endloop
  endfacet
  facet normal 0 0 1
    outer loop
      vertex 251.566 82.6873 5
      vertex 247.65 115.697 5
      vertex 251.544 79.375 5
    endloop
  endfacet
  facet normal 0 0 1
    outer loop
      vertex 255.721 45.7442 5
      vertex 252.055 40.0761 5
      vertex 252.914 39.8609 5
    endloop
  endfacet
  facet normal 0 0 1
    outer loop
      vertex 247.65 43.0526 5
      vertex 251.544 79.375 5
      vertex 247.65 115.697 5
    endloop
  endfacet
  facet normal 0 0 1
    outer loop
      vertex 254.403 110.596 5
      vertex 247.65 115.697 5
      vertex 253.992 109.178 5
    endloop
  endfacet
  facet normal 0 0 1
    outer loop
      vertex 251.544 79.375 5
      vertex 247.65 43.0526 5
      vertex 251.566 76.0627 5
    endloop
  endfacet
  facet normal 0 0 1
    outer loop
      vertex 253.992 109.178 5
      vertex 247.65 115.697 5
      vertex 253.602 107.473 5
    endloop
  endfacet
  facet normal 0 0 1
    outer loop
      vertex 255.272 46.2308 5
      vertex 251.221 40.3745 5
      vertex 252.055 40.0761 5
    endloop
  endfacet
  facet normal 0 0 1
    outer loop
      vertex 253.602 107.473 5
      vertex 247.65 115.697 5
      vertex 253.237 105.498 5
    endloop
  endfacet
  facet normal 0 0 1
    outer loop
      vertex 255.272 46.2308 5
      vertex 250.421 40.7532 5
      vertex 251.221 40.3745 5
    endloop
  endfacet
  facet normal 0 0 1
    outer loop
      vertex 253.237 105.498 5
      vertex 247.65 115.697 5
      vertex 252.9 103.271 5
    endloop
  endfacet
  facet normal 0 0 1
    outer loop
      vertex 255.272 46.2308 5
      vertex 249.661 41.2085 5
      vertex 250.421 40.7532 5
    endloop
  endfacet
  facet normal 0 0 1
    outer loop
      vertex 254.831 111.713 5
      vertex 247.65 115.697 5
      vertex 254.403 110.596 5
    endloop
  endfacet
  facet normal 0 0 1
    outer loop
      vertex 255.272 46.2308 5
      vertex 248.95 41.7361 5
      vertex 249.661 41.2085 5
    endloop
  endfacet
  facet normal 0 0 1
    outer loop
      vertex 254.831 47.0366 5
      vertex 248.293 42.3309 5
      vertex 248.95 41.7361 5
    endloop
  endfacet
  facet normal 0 0 1
    outer loop
      vertex 254.831 47.0366 5
      vertex 247.699 42.9871 5
      vertex 248.293 42.3309 5
    endloop
  endfacet
  facet normal 0.146684 -0.989183 0
    outer loop
      vertex 258.56 39.731 3
      vertex 259.436 39.8609 5
      vertex 258.56 39.731 5
    endloop
  endfacet
  facet normal 0.146684 -0.989183 0
    outer loop
      vertex 259.436 39.8609 5
      vertex 258.56 39.731 3
      vertex 259.436 39.8609 3
    endloop
  endfacet
  facet normal 0.243014 -0.970023 0
    outer loop
      vertex 259.436 39.8609 3
      vertex 260.295 40.0761 5
      vertex 259.436 39.8609 5
    endloop
  endfacet
  facet normal 0.243014 -0.970023 0
    outer loop
      vertex 260.295 40.0761 5
      vertex 259.436 39.8609 3
      vertex 260.295 40.0761 3
    endloop
  endfacet
  facet normal 0.33688 -0.941548 0
    outer loop
      vertex 260.295 40.0761 3
      vertex 261.129 40.3745 5
      vertex 260.295 40.0761 5
    endloop
  endfacet
  facet normal 0.33688 -0.941548 0
    outer loop
      vertex 261.129 40.3745 5
      vertex 260.295 40.0761 3
      vertex 261.129 40.3745 3
    endloop
  endfacet
  facet normal 0.427858 -0.903846 0
    outer loop
      vertex 261.129 40.3745 3
      vertex 261.929 40.7532 5
      vertex 261.129 40.3745 5
    endloop
  endfacet
  facet normal 0.427858 -0.903846 0
    outer loop
      vertex 261.929 40.7532 5
      vertex 261.129 40.3745 3
      vertex 261.929 40.7532 3
    endloop
  endfacet
  facet normal 0.513915 -0.857841 0
    outer loop
      vertex 261.929 40.7532 3
      vertex 262.689 41.2085 5
      vertex 261.929 40.7532 5
    endloop
  endfacet
  facet normal 0.513915 -0.857841 0
    outer loop
      vertex 262.689 41.2085 5
      vertex 261.929 40.7532 3
      vertex 262.689 41.2085 3
    endloop
  endfacet
  facet normal 0.595908 -0.803053 0
    outer loop
      vertex 262.689 41.2085 3
      vertex 263.4 41.7361 5
      vertex 262.689 41.2085 5
    endloop
  endfacet
  facet normal 0.595908 -0.803053 0
    outer loop
      vertex 263.4 41.7361 5
      vertex 262.689 41.2085 3
      vertex 263.4 41.7361 3
    endloop
  endfacet
  facet normal 0.671144 -0.741327 0
    outer loop
      vertex 263.4 41.7361 3
      vertex 264.057 42.3309 5
      vertex 263.4 41.7361 5
    endloop
  endfacet
  facet normal 0.671144 -0.741327 0
    outer loop
      vertex 264.057 42.3309 5
      vertex 263.4 41.7361 3
      vertex 264.057 42.3309 3
    endloop
  endfacet
  facet normal 0.74137 -0.671097 0
    outer loop
      vertex 264.057 42.3309 5
      vertex 264.651 42.9871 3
      vertex 264.651 42.9871 5
    endloop
  endfacet
  facet normal 0.74137 -0.671097 0
    outer loop
      vertex 264.651 42.9871 3
      vertex 264.057 42.3309 5
      vertex 264.057 42.3309 3
    endloop
  endfacet
  facet normal 0.802997 -0.595983 0
    outer loop
      vertex 264.651 42.9871 5
      vertex 265.179 43.6985 3
      vertex 265.179 43.6985 5
    endloop
  endfacet
  facet normal 0.802997 -0.595983 0
    outer loop
      vertex 265.179 43.6985 3
      vertex 264.651 42.9871 5
      vertex 264.651 42.9871 3
    endloop
  endfacet
  facet normal 0.857871 -0.513864 0
    outer loop
      vertex 265.179 43.6985 5
      vertex 265.634 44.4581 3
      vertex 265.634 44.4581 5
    endloop
  endfacet
  facet normal 0.857871 -0.513864 0
    outer loop
      vertex 265.634 44.4581 3
      vertex 265.179 43.6985 5
      vertex 265.179 43.6985 3
    endloop
  endfacet
  facet normal 0.90386 -0.427829 0
    outer loop
      vertex 265.634 44.4581 5
      vertex 266.013 45.2588 3
      vertex 266.013 45.2588 5
    endloop
  endfacet
  facet normal 0.90386 -0.427829 0
    outer loop
      vertex 266.013 45.2588 3
      vertex 265.634 44.4581 5
      vertex 265.634 44.4581 3
    endloop
  endfacet
  facet normal 0.941678 -0.336515 0
    outer loop
      vertex 266.013 45.2588 5
      vertex 266.311 46.0927 3
      vertex 266.311 46.0927 5
    endloop
  endfacet
  facet normal 0.941678 -0.336515 0
    outer loop
      vertex 266.311 46.0927 3
      vertex 266.013 45.2588 5
      vertex 266.013 45.2588 3
    endloop
  endfacet
  facet normal 0.969816 -0.243837 0
    outer loop
      vertex 266.311 46.0927 5
      vertex 266.527 46.9518 3
      vertex 266.527 46.9518 5
    endloop
  endfacet
  facet normal 0.969816 -0.243837 0
    outer loop
      vertex 266.527 46.9518 3
      vertex 266.311 46.0927 5
      vertex 266.311 46.0927 3
    endloop
  endfacet
  facet normal 0.989169 -0.146778 0
    outer loop
      vertex 266.527 46.9518 5
      vertex 266.657 47.8279 3
      vertex 266.657 47.8279 5
    endloop
  endfacet
  facet normal 0.989169 -0.146778 0
    outer loop
      vertex 266.657 47.8279 3
      vertex 266.527 46.9518 5
      vertex 266.527 46.9518 3
    endloop
  endfacet
  facet normal 0.998821 -0.0485522 0
    outer loop
      vertex 266.657 47.8279 5
      vertex 266.7 48.7125 3
      vertex 266.7 48.7125 5
    endloop
  endfacet
  facet normal 0.998821 -0.0485522 0
    outer loop
      vertex 266.7 48.7125 3
      vertex 266.657 47.8279 5
      vertex 266.657 47.8279 3
    endloop
  endfacet
  facet normal 1 -0 0
    outer loop
      vertex 266.7 48.7125 5
      vertex 266.7 110.037 3
      vertex 266.7 110.037 5
    endloop
  endfacet
  facet normal 1 0 0
    outer loop
      vertex 266.7 110.037 3
      vertex 266.7 48.7125 5
      vertex 266.7 48.7125 3
    endloop
  endfacet
  facet normal 0.998822 0.0485303 0
    outer loop
      vertex 266.7 110.037 5
      vertex 266.657 110.922 3
      vertex 266.657 110.922 5
    endloop
  endfacet
  facet normal 0.998822 0.0485303 0
    outer loop
      vertex 266.657 110.922 3
      vertex 266.7 110.037 5
      vertex 266.7 110.037 3
    endloop
  endfacet
  facet normal 0.989167 0.146794 0
    outer loop
      vertex 266.657 110.922 5
      vertex 266.527 111.798 3
      vertex 266.527 111.798 5
    endloop
  endfacet
  facet normal 0.989167 0.146794 0
    outer loop
      vertex 266.527 111.798 3
      vertex 266.657 110.922 5
      vertex 266.657 110.922 3
    endloop
  endfacet
  facet normal 0.96981 0.243864 0
    outer loop
      vertex 266.527 111.798 5
      vertex 266.311 112.657 3
      vertex 266.311 112.657 5
    endloop
  endfacet
  facet normal 0.96981 0.243864 0
    outer loop
      vertex 266.311 112.657 3
      vertex 266.527 111.798 5
      vertex 266.527 111.798 3
    endloop
  endfacet
  facet normal 0.941691 0.336479 0
    outer loop
      vertex 266.311 112.657 5
      vertex 266.013 113.491 3
      vertex 266.013 113.491 5
    endloop
  endfacet
  facet normal 0.941691 0.336479 0
    outer loop
      vertex 266.013 113.491 3
      vertex 266.311 112.657 5
      vertex 266.311 112.657 3
    endloop
  endfacet
  facet normal 0.903922 0.427698 0
    outer loop
      vertex 266.013 113.491 5
      vertex 265.634 114.292 3
      vertex 265.634 114.292 5
    endloop
  endfacet
  facet normal 0.903922 0.427698 0
    outer loop
      vertex 265.634 114.292 3
      vertex 266.013 113.491 5
      vertex 266.013 113.491 3
    endloop
  endfacet
  facet normal 0.857991 0.513665 0
    outer loop
      vertex 265.634 114.292 5
      vertex 265.179 115.052 3
      vertex 265.179 115.052 5
    endloop
  endfacet
  facet normal 0.857991 0.513665 0
    outer loop
      vertex 265.179 115.052 3
      vertex 265.634 114.292 5
      vertex 265.634 114.292 3
    endloop
  endfacet
  facet normal 0.802836 0.596199 0
    outer loop
      vertex 265.179 115.052 5
      vertex 264.651 115.763 3
      vertex 264.651 115.763 5
    endloop
  endfacet
  facet normal 0.802836 0.596199 0
    outer loop
      vertex 264.651 115.763 3
      vertex 265.179 115.052 5
      vertex 265.179 115.052 3
    endloop
  endfacet
  facet normal 0.741268 0.671209 0
    outer loop
      vertex 264.651 115.763 5
      vertex 264.057 116.419 3
      vertex 264.057 116.419 5
    endloop
  endfacet
  facet normal 0.741268 0.671209 0
    outer loop
      vertex 264.057 116.419 3
      vertex 264.651 115.763 5
      vertex 264.651 115.763 3
    endloop
  endfacet
  facet normal 0.671268 0.741215 -0
    outer loop
      vertex 264.057 116.419 3
      vertex 263.4 117.014 5
      vertex 264.057 116.419 5
    endloop
  endfacet
  facet normal 0.671268 0.741215 0
    outer loop
      vertex 263.4 117.014 5
      vertex 264.057 116.419 3
      vertex 263.4 117.014 3
    endloop
  endfacet
  facet normal 0.596199 0.802836 -0
    outer loop
      vertex 263.4 117.014 3
      vertex 262.689 117.542 5
      vertex 263.4 117.014 5
    endloop
  endfacet
  facet normal 0.596199 0.802836 0
    outer loop
      vertex 262.689 117.542 5
      vertex 263.4 117.014 3
      vertex 262.689 117.542 3
    endloop
  endfacet
  facet normal 0.513665 0.857991 -0
    outer loop
      vertex 262.689 117.542 3
      vertex 261.929 117.997 5
      vertex 262.689 117.542 5
    endloop
  endfacet
  facet normal 0.513665 0.857991 0
    outer loop
      vertex 261.929 117.997 5
      vertex 262.689 117.542 3
      vertex 261.929 117.997 3
    endloop
  endfacet
  facet normal 0.428135 0.903715 -0
    outer loop
      vertex 261.929 117.997 3
      vertex 261.129 118.376 5
      vertex 261.929 117.997 5
    endloop
  endfacet
  facet normal 0.428135 0.903715 0
    outer loop
      vertex 261.129 118.376 5
      vertex 261.929 117.997 3
      vertex 261.129 118.376 3
    endloop
  endfacet
  facet normal 0.336479 0.941691 -0
    outer loop
      vertex 261.129 118.376 3
      vertex 260.295 118.674 5
      vertex 261.129 118.376 5
    endloop
  endfacet
  facet normal 0.336479 0.941691 0
    outer loop
      vertex 260.295 118.674 5
      vertex 261.129 118.376 3
      vertex 260.295 118.674 3
    endloop
  endfacet
  facet normal 0.242801 0.970076 -0
    outer loop
      vertex 260.295 118.674 3
      vertex 259.436 118.889 5
      vertex 260.295 118.674 5
    endloop
  endfacet
  facet normal 0.242801 0.970076 0
    outer loop
      vertex 259.436 118.889 5
      vertex 260.295 118.674 3
      vertex 259.436 118.889 3
    endloop
  endfacet
  facet normal 0.146794 0.989167 -0
    outer loop
      vertex 259.436 118.889 3
      vertex 258.56 119.019 5
      vertex 259.436 118.889 5
    endloop
  endfacet
  facet normal 0.146794 0.989167 0
    outer loop
      vertex 258.56 119.019 5
      vertex 259.436 118.889 3
      vertex 258.56 119.019 3
    endloop
  endfacet
  facet normal 0.0485303 0.998822 -0
    outer loop
      vertex 258.56 119.019 3
      vertex 257.675 119.062 5
      vertex 258.56 119.019 5
    endloop
  endfacet
  facet normal 0.0485303 0.998822 0
    outer loop
      vertex 257.675 119.062 5
      vertex 258.56 119.019 3
      vertex 257.675 119.062 3
    endloop
  endfacet
  facet normal 0 1 -0
    outer loop
      vertex 257.675 119.062 3
      vertex 254.675 119.062 5
      vertex 257.675 119.062 5
    endloop
  endfacet
  facet normal 0 1 0
    outer loop
      vertex 254.675 119.062 5
      vertex 257.675 119.062 3
      vertex 254.675 119.062 3
    endloop
  endfacet
  facet normal -0.0485303 0.998822 0
    outer loop
      vertex 254.675 119.062 3
      vertex 253.79 119.019 5
      vertex 254.675 119.062 5
    endloop
  endfacet
  facet normal -0.0485303 0.998822 0
    outer loop
      vertex 253.79 119.019 5
      vertex 254.675 119.062 3
      vertex 253.79 119.019 3
    endloop
  endfacet
  facet normal -0.146794 0.989167 0
    outer loop
      vertex 253.79 119.019 3
      vertex 252.914 118.889 5
      vertex 253.79 119.019 5
    endloop
  endfacet
  facet normal -0.146794 0.989167 0
    outer loop
      vertex 252.914 118.889 5
      vertex 253.79 119.019 3
      vertex 252.914 118.889 3
    endloop
  endfacet
  facet normal -0.242801 0.970076 0
    outer loop
      vertex 252.914 118.889 3
      vertex 252.055 118.674 5
      vertex 252.914 118.889 5
    endloop
  endfacet
  facet normal -0.242801 0.970076 0
    outer loop
      vertex 252.055 118.674 5
      vertex 252.914 118.889 3
      vertex 252.055 118.674 3
    endloop
  endfacet
  facet normal -0.336479 0.941691 0
    outer loop
      vertex 252.055 118.674 3
      vertex 251.221 118.376 5
      vertex 252.055 118.674 5
    endloop
  endfacet
  facet normal -0.336479 0.941691 0
    outer loop
      vertex 251.221 118.376 5
      vertex 252.055 118.674 3
      vertex 251.221 118.376 3
    endloop
  endfacet
  facet normal -0.428135 0.903715 0
    outer loop
      vertex 251.221 118.376 3
      vertex 250.421 117.997 5
      vertex 251.221 118.376 5
    endloop
  endfacet
  facet normal -0.428135 0.903715 0
    outer loop
      vertex 250.421 117.997 5
      vertex 251.221 118.376 3
      vertex 250.421 117.997 3
    endloop
  endfacet
  facet normal -0.513665 0.857991 0
    outer loop
      vertex 250.421 117.997 3
      vertex 249.661 117.542 5
      vertex 250.421 117.997 5
    endloop
  endfacet
  facet normal -0.513665 0.857991 0
    outer loop
      vertex 249.661 117.542 5
      vertex 250.421 117.997 3
      vertex 249.661 117.542 3
    endloop
  endfacet
  facet normal -0.596199 0.802836 0
    outer loop
      vertex 249.661 117.542 3
      vertex 248.95 117.014 5
      vertex 249.661 117.542 5
    endloop
  endfacet
  facet normal -0.596199 0.802836 0
    outer loop
      vertex 248.95 117.014 5
      vertex 249.661 117.542 3
      vertex 248.95 117.014 3
    endloop
  endfacet
  facet normal -0.671268 0.741215 0
    outer loop
      vertex 248.95 117.014 3
      vertex 248.293 116.419 5
      vertex 248.95 117.014 5
    endloop
  endfacet
  facet normal -0.671268 0.741215 0
    outer loop
      vertex 248.293 116.419 5
      vertex 248.95 117.014 3
      vertex 248.293 116.419 3
    endloop
  endfacet
  facet normal -0.741268 0.671209 0
    outer loop
      vertex 247.699 115.763 3
      vertex 248.293 116.419 5
      vertex 248.293 116.419 3
    endloop
  endfacet
  facet normal -0.741268 0.671209 0
    outer loop
      vertex 248.293 116.419 5
      vertex 247.699 115.763 3
      vertex 247.699 115.763 5
    endloop
  endfacet
  facet normal -0.80291 0.5961 0
    outer loop
      vertex 247.65 115.697 3
      vertex 247.699 115.763 5
      vertex 247.699 115.763 3
    endloop
  endfacet
  facet normal -0.80291 0.5961 0
    outer loop
      vertex 247.699 115.763 5
      vertex 247.65 115.697 3
      vertex 247.65 115.697 5
    endloop
  endfacet
  facet normal -0.800733 -0.599022 0
    outer loop
      vertex 247.699 42.9871 3
      vertex 247.65 43.0526 5
      vertex 247.65 43.0526 3
    endloop
  endfacet
  facet normal -0.800733 -0.599022 0
    outer loop
      vertex 247.65 43.0526 5
      vertex 247.699 42.9871 3
      vertex 247.699 42.9871 5
    endloop
  endfacet
  facet normal -0.74137 -0.671097 0
    outer loop
      vertex 248.293 42.3309 3
      vertex 247.699 42.9871 5
      vertex 247.699 42.9871 3
    endloop
  endfacet
  facet normal -0.74137 -0.671097 0
    outer loop
      vertex 247.699 42.9871 5
      vertex 248.293 42.3309 3
      vertex 248.293 42.3309 5
    endloop
  endfacet
  facet normal -0.671144 -0.741327 0
    outer loop
      vertex 248.293 42.3309 3
      vertex 248.95 41.7361 5
      vertex 248.293 42.3309 5
    endloop
  endfacet
  facet normal -0.671144 -0.741327 -0
    outer loop
      vertex 248.95 41.7361 5
      vertex 248.293 42.3309 3
      vertex 248.95 41.7361 3
    endloop
  endfacet
  facet normal -0.595908 -0.803053 0
    outer loop
      vertex 248.95 41.7361 3
      vertex 249.661 41.2085 5
      vertex 248.95 41.7361 5
    endloop
  endfacet
  facet normal -0.595908 -0.803053 -0
    outer loop
      vertex 249.661 41.2085 5
      vertex 248.95 41.7361 3
      vertex 249.661 41.2085 3
    endloop
  endfacet
  facet normal -0.513915 -0.857841 0
    outer loop
      vertex 249.661 41.2085 3
      vertex 250.421 40.7532 5
      vertex 249.661 41.2085 5
    endloop
  endfacet
  facet normal -0.513915 -0.857841 -0
    outer loop
      vertex 250.421 40.7532 5
      vertex 249.661 41.2085 3
      vertex 250.421 40.7532 3
    endloop
  endfacet
  facet normal -0.427858 -0.903846 0
    outer loop
      vertex 250.421 40.7532 3
      vertex 251.221 40.3745 5
      vertex 250.421 40.7532 5
    endloop
  endfacet
  facet normal -0.427858 -0.903846 -0
    outer loop
      vertex 251.221 40.3745 5
      vertex 250.421 40.7532 3
      vertex 251.221 40.3745 3
    endloop
  endfacet
  facet normal -0.33688 -0.941548 0
    outer loop
      vertex 251.221 40.3745 3
      vertex 252.055 40.0761 5
      vertex 251.221 40.3745 5
    endloop
  endfacet
  facet normal -0.33688 -0.941548 -0
    outer loop
      vertex 252.055 40.0761 5
      vertex 251.221 40.3745 3
      vertex 252.055 40.0761 3
    endloop
  endfacet
  facet normal -0.243014 -0.970023 0
    outer loop
      vertex 252.055 40.0761 3
      vertex 252.914 39.8609 5
      vertex 252.055 40.0761 5
    endloop
  endfacet
  facet normal -0.243014 -0.970023 -0
    outer loop
      vertex 252.914 39.8609 5
      vertex 252.055 40.0761 3
      vertex 252.914 39.8609 3
    endloop
  endfacet
  facet normal -0.146684 -0.989183 0
    outer loop
      vertex 252.914 39.8609 3
      vertex 253.79 39.731 5
      vertex 252.914 39.8609 5
    endloop
  endfacet
  facet normal -0.146684 -0.989183 -0
    outer loop
      vertex 253.79 39.731 5
      vertex 252.914 39.8609 3
      vertex 253.79 39.731 3
    endloop
  endfacet
  facet normal -0.0490933 -0.998794 0
    outer loop
      vertex 253.79 39.731 3
      vertex 254.675 39.6875 5
      vertex 253.79 39.731 5
    endloop
  endfacet
  facet normal -0.0490933 -0.998794 -0
    outer loop
      vertex 254.675 39.6875 5
      vertex 253.79 39.731 3
      vertex 254.675 39.6875 3
    endloop
  endfacet
  facet normal 0 -1 0
    outer loop
      vertex 254.675 39.6875 3
      vertex 257.675 39.6875 5
      vertex 254.675 39.6875 5
    endloop
  endfacet
  facet normal 0 -1 -0
    outer loop
      vertex 257.675 39.6875 5
      vertex 254.675 39.6875 3
      vertex 257.675 39.6875 3
    endloop
  endfacet
  facet normal 0.0490933 -0.998794 0
    outer loop
      vertex 257.675 39.6875 3
      vertex 258.56 39.731 5
      vertex 257.675 39.6875 5
    endloop
  endfacet
  facet normal 0.0490933 -0.998794 0
    outer loop
      vertex 258.56 39.731 5
      vertex 257.675 39.6875 3
      vertex 258.56 39.731 3
    endloop
  endfacet
  facet normal 0.734931 0.678142 0
    outer loop
      vertex 255.721 45.7442 5
      vertex 255.272 46.2308 3
      vertex 255.272 46.2308 5
    endloop
  endfacet
  facet normal 0.734931 0.678142 0
    outer loop
      vertex 255.272 46.2308 3
      vertex 255.721 45.7442 5
      vertex 255.721 45.7442 3
    endloop
  endfacet
  facet normal 0.877221 0.480087 0
    outer loop
      vertex 255.272 46.2308 5
      vertex 254.831 47.0366 3
      vertex 254.831 47.0366 5
    endloop
  endfacet
  facet normal 0.877221 0.480087 0
    outer loop
      vertex 254.831 47.0366 3
      vertex 255.272 46.2308 5
      vertex 255.272 46.2308 3
    endloop
  endfacet
  facet normal 0.933829 0.357719 0
    outer loop
      vertex 254.831 47.0366 5
      vertex 254.403 48.1539 3
      vertex 254.403 48.1539 5
    endloop
  endfacet
  facet normal 0.933829 0.357719 0
    outer loop
      vertex 254.403 48.1539 3
      vertex 254.831 47.0366 5
      vertex 254.831 47.0366 3
    endloop
  endfacet
  facet normal 0.960464 0.278405 0
    outer loop
      vertex 254.403 48.1539 5
      vertex 253.992 49.5718 3
      vertex 253.992 49.5718 5
    endloop
  endfacet
  facet normal 0.960464 0.278405 0
    outer loop
      vertex 253.992 49.5718 3
      vertex 254.403 48.1539 5
      vertex 254.403 48.1539 3
    endloop
  endfacet
  facet normal 0.97482 0.222992 0
    outer loop
      vertex 253.992 49.5718 5
      vertex 253.602 51.2767 3
      vertex 253.602 51.2767 5
    endloop
  endfacet
  facet normal 0.97482 0.222992 0
    outer loop
      vertex 253.602 51.2767 3
      vertex 253.992 49.5718 5
      vertex 253.992 49.5718 3
    endloop
  endfacet
  facet normal 0.983358 0.181679 0
    outer loop
      vertex 253.602 51.2767 5
      vertex 253.237 53.2523 3
      vertex 253.237 53.2523 5
    endloop
  endfacet
  facet normal 0.983358 0.181679 0
    outer loop
      vertex 253.237 53.2523 3
      vertex 253.602 51.2767 5
      vertex 253.602 51.2767 3
    endloop
  endfacet
  facet normal 0.988744 0.149615 0
    outer loop
      vertex 253.237 53.2523 5
      vertex 252.9 55.4794 3
      vertex 252.9 55.4794 5
    endloop
  endfacet
  facet normal 0.988744 0.149615 0
    outer loop
      vertex 252.9 55.4794 3
      vertex 253.237 53.2523 5
      vertex 253.237 53.2523 3
    endloop
  endfacet
  facet normal 0.992384 0.12318 0
    outer loop
      vertex 252.9 55.4794 5
      vertex 252.595 57.9366 3
      vertex 252.595 57.9366 5
    endloop
  endfacet
  facet normal 0.992384 0.12318 0
    outer loop
      vertex 252.595 57.9366 3
      vertex 252.9 55.4794 5
      vertex 252.9 55.4794 3
    endloop
  endfacet
  facet normal 0.994865 0.101216 0
    outer loop
      vertex 252.595 57.9366 5
      vertex 252.324 60.6003 3
      vertex 252.324 60.6003 5
    endloop
  endfacet
  facet normal 0.994865 0.101216 0
    outer loop
      vertex 252.324 60.6003 3
      vertex 252.595 57.9366 5
      vertex 252.595 57.9366 3
    endloop
  endfacet
  facet normal 0.996662 0.081639 0
    outer loop
      vertex 252.324 60.6003 5
      vertex 252.091 63.4448 3
      vertex 252.091 63.4448 5
    endloop
  endfacet
  facet normal 0.996662 0.081639 0
    outer loop
      vertex 252.091 63.4448 3
      vertex 252.324 60.6003 5
      vertex 252.324 60.6003 3
    endloop
  endfacet
  facet normal 0.997891 0.0649062 0
    outer loop
      vertex 252.091 63.4448 5
      vertex 251.896 66.4428 3
      vertex 251.896 66.4428 5
    endloop
  endfacet
  facet normal 0.997891 0.0649062 0
    outer loop
      vertex 251.896 66.4428 3
      vertex 252.091 63.4448 5
      vertex 252.091 63.4448 3
    endloop
  endfacet
  facet normal 0.998802 0.0489405 0
    outer loop
      vertex 251.896 66.4428 5
      vertex 251.743 69.5653 3
      vertex 251.743 69.5653 5
    endloop
  endfacet
  facet normal 0.998802 0.0489405 0
    outer loop
      vertex 251.743 69.5653 3
      vertex 251.896 66.4428 5
      vertex 251.896 66.4428 3
    endloop
  endfacet
  facet normal 0.999416 0.0341744 0
    outer loop
      vertex 251.743 69.5653 5
      vertex 251.633 72.7822 3
      vertex 251.633 72.7822 5
    endloop
  endfacet
  facet normal 0.999416 0.0341744 0
    outer loop
      vertex 251.633 72.7822 3
      vertex 251.743 69.5653 5
      vertex 251.743 69.5653 3
    endloop
  endfacet
  facet normal 0.999792 0.0204195 0
    outer loop
      vertex 251.633 72.7822 5
      vertex 251.566 76.0627 3
      vertex 251.566 76.0627 5
    endloop
  endfacet
  facet normal 0.999792 0.0204195 0
    outer loop
      vertex 251.566 76.0627 3
      vertex 251.633 72.7822 5
      vertex 251.633 72.7822 3
    endloop
  endfacet
  facet normal 0.999978 0.00664176 0
    outer loop
      vertex 251.566 76.0627 5
      vertex 251.544 79.375 3
      vertex 251.544 79.375 5
    endloop
  endfacet
  facet normal 0.999978 0.00664176 0
    outer loop
      vertex 251.544 79.375 3
      vertex 251.566 76.0627 5
      vertex 251.566 76.0627 3
    endloop
  endfacet
  facet normal 0.999978 -0.00664176 0
    outer loop
      vertex 251.544 79.375 5
      vertex 251.566 82.6873 3
      vertex 251.566 82.6873 5
    endloop
  endfacet
  facet normal 0.999978 -0.00664176 0
    outer loop
      vertex 251.566 82.6873 3
      vertex 251.544 79.375 5
      vertex 251.544 79.375 3
    endloop
  endfacet
  facet normal 0.999792 -0.0204195 0
    outer loop
      vertex 251.566 82.6873 5
      vertex 251.633 85.9678 3
      vertex 251.633 85.9678 5
    endloop
  endfacet
  facet normal 0.999792 -0.0204195 0
    outer loop
      vertex 251.633 85.9678 3
      vertex 251.566 82.6873 5
      vertex 251.566 82.6873 3
    endloop
  endfacet
  facet normal 0.999416 -0.0341744 0
    outer loop
      vertex 251.633 85.9678 5
      vertex 251.743 89.1847 3
      vertex 251.743 89.1847 5
    endloop
  endfacet
  facet normal 0.999416 -0.0341744 0
    outer loop
      vertex 251.743 89.1847 3
      vertex 251.633 85.9678 5
      vertex 251.633 85.9678 3
    endloop
  endfacet
  facet normal 0.998802 -0.0489405 0
    outer loop
      vertex 251.743 89.1847 5
      vertex 251.896 92.3072 3
      vertex 251.896 92.3072 5
    endloop
  endfacet
  facet normal 0.998802 -0.0489405 0
    outer loop
      vertex 251.896 92.3072 3
      vertex 251.743 89.1847 5
      vertex 251.743 89.1847 3
    endloop
  endfacet
  facet normal 0.997891 -0.0649084 0
    outer loop
      vertex 251.896 92.3072 5
      vertex 252.091 95.3051 3
      vertex 252.091 95.3051 5
    endloop
  endfacet
  facet normal 0.997891 -0.0649084 0
    outer loop
      vertex 252.091 95.3051 3
      vertex 251.896 92.3072 5
      vertex 251.896 92.3072 3
    endloop
  endfacet
  facet normal 0.996662 -0.0816362 0
    outer loop
      vertex 252.091 95.3051 5
      vertex 252.324 98.1497 3
      vertex 252.324 98.1497 5
    endloop
  endfacet
  facet normal 0.996662 -0.0816362 0
    outer loop
      vertex 252.324 98.1497 3
      vertex 252.091 95.3051 5
      vertex 252.091 95.3051 3
    endloop
  endfacet
  facet normal 0.994863 -0.101231 0
    outer loop
      vertex 252.324 98.1497 5
      vertex 252.595 100.813 3
      vertex 252.595 100.813 5
    endloop
  endfacet
  facet normal 0.994863 -0.101231 0
    outer loop
      vertex 252.595 100.813 3
      vertex 252.324 98.1497 5
      vertex 252.324 98.1497 3
    endloop
  endfacet
  facet normal 0.992389 -0.12314 0
    outer loop
      vertex 252.595 100.813 5
      vertex 252.9 103.271 3
      vertex 252.9 103.271 5
    endloop
  endfacet
  facet normal 0.992389 -0.12314 0
    outer loop
      vertex 252.9 103.271 3
      vertex 252.595 100.813 5
      vertex 252.595 100.813 3
    endloop
  endfacet
  facet normal 0.988743 -0.149621 0
    outer loop
      vertex 252.9 103.271 5
      vertex 253.237 105.498 3
      vertex 253.237 105.498 5
    endloop
  endfacet
  facet normal 0.988743 -0.149621 0
    outer loop
      vertex 253.237 105.498 3
      vertex 252.9 103.271 5
      vertex 252.9 103.271 3
    endloop
  endfacet
  facet normal 0.983348 -0.181733 0
    outer loop
      vertex 253.237 105.498 5
      vertex 253.602 107.473 3
      vertex 253.602 107.473 5
    endloop
  endfacet
  facet normal 0.983348 -0.181733 0
    outer loop
      vertex 253.602 107.473 3
      vertex 253.237 105.498 5
      vertex 253.237 105.498 3
    endloop
  endfacet
  facet normal 0.974823 -0.22298 0
    outer loop
      vertex 253.602 107.473 5
      vertex 253.992 109.178 3
      vertex 253.992 109.178 5
    endloop
  endfacet
  facet normal 0.974823 -0.22298 0
    outer loop
      vertex 253.992 109.178 3
      vertex 253.602 107.473 5
      vertex 253.602 107.473 3
    endloop
  endfacet
  facet normal 0.960469 -0.278387 0
    outer loop
      vertex 253.992 109.178 5
      vertex 254.403 110.596 3
      vertex 254.403 110.596 5
    endloop
  endfacet
  facet normal 0.960469 -0.278387 0
    outer loop
      vertex 254.403 110.596 3
      vertex 253.992 109.178 5
      vertex 253.992 109.178 3
    endloop
  endfacet
  facet normal 0.933797 -0.357802 0
    outer loop
      vertex 254.403 110.596 5
      vertex 254.831 111.713 3
      vertex 254.831 111.713 5
    endloop
  endfacet
  facet normal 0.933797 -0.357802 0
    outer loop
      vertex 254.831 111.713 3
      vertex 254.403 110.596 5
      vertex 254.403 110.596 3
    endloop
  endfacet
  facet normal 0.877271 -0.479996 0
    outer loop
      vertex 254.831 111.713 5
      vertex 255.272 112.519 3
      vertex 255.272 112.519 5
    endloop
  endfacet
  facet normal 0.877271 -0.479996 0
    outer loop
      vertex 255.272 112.519 3
      vertex 254.831 111.713 5
      vertex 254.831 111.713 3
    endloop
  endfacet
  facet normal 0.735208 -0.677841 0
    outer loop
      vertex 255.272 112.519 5
      vertex 255.721 113.006 3
      vertex 255.721 113.006 5
    endloop
  endfacet
  facet normal 0.735208 -0.677841 0
    outer loop
      vertex 255.721 113.006 3
      vertex 255.272 112.519 5
      vertex 255.272 112.519 3
    endloop
  endfacet
  facet normal 0.336074 -0.941836 0
    outer loop
      vertex 255.721 113.006 3
      vertex 256.175 113.168 5
      vertex 255.721 113.006 5
    endloop
  endfacet
  facet normal 0.336074 -0.941836 0
    outer loop
      vertex 256.175 113.168 5
      vertex 255.721 113.006 3
      vertex 256.175 113.168 3
    endloop
  endfacet
  facet normal -0.336074 -0.941836 0
    outer loop
      vertex 256.175 113.168 3
      vertex 256.629 113.006 5
      vertex 256.175 113.168 5
    endloop
  endfacet
  facet normal -0.336074 -0.941836 -0
    outer loop
      vertex 256.629 113.006 5
      vertex 256.175 113.168 3
      vertex 256.629 113.006 3
    endloop
  endfacet
  facet normal -0.735208 -0.677841 0
    outer loop
      vertex 257.078 112.519 3
      vertex 256.629 113.006 5
      vertex 256.629 113.006 3
    endloop
  endfacet
  facet normal -0.735208 -0.677841 0
    outer loop
      vertex 256.629 113.006 5
      vertex 257.078 112.519 3
      vertex 257.078 112.519 5
    endloop
  endfacet
  facet normal -0.877271 -0.479996 0
    outer loop
      vertex 257.519 111.713 3
      vertex 257.078 112.519 5
      vertex 257.078 112.519 3
    endloop
  endfacet
  facet normal -0.877271 -0.479996 0
    outer loop
      vertex 257.078 112.519 5
      vertex 257.519 111.713 3
      vertex 257.519 111.713 5
    endloop
  endfacet
  facet normal -0.933797 -0.357802 0
    outer loop
      vertex 257.947 110.596 3
      vertex 257.519 111.713 5
      vertex 257.519 111.713 3
    endloop
  endfacet
  facet normal -0.933797 -0.357802 0
    outer loop
      vertex 257.519 111.713 5
      vertex 257.947 110.596 3
      vertex 257.947 110.596 5
    endloop
  endfacet
  facet normal -0.960469 -0.278387 0
    outer loop
      vertex 258.358 109.178 3
      vertex 257.947 110.596 5
      vertex 257.947 110.596 3
    endloop
  endfacet
  facet normal -0.960469 -0.278387 0
    outer loop
      vertex 257.947 110.596 5
      vertex 258.358 109.178 3
      vertex 258.358 109.178 5
    endloop
  endfacet
  facet normal -0.974823 -0.22298 0
    outer loop
      vertex 258.748 107.473 3
      vertex 258.358 109.178 5
      vertex 258.358 109.178 3
    endloop
  endfacet
  facet normal -0.974823 -0.22298 0
    outer loop
      vertex 258.358 109.178 5
      vertex 258.748 107.473 3
      vertex 258.748 107.473 5
    endloop
  endfacet
  facet normal -0.983348 -0.181733 0
    outer loop
      vertex 259.113 105.498 3
      vertex 258.748 107.473 5
      vertex 258.748 107.473 3
    endloop
  endfacet
  facet normal -0.983348 -0.181733 0
    outer loop
      vertex 258.748 107.473 5
      vertex 259.113 105.498 3
      vertex 259.113 105.498 5
    endloop
  endfacet
  facet normal -0.988743 -0.149621 0
    outer loop
      vertex 259.45 103.271 3
      vertex 259.113 105.498 5
      vertex 259.113 105.498 3
    endloop
  endfacet
  facet normal -0.988743 -0.149621 0
    outer loop
      vertex 259.113 105.498 5
      vertex 259.45 103.271 3
      vertex 259.45 103.271 5
    endloop
  endfacet
  facet normal -0.992389 -0.12314 0
    outer loop
      vertex 259.755 100.813 3
      vertex 259.45 103.271 5
      vertex 259.45 103.271 3
    endloop
  endfacet
  facet normal -0.992389 -0.12314 0
    outer loop
      vertex 259.45 103.271 5
      vertex 259.755 100.813 3
      vertex 259.755 100.813 5
    endloop
  endfacet
  facet normal -0.994863 -0.101231 0
    outer loop
      vertex 260.026 98.1497 3
      vertex 259.755 100.813 5
      vertex 259.755 100.813 3
    endloop
  endfacet
  facet normal -0.994863 -0.101231 0
    outer loop
      vertex 259.755 100.813 5
      vertex 260.026 98.1497 3
      vertex 260.026 98.1497 5
    endloop
  endfacet
  facet normal -0.996662 -0.0816362 0
    outer loop
      vertex 260.259 95.3051 3
      vertex 260.026 98.1497 5
      vertex 260.026 98.1497 3
    endloop
  endfacet
  facet normal -0.996662 -0.0816362 0
    outer loop
      vertex 260.026 98.1497 5
      vertex 260.259 95.3051 3
      vertex 260.259 95.3051 5
    endloop
  endfacet
  facet normal -0.997913 -0.0645769 0
    outer loop
      vertex 260.453 92.3072 3
      vertex 260.259 95.3051 5
      vertex 260.259 95.3051 3
    endloop
  endfacet
  facet normal -0.997913 -0.0645769 0
    outer loop
      vertex 260.259 95.3051 5
      vertex 260.453 92.3072 3
      vertex 260.453 92.3072 5
    endloop
  endfacet
  facet normal -0.998786 -0.0492596 0
    outer loop
      vertex 260.607 89.1847 3
      vertex 260.453 92.3072 5
      vertex 260.453 92.3072 3
    endloop
  endfacet
  facet normal -0.998786 -0.0492596 0
    outer loop
      vertex 260.453 92.3072 5
      vertex 260.607 89.1847 3
      vertex 260.607 89.1847 5
    endloop
  endfacet
  facet normal -0.999416 -0.0341744 0
    outer loop
      vertex 260.717 85.9678 3
      vertex 260.607 89.1847 5
      vertex 260.607 89.1847 3
    endloop
  endfacet
  facet normal -0.999416 -0.0341744 0
    outer loop
      vertex 260.607 89.1847 5
      vertex 260.717 85.9678 3
      vertex 260.717 85.9678 5
    endloop
  endfacet
  facet normal -0.999792 -0.0204195 0
    outer loop
      vertex 260.784 82.6873 3
      vertex 260.717 85.9678 5
      vertex 260.717 85.9678 3
    endloop
  endfacet
  facet normal -0.999792 -0.0204195 0
    outer loop
      vertex 260.717 85.9678 5
      vertex 260.784 82.6873 3
      vertex 260.784 82.6873 5
    endloop
  endfacet
  facet normal -0.999978 -0.00664176 0
    outer loop
      vertex 260.806 79.375 3
      vertex 260.784 82.6873 5
      vertex 260.784 82.6873 3
    endloop
  endfacet
  facet normal -0.999978 -0.00664176 0
    outer loop
      vertex 260.784 82.6873 5
      vertex 260.806 79.375 3
      vertex 260.806 79.375 5
    endloop
  endfacet
  facet normal -0.999978 0.00664176 0
    outer loop
      vertex 260.784 76.0627 3
      vertex 260.806 79.375 5
      vertex 260.806 79.375 3
    endloop
  endfacet
  facet normal -0.999978 0.00664176 0
    outer loop
      vertex 260.806 79.375 5
      vertex 260.784 76.0627 3
      vertex 260.784 76.0627 5
    endloop
  endfacet
  facet normal -0.999792 0.0204195 0
    outer loop
      vertex 260.717 72.7822 3
      vertex 260.784 76.0627 5
      vertex 260.784 76.0627 3
    endloop
  endfacet
  facet normal -0.999792 0.0204195 0
    outer loop
      vertex 260.784 76.0627 5
      vertex 260.717 72.7822 3
      vertex 260.717 72.7822 5
    endloop
  endfacet
  facet normal -0.999416 0.0341744 0
    outer loop
      vertex 260.607 69.5653 3
      vertex 260.717 72.7822 5
      vertex 260.717 72.7822 3
    endloop
  endfacet
  facet normal -0.999416 0.0341744 0
    outer loop
      vertex 260.717 72.7822 5
      vertex 260.607 69.5653 3
      vertex 260.607 69.5653 5
    endloop
  endfacet
  facet normal -0.998786 0.0492596 0
    outer loop
      vertex 260.453 66.4428 3
      vertex 260.607 69.5653 5
      vertex 260.607 69.5653 3
    endloop
  endfacet
  facet normal -0.998786 0.0492596 0
    outer loop
      vertex 260.607 69.5653 5
      vertex 260.453 66.4428 3
      vertex 260.453 66.4428 5
    endloop
  endfacet
  facet normal -0.997913 0.0645747 0
    outer loop
      vertex 260.259 63.4448 3
      vertex 260.453 66.4428 5
      vertex 260.453 66.4428 3
    endloop
  endfacet
  facet normal -0.997913 0.0645747 0
    outer loop
      vertex 260.453 66.4428 5
      vertex 260.259 63.4448 3
      vertex 260.259 63.4448 5
    endloop
  endfacet
  facet normal -0.996662 0.081639 0
    outer loop
      vertex 260.026 60.6003 3
      vertex 260.259 63.4448 5
      vertex 260.259 63.4448 3
    endloop
  endfacet
  facet normal -0.996662 0.081639 0
    outer loop
      vertex 260.259 63.4448 5
      vertex 260.026 60.6003 3
      vertex 260.026 60.6003 5
    endloop
  endfacet
  facet normal -0.994865 0.101216 0
    outer loop
      vertex 259.755 57.9366 3
      vertex 260.026 60.6003 5
      vertex 260.026 60.6003 3
    endloop
  endfacet
  facet normal -0.994865 0.101216 0
    outer loop
      vertex 260.026 60.6003 5
      vertex 259.755 57.9366 3
      vertex 259.755 57.9366 5
    endloop
  endfacet
  facet normal -0.992384 0.12318 0
    outer loop
      vertex 259.45 55.4794 3
      vertex 259.755 57.9366 5
      vertex 259.755 57.9366 3
    endloop
  endfacet
  facet normal -0.992384 0.12318 0
    outer loop
      vertex 259.755 57.9366 5
      vertex 259.45 55.4794 3
      vertex 259.45 55.4794 5
    endloop
  endfacet
  facet normal -0.988744 0.149615 0
    outer loop
      vertex 259.113 53.2523 3
      vertex 259.45 55.4794 5
      vertex 259.45 55.4794 3
    endloop
  endfacet
  facet normal -0.988744 0.149615 0
    outer loop
      vertex 259.45 55.4794 5
      vertex 259.113 53.2523 3
      vertex 259.113 53.2523 5
    endloop
  endfacet
  facet normal -0.983358 0.181679 0
    outer loop
      vertex 258.748 51.2767 3
      vertex 259.113 53.2523 5
      vertex 259.113 53.2523 3
    endloop
  endfacet
  facet normal -0.983358 0.181679 0
    outer loop
      vertex 259.113 53.2523 5
      vertex 258.748 51.2767 3
      vertex 258.748 51.2767 5
    endloop
  endfacet
  facet normal -0.97482 0.222992 0
    outer loop
      vertex 258.358 49.5718 3
      vertex 258.748 51.2767 5
      vertex 258.748 51.2767 3
    endloop
  endfacet
  facet normal -0.97482 0.222992 0
    outer loop
      vertex 258.748 51.2767 5
      vertex 258.358 49.5718 3
      vertex 258.358 49.5718 5
    endloop
  endfacet
  facet normal -0.960464 0.278405 0
    outer loop
      vertex 257.947 48.1539 3
      vertex 258.358 49.5718 5
      vertex 258.358 49.5718 3
    endloop
  endfacet
  facet normal -0.960464 0.278405 0
    outer loop
      vertex 258.358 49.5718 5
      vertex 257.947 48.1539 3
      vertex 257.947 48.1539 5
    endloop
  endfacet
  facet normal -0.933829 0.357719 0
    outer loop
      vertex 257.519 47.0366 3
      vertex 257.947 48.1539 5
      vertex 257.947 48.1539 3
    endloop
  endfacet
  facet normal -0.933829 0.357719 0
    outer loop
      vertex 257.947 48.1539 5
      vertex 257.519 47.0366 3
      vertex 257.519 47.0366 5
    endloop
  endfacet
  facet normal -0.877221 0.480087 0
    outer loop
      vertex 257.078 46.2308 3
      vertex 257.519 47.0366 5
      vertex 257.519 47.0366 3
    endloop
  endfacet
  facet normal -0.877221 0.480087 0
    outer loop
      vertex 257.519 47.0366 5
      vertex 257.078 46.2308 3
      vertex 257.078 46.2308 5
    endloop
  endfacet
  facet normal -0.734931 0.678142 0
    outer loop
      vertex 256.629 45.7442 3
      vertex 257.078 46.2308 5
      vertex 257.078 46.2308 3
    endloop
  endfacet
  facet normal -0.734931 0.678142 0
    outer loop
      vertex 257.078 46.2308 5
      vertex 256.629 45.7442 3
      vertex 256.629 45.7442 5
    endloop
  endfacet
  facet normal -0.337361 0.941375 0
    outer loop
      vertex 256.629 45.7442 3
      vertex 256.175 45.5815 5
      vertex 256.629 45.7442 5
    endloop
  endfacet
  facet normal -0.337361 0.941375 0
    outer loop
      vertex 256.175 45.5815 5
      vertex 256.629 45.7442 3
      vertex 256.175 45.5815 3
    endloop
  endfacet
  facet normal 0.337361 0.941375 -0
    outer loop
      vertex 256.175 45.5815 3
      vertex 255.721 45.7442 5
      vertex 256.175 45.5815 5
    endloop
  endfacet
  facet normal 0.337361 0.941375 0
    outer loop
      vertex 255.721 45.7442 5
      vertex 256.175 45.5815 3
      vertex 255.721 45.7442 3
    endloop
  endfacet
endsolid OpenSCAD_Model
