solid OpenSCAD_Model
  facet normal 0.242959 0 0.970037
    outer loop
      vertex 0.595025 15 2.99139
      vertex 0.885367 0 2.91867
      vertex 0.885367 15 2.91867
    endloop
  endfacet
  facet normal 0.242959 0 0.970037
    outer loop
      vertex 0.885367 0 2.91867
      vertex 0.595025 15 2.99139
      vertex 0.595025 0 2.99139
    endloop
  endfacet
  facet normal 0 -1 0
    outer loop
      vertex -0.0499992 0 -0.0499992
      vertex 3 0 0
      vertex -0.0499992 0 0
    endloop
  endfacet
  facet normal 0 -1 -0
    outer loop
      vertex 3 0 0
      vertex -0.0499992 0 -0.0499992
      vertex 3 0 -0.0499992
    endloop
  endfacet
  facet normal 0 -1 0
    outer loop
      vertex -1.75 0 24
      vertex 0 0 3
      vertex 0 0 24
    endloop
  endfacet
  facet normal 0 -1 0
    outer loop
      vertex -0.0499992 0 0
      vertex 0.537014 0 3
      vertex 0 0 3
    endloop
  endfacet
  facet normal 0 -1 -0
    outer loop
      vertex 0.537014 0 3
      vertex -0.0499992 0 0
      vertex 0.595025 0 2.99139
    endloop
  endfacet
  facet normal 0 -1 -0
    outer loop
      vertex 0.595025 0 2.99139
      vertex -0.0499992 0 0
      vertex 0.885367 0 2.91867
    endloop
  endfacet
  facet normal 0 -1 -0
    outer loop
      vertex 0.885367 0 2.91867
      vertex -0.0499992 0 0
      vertex 1.16718 0 2.81783
    endloop
  endfacet
  facet normal 0 -1 -0
    outer loop
      vertex 1.16718 0 2.81783
      vertex -0.0499992 0 0
      vertex 1.43776 0 2.68986
    endloop
  endfacet
  facet normal 0 -1 -0
    outer loop
      vertex 1.43776 0 2.68986
      vertex -0.0499992 0 0
      vertex 1.69449 0 2.53598
    endloop
  endfacet
  facet normal 0 -1 -0
    outer loop
      vertex 1.69449 0 2.53598
      vertex -0.0499992 0 0
      vertex 1.9349 0 2.35768
    endloop
  endfacet
  facet normal 0 -1 -0
    outer loop
      vertex 1.9349 0 2.35768
      vertex -0.0499992 0 0
      vertex 2.15668 0 2.15668
    endloop
  endfacet
  facet normal 0 -1 -0
    outer loop
      vertex 2.15668 0 2.15668
      vertex -0.0499992 0 0
      vertex 2.35768 0 1.9349
    endloop
  endfacet
  facet normal 0 -1 0
    outer loop
      vertex -1.75 0 0
      vertex 0 0 3
      vertex -1.75 0 24
    endloop
  endfacet
  facet normal 0 -1 0
    outer loop
      vertex -0.0499992 0 0
      vertex 0 0 3
      vertex -1.75 0 0
    endloop
  endfacet
  facet normal 0 -1 -0
    outer loop
      vertex 2.35768 0 1.9349
      vertex -0.0499992 0 0
      vertex 2.49481 0 1.75
    endloop
  endfacet
  facet normal 0 -1 0
    outer loop
      vertex 3 0 0
      vertex 2.49481 0 1.75
      vertex -0.0499992 0 0
    endloop
  endfacet
  facet normal 0 -1 0
    outer loop
      vertex 2.49481 0 1.75
      vertex 3 0 0
      vertex 24 0 1.75
    endloop
  endfacet
  facet normal 0 -1 -0
    outer loop
      vertex 24 0 1.75
      vertex 3 0 0
      vertex 24 0 0
    endloop
  endfacet
  facet normal 0.514108 0 0.857726
    outer loop
      vertex 1.43776 15 2.68986
      vertex 1.69449 0 2.53598
      vertex 1.69449 15 2.53598
    endloop
  endfacet
  facet normal 0.514108 0 0.857726
    outer loop
      vertex 1.69449 0 2.53598
      vertex 1.43776 15 2.68986
      vertex 1.43776 0 2.68986
    endloop
  endfacet
  facet normal 0.740967 -0 0.671541
    outer loop
      vertex 2.15668 0 2.15668
      vertex 2.35768 15 1.9349
      vertex 2.15668 15 2.15668
    endloop
  endfacet
  facet normal 0.740967 0 0.671541
    outer loop
      vertex 2.35768 15 1.9349
      vertex 2.15668 0 2.15668
      vertex 2.35768 0 1.9349
    endloop
  endfacet
  facet normal 0.146812 0 0.989164
    outer loop
      vertex 0.537014 15 3
      vertex 0.595025 0 2.99139
      vertex 0.595025 15 2.99139
    endloop
  endfacet
  facet normal 0.146812 0 0.989164
    outer loop
      vertex 0.595025 0 2.99139
      vertex 0.537014 15 3
      vertex 0.537014 0 3
    endloop
  endfacet
  facet normal 0.595699 0 0.803208
    outer loop
      vertex 1.69449 15 2.53598
      vertex 1.9349 0 2.35768
      vertex 1.9349 15 2.35768
    endloop
  endfacet
  facet normal 0.595699 0 0.803208
    outer loop
      vertex 1.9349 0 2.35768
      vertex 1.69449 15 2.53598
      vertex 1.69449 0 2.53598
    endloop
  endfacet
  facet normal 0.80321 -0 0.595696
    outer loop
      vertex 2.35768 0 1.9349
      vertex 2.49481 15 1.75
      vertex 2.35768 15 1.9349
    endloop
  endfacet
  facet normal 0.80321 0 0.595696
    outer loop
      vertex 2.49481 15 1.75
      vertex 2.35768 0 1.9349
      vertex 2.49481 0 1.75
    endloop
  endfacet
  facet normal 0.671541 0 0.740967
    outer loop
      vertex 1.9349 15 2.35768
      vertex 2.15668 0 2.15668
      vertex 2.15668 15 2.15668
    endloop
  endfacet
  facet normal 0.671541 0 0.740967
    outer loop
      vertex 2.15668 0 2.15668
      vertex 1.9349 15 2.35768
      vertex 1.9349 0 2.35768
    endloop
  endfacet
  facet normal 0.336907 0 0.941538
    outer loop
      vertex 0.885367 15 2.91867
      vertex 1.16718 0 2.81783
      vertex 1.16718 15 2.81783
    endloop
  endfacet
  facet normal 0.336907 0 0.941538
    outer loop
      vertex 1.16718 0 2.81783
      vertex 0.885367 15 2.91867
      vertex 0.885367 0 2.91867
    endloop
  endfacet
  facet normal 0.427542 0 0.903996
    outer loop
      vertex 1.16718 15 2.81783
      vertex 1.43776 0 2.68986
      vertex 1.43776 15 2.68986
    endloop
  endfacet
  facet normal 0.427542 0 0.903996
    outer loop
      vertex 1.43776 0 2.68986
      vertex 1.16718 15 2.81783
      vertex 1.16718 0 2.81783
    endloop
  endfacet
  facet normal 0 1 0
    outer loop
      vertex 3 15 0
      vertex 24 15 1.75
      vertex 24 15 0
    endloop
  endfacet
  facet normal 0 1 0
    outer loop
      vertex -0.0499992 15 0
      vertex 0.537014 15 3
      vertex 0.595025 15 2.99139
    endloop
  endfacet
  facet normal 0 1 -0
    outer loop
      vertex 0 15 3
      vertex -1.75 15 24
      vertex 0 15 24
    endloop
  endfacet
  facet normal 0 1 0
    outer loop
      vertex -0.0499992 15 0
      vertex 0.595025 15 2.99139
      vertex 0.885367 15 2.91867
    endloop
  endfacet
  facet normal 0 1 0
    outer loop
      vertex -0.0499992 15 0
      vertex 0.885367 15 2.91867
      vertex 1.16718 15 2.81783
    endloop
  endfacet
  facet normal 0 1 0
    outer loop
      vertex -0.0499992 15 0
      vertex 1.16718 15 2.81783
      vertex 1.43776 15 2.68986
    endloop
  endfacet
  facet normal 0 1 0
    outer loop
      vertex -0.0499992 15 0
      vertex 1.43776 15 2.68986
      vertex 1.69449 15 2.53598
    endloop
  endfacet
  facet normal 0 1 0
    outer loop
      vertex -0.0499992 15 0
      vertex 1.69449 15 2.53598
      vertex 1.9349 15 2.35768
    endloop
  endfacet
  facet normal 0 1 0
    outer loop
      vertex -0.0499992 15 0
      vertex 1.9349 15 2.35768
      vertex 2.15668 15 2.15668
    endloop
  endfacet
  facet normal 0 1 0
    outer loop
      vertex -0.0499992 15 0
      vertex 2.15668 15 2.15668
      vertex 2.35768 15 1.9349
    endloop
  endfacet
  facet normal 0 1 0
    outer loop
      vertex -0.0499992 15 0
      vertex 2.35768 15 1.9349
      vertex 2.49481 15 1.75
    endloop
  endfacet
  facet normal 0 1 0
    outer loop
      vertex 24 15 1.75
      vertex 3 15 0
      vertex 2.49481 15 1.75
    endloop
  endfacet
  facet normal 0 1 0
    outer loop
      vertex -0.0499992 15 0
      vertex 2.49481 15 1.75
      vertex 3 15 0
    endloop
  endfacet
  facet normal 0 1 0
    outer loop
      vertex 0.537014 15 3
      vertex -0.0499992 15 0
      vertex 0 15 3
    endloop
  endfacet
  facet normal 0 1 0
    outer loop
      vertex -1.75 15 0
      vertex 0 15 3
      vertex -0.0499992 15 0
    endloop
  endfacet
  facet normal 0 1 0
    outer loop
      vertex 0 15 3
      vertex -1.75 15 0
      vertex -1.75 15 24
    endloop
  endfacet
  facet normal 0 1 -0
    outer loop
      vertex 3 15 -0.0499992
      vertex -0.0499992 15 0
      vertex 3 15 0
    endloop
  endfacet
  facet normal 0 1 0
    outer loop
      vertex -0.0499992 15 0
      vertex 3 15 -0.0499992
      vertex -0.0499992 15 -0.0499992
    endloop
  endfacet
  facet normal 1 -0 0
    outer loop
      vertex 3 0 0
      vertex 3 15 -0.0499992
      vertex 3 15 0
    endloop
  endfacet
  facet normal 1 0 0
    outer loop
      vertex 3 15 -0.0499992
      vertex 3 0 0
      vertex 3 0 -0.0499992
    endloop
  endfacet
  facet normal -0 0 1
    outer loop
      vertex 0 15 3
      vertex 0.537014 0 3
      vertex 0.537014 15 3
    endloop
  endfacet
  facet normal 0 0 1
    outer loop
      vertex 0.537014 0 3
      vertex 0 15 3
      vertex 0 0 3
    endloop
  endfacet
  facet normal 0 0 -1
    outer loop
      vertex -0.0499992 0 -0.0499992
      vertex 3 15 -0.0499992
      vertex 3 0 -0.0499992
    endloop
  endfacet
  facet normal -0 0 -1
    outer loop
      vertex 3 15 -0.0499992
      vertex -0.0499992 0 -0.0499992
      vertex -0.0499992 15 -0.0499992
    endloop
  endfacet
  facet normal -1 0 0
    outer loop
      vertex -0.0499992 0 -0.0499992
      vertex -0.0499992 15 0
      vertex -0.0499992 15 -0.0499992
    endloop
  endfacet
  facet normal -1 -0 0
    outer loop
      vertex -0.0499992 15 0
      vertex -0.0499992 0 -0.0499992
      vertex -0.0499992 0 0
    endloop
  endfacet
  facet normal 0 0 -1
    outer loop
      vertex 24 0 0
      vertex 26 2 0
      vertex 25.9904 1.80396 0
    endloop
  endfacet
  facet normal 0 0 -1
    outer loop
      vertex 26 2 0
      vertex 19.5 5 0
      vertex 26 13 0
    endloop
  endfacet
  facet normal 0 0 -1
    outer loop
      vertex 24 0 0
      vertex 25.9904 1.80396 0
      vertex 25.9616 1.60982 0
    endloop
  endfacet
  facet normal 0 0 -1
    outer loop
      vertex 19.5 10 0
      vertex 26 13 0
      vertex 19.5 5 0
    endloop
  endfacet
  facet normal 0 0 -1
    outer loop
      vertex 24 0 0
      vertex 25.9616 1.60982 0
      vertex 25.9139 1.41942 0
    endloop
  endfacet
  facet normal 0 0 -1
    outer loop
      vertex 19.4831 10.343 0
      vertex 26 13 0
      vertex 19.5 10 0
    endloop
  endfacet
  facet normal 0 0 -1
    outer loop
      vertex 24 0 0
      vertex 25.9139 1.41942 0
      vertex 25.8477 1.23462 0
    endloop
  endfacet
  facet normal 0 0 -1
    outer loop
      vertex 19.4327 10.6828 0
      vertex 26 13 0
      vertex 19.4831 10.343 0
    endloop
  endfacet
  facet normal 0 0 -1
    outer loop
      vertex 24 0 0
      vertex 25.8477 1.23462 0
      vertex 25.7638 1.05721 0
    endloop
  endfacet
  facet normal 0 0 -1
    outer loop
      vertex 19.3493 11.016 0
      vertex 26 13 0
      vertex 19.4327 10.6828 0
    endloop
  endfacet
  facet normal 0 0 -1
    outer loop
      vertex 24 0 0
      vertex 25.7638 1.05721 0
      vertex 25.6629 0.888855 0
    endloop
  endfacet
  facet normal 0 0 -1
    outer loop
      vertex 26 13 0
      vertex 24 15 0
      vertex 25.9904 13.196 0
    endloop
  endfacet
  facet normal 0 0 -1
    outer loop
      vertex 24 0 0
      vertex 25.6629 0.888855 0
      vertex 25.546 0.731201 0
    endloop
  endfacet
  facet normal 0 0 -1
    outer loop
      vertex 25.9904 13.196 0
      vertex 24 15 0
      vertex 25.9616 13.3902 0
    endloop
  endfacet
  facet normal 0 0 -1
    outer loop
      vertex 24 0 0
      vertex 25.546 0.731201 0
      vertex 25.4142 0.585785 0
    endloop
  endfacet
  facet normal 0 0 -1
    outer loop
      vertex 25.9616 13.3902 0
      vertex 24 15 0
      vertex 25.9139 13.5806 0
    endloop
  endfacet
  facet normal 0 0 -1
    outer loop
      vertex 24 0 0
      vertex 25.4142 0.585785 0
      vertex 25.2688 0.453964 0
    endloop
  endfacet
  facet normal 0 0 -1
    outer loop
      vertex 25.9139 13.5806 0
      vertex 24 15 0
      vertex 25.8477 13.7654 0
    endloop
  endfacet
  facet normal 0 0 -1
    outer loop
      vertex 24 0 0
      vertex 25.2688 0.453964 0
      vertex 25.1111 0.337051 0
    endloop
  endfacet
  facet normal 0 0 -1
    outer loop
      vertex 25.8477 13.7654 0
      vertex 24 15 0
      vertex 25.7638 13.9428 0
    endloop
  endfacet
  facet normal 0 0 -1
    outer loop
      vertex 24 0 0
      vertex 25.1111 0.337051 0
      vertex 24.9428 0.236145 0
    endloop
  endfacet
  facet normal 0 0 -1
    outer loop
      vertex 25.7638 13.9428 0
      vertex 24 15 0
      vertex 25.6629 14.1111 0
    endloop
  endfacet
  facet normal 0 0 -1
    outer loop
      vertex 24 0 0
      vertex 24.9428 0.236145 0
      vertex 24.7654 0.152237 0
    endloop
  endfacet
  facet normal 0 0 -1
    outer loop
      vertex 25.6629 14.1111 0
      vertex 24 15 0
      vertex 25.546 14.2688 0
    endloop
  endfacet
  facet normal 0 0 -1
    outer loop
      vertex 24 0 0
      vertex 24.7654 0.152237 0
      vertex 24.5806 0.0861053 0
    endloop
  endfacet
  facet normal 0 0 -1
    outer loop
      vertex 25.546 14.2688 0
      vertex 24 15 0
      vertex 25.4142 14.4142 0
    endloop
  endfacet
  facet normal 0 0 -1
    outer loop
      vertex 24 0 0
      vertex 24.5806 0.0861053 0
      vertex 24.3902 0.0384216 0
    endloop
  endfacet
  facet normal 0 0 -1
    outer loop
      vertex 25.2688 14.546 0
      vertex 24 15 0
      vertex 25.1111 14.6629 0
    endloop
  endfacet
  facet normal 0 0 -1
    outer loop
      vertex 24 0 0
      vertex 24.3902 0.0384216 0
      vertex 24.196 0.0096283 0
    endloop
  endfacet
  facet normal 0 0 -1
    outer loop
      vertex 25.1111 14.6629 0
      vertex 24 15 0
      vertex 24.9428 14.7638 0
    endloop
  endfacet
  facet normal 0 0 -1
    outer loop
      vertex 19.3493 3.98399 0
      vertex 26 2 0
      vertex 24 0 0
    endloop
  endfacet
  facet normal 0 0 -1
    outer loop
      vertex 24.9428 14.7638 0
      vertex 24 15 0
      vertex 24.7654 14.8477 0
    endloop
  endfacet
  facet normal 0 0 -1
    outer loop
      vertex 24.7654 14.8477 0
      vertex 24 15 0
      vertex 24.5806 14.9139 0
    endloop
  endfacet
  facet normal 0 0 -1
    outer loop
      vertex 26 2 0
      vertex 19.4831 4.65694 0
      vertex 19.5 5 0
    endloop
  endfacet
  facet normal 0 0 -1
    outer loop
      vertex 26 2 0
      vertex 19.4327 4.31717 0
      vertex 19.4831 4.65694 0
    endloop
  endfacet
  facet normal 0 0 -1
    outer loop
      vertex 26 2 0
      vertex 19.3493 3.98399 0
      vertex 19.4327 4.31717 0
    endloop
  endfacet
  facet normal 0 0 -1
    outer loop
      vertex 24 0 0
      vertex 19.2336 3.6606 0
      vertex 19.3493 3.98399 0
    endloop
  endfacet
  facet normal 0 0 -1
    outer loop
      vertex 24 0 0
      vertex 19.0867 3.3501 0
      vertex 19.2336 3.6606 0
    endloop
  endfacet
  facet normal 0 0 -1
    outer loop
      vertex 24 0 0
      vertex 18.9101 3.0555 0
      vertex 19.0867 3.3501 0
    endloop
  endfacet
  facet normal 0 0 -1
    outer loop
      vertex 24 0 0
      vertex 18.7055 2.77962 0
      vertex 18.9101 3.0555 0
    endloop
  endfacet
  facet normal 0 0 -1
    outer loop
      vertex 24 0 0
      vertex 18.4749 2.52512 0
      vertex 18.7055 2.77962 0
    endloop
  endfacet
  facet normal 0 0 -1
    outer loop
      vertex 24 0 0
      vertex 18.2204 2.29445 0
      vertex 18.4749 2.52512 0
    endloop
  endfacet
  facet normal 0 0 -1
    outer loop
      vertex 24 0 0
      vertex 17.9445 2.08984 0
      vertex 18.2204 2.29445 0
    endloop
  endfacet
  facet normal 0 0 -1
    outer loop
      vertex 24 0 0
      vertex 17.6499 1.91327 0
      vertex 17.9445 2.08984 0
    endloop
  endfacet
  facet normal 0 0 -1
    outer loop
      vertex 24 0 0
      vertex 17.3394 1.76642 0
      vertex 17.6499 1.91327 0
    endloop
  endfacet
  facet normal 0 0 -1
    outer loop
      vertex 24 0 0
      vertex 17.016 1.6507 0
      vertex 17.3394 1.76642 0
    endloop
  endfacet
  facet normal 0 0 -1
    outer loop
      vertex 24 0 0
      vertex 16.6828 1.56725 0
      vertex 17.016 1.6507 0
    endloop
  endfacet
  facet normal 0 0 -1
    outer loop
      vertex 24 0 0
      vertex 16.343 1.51685 0
      vertex 16.6828 1.56725 0
    endloop
  endfacet
  facet normal 0 0 -1
    outer loop
      vertex 24 0 0
      vertex 16 1.5 0
      vertex 16.343 1.51685 0
    endloop
  endfacet
  facet normal 0 0 -1
    outer loop
      vertex 24 0 0
      vertex 15.6569 1.51685 0
      vertex 16 1.5 0
    endloop
  endfacet
  facet normal 0 0 -1
    outer loop
      vertex 3 0 0
      vertex 15.6569 1.51685 0
      vertex 24 0 0
    endloop
  endfacet
  facet normal -0 0 -1
    outer loop
      vertex 12.5 5 0
      vertex 3 0 0
      vertex 12.5 10 0
    endloop
  endfacet
  facet normal -0 0 -1
    outer loop
      vertex 12.5168 4.65694 0
      vertex 3 0 0
      vertex 12.5 5 0
    endloop
  endfacet
  facet normal -0 0 -1
    outer loop
      vertex 12.5672 4.31717 0
      vertex 3 0 0
      vertex 12.5168 4.65694 0
    endloop
  endfacet
  facet normal -0 0 -1
    outer loop
      vertex 12.6507 3.98399 0
      vertex 3 0 0
      vertex 12.5672 4.31717 0
    endloop
  endfacet
  facet normal -0 0 -1
    outer loop
      vertex 12.7664 3.6606 0
      vertex 3 0 0
      vertex 12.6507 3.98399 0
    endloop
  endfacet
  facet normal -0 0 -1
    outer loop
      vertex 12.9133 3.3501 0
      vertex 3 0 0
      vertex 12.7664 3.6606 0
    endloop
  endfacet
  facet normal -0 0 -1
    outer loop
      vertex 13.0898 3.0555 0
      vertex 3 0 0
      vertex 12.9133 3.3501 0
    endloop
  endfacet
  facet normal -0 0 -1
    outer loop
      vertex 13.2944 2.77962 0
      vertex 3 0 0
      vertex 13.0898 3.0555 0
    endloop
  endfacet
  facet normal -0 0 -1
    outer loop
      vertex 13.5251 2.52512 0
      vertex 3 0 0
      vertex 13.2944 2.77962 0
    endloop
  endfacet
  facet normal -0 0 -1
    outer loop
      vertex 13.7796 2.29445 0
      vertex 3 0 0
      vertex 13.5251 2.52512 0
    endloop
  endfacet
  facet normal -0 0 -1
    outer loop
      vertex 14.0555 2.08984 0
      vertex 3 0 0
      vertex 13.7796 2.29445 0
    endloop
  endfacet
  facet normal -0 0 -1
    outer loop
      vertex 14.3501 1.91327 0
      vertex 3 0 0
      vertex 14.0555 2.08984 0
    endloop
  endfacet
  facet normal -0 0 -1
    outer loop
      vertex 14.6606 1.76642 0
      vertex 3 0 0
      vertex 14.3501 1.91327 0
    endloop
  endfacet
  facet normal -0 0 -1
    outer loop
      vertex 14.984 1.6507 0
      vertex 3 0 0
      vertex 14.6606 1.76642 0
    endloop
  endfacet
  facet normal -0 0 -1
    outer loop
      vertex 15.3172 1.56725 0
      vertex 3 0 0
      vertex 14.984 1.6507 0
    endloop
  endfacet
  facet normal -0 0 -1
    outer loop
      vertex 15.6569 1.51685 0
      vertex 3 0 0
      vertex 15.3172 1.56725 0
    endloop
  endfacet
  facet normal 0 0 -1
    outer loop
      vertex 24.5806 14.9139 0
      vertex 24 15 0
      vertex 24.3902 14.9616 0
    endloop
  endfacet
  facet normal 0 0 -1
    outer loop
      vertex 24.3902 14.9616 0
      vertex 24 15 0
      vertex 24.196 14.9904 0
    endloop
  endfacet
  facet normal 0 0 -1
    outer loop
      vertex 25.4142 14.4142 0
      vertex 24 15 0
      vertex 25.2688 14.546 0
    endloop
  endfacet
  facet normal -0 0 -1
    outer loop
      vertex 26 13 0
      vertex 19.3493 11.016 0
      vertex 24 15 0
    endloop
  endfacet
  facet normal 0 0 -1
    outer loop
      vertex 19.2336 11.3394 0
      vertex 24 15 0
      vertex 19.3493 11.016 0
    endloop
  endfacet
  facet normal 0 0 -1
    outer loop
      vertex 19.0867 11.6499 0
      vertex 24 15 0
      vertex 19.2336 11.3394 0
    endloop
  endfacet
  facet normal 0 0 -1
    outer loop
      vertex 18.9101 11.9445 0
      vertex 24 15 0
      vertex 19.0867 11.6499 0
    endloop
  endfacet
  facet normal 0 0 -1
    outer loop
      vertex 18.7055 12.2204 0
      vertex 24 15 0
      vertex 18.9101 11.9445 0
    endloop
  endfacet
  facet normal 0 0 -1
    outer loop
      vertex 18.4749 12.4749 0
      vertex 24 15 0
      vertex 18.7055 12.2204 0
    endloop
  endfacet
  facet normal 0 0 -1
    outer loop
      vertex 18.2204 12.7055 0
      vertex 24 15 0
      vertex 18.4749 12.4749 0
    endloop
  endfacet
  facet normal 0 0 -1
    outer loop
      vertex 17.9445 12.9101 0
      vertex 24 15 0
      vertex 18.2204 12.7055 0
    endloop
  endfacet
  facet normal 0 0 -1
    outer loop
      vertex 17.6499 13.0867 0
      vertex 24 15 0
      vertex 17.9445 12.9101 0
    endloop
  endfacet
  facet normal 0 0 -1
    outer loop
      vertex 17.3394 13.2336 0
      vertex 24 15 0
      vertex 17.6499 13.0867 0
    endloop
  endfacet
  facet normal 0 0 -1
    outer loop
      vertex 17.016 13.3493 0
      vertex 24 15 0
      vertex 17.3394 13.2336 0
    endloop
  endfacet
  facet normal 0 0 -1
    outer loop
      vertex 16.6828 13.4327 0
      vertex 24 15 0
      vertex 17.016 13.3493 0
    endloop
  endfacet
  facet normal 0 0 -1
    outer loop
      vertex 16.343 13.4831 0
      vertex 24 15 0
      vertex 16.6828 13.4327 0
    endloop
  endfacet
  facet normal 0 0 -1
    outer loop
      vertex 16 13.5 0
      vertex 24 15 0
      vertex 16.343 13.4831 0
    endloop
  endfacet
  facet normal 0 0 -1
    outer loop
      vertex 15.6569 13.4831 0
      vertex 24 15 0
      vertex 16 13.5 0
    endloop
  endfacet
  facet normal 0 0 -1
    outer loop
      vertex 3 15 0
      vertex 15.6569 13.4831 0
      vertex 15.3172 13.4327 0
    endloop
  endfacet
  facet normal 0 0 -1
    outer loop
      vertex 3 15 0
      vertex 12.5 10 0
      vertex 3 0 0
    endloop
  endfacet
  facet normal 0 0 -1
    outer loop
      vertex 12.5 10 0
      vertex 3 15 0
      vertex 12.5168 10.343 0
    endloop
  endfacet
  facet normal 0 0 -1
    outer loop
      vertex 12.5168 10.343 0
      vertex 3 15 0
      vertex 12.5672 10.6828 0
    endloop
  endfacet
  facet normal 0 0 -1
    outer loop
      vertex 12.5672 10.6828 0
      vertex 3 15 0
      vertex 12.6507 11.016 0
    endloop
  endfacet
  facet normal 0 0 -1
    outer loop
      vertex 12.6507 11.016 0
      vertex 3 15 0
      vertex 12.7664 11.3394 0
    endloop
  endfacet
  facet normal 0 0 -1
    outer loop
      vertex 12.7664 11.3394 0
      vertex 3 15 0
      vertex 12.9133 11.6499 0
    endloop
  endfacet
  facet normal 0 0 -1
    outer loop
      vertex 12.9133 11.6499 0
      vertex 3 15 0
      vertex 13.0898 11.9445 0
    endloop
  endfacet
  facet normal 0 0 -1
    outer loop
      vertex 15.6569 13.4831 0
      vertex 3 15 0
      vertex 24 15 0
    endloop
  endfacet
  facet normal 0 0 -1
    outer loop
      vertex 14.984 13.3493 0
      vertex 3 15 0
      vertex 15.3172 13.4327 0
    endloop
  endfacet
  facet normal 0 0 -1
    outer loop
      vertex 14.6606 13.2336 0
      vertex 3 15 0
      vertex 14.984 13.3493 0
    endloop
  endfacet
  facet normal 0 0 -1
    outer loop
      vertex 14.3501 13.0867 0
      vertex 3 15 0
      vertex 14.6606 13.2336 0
    endloop
  endfacet
  facet normal 0 0 -1
    outer loop
      vertex 14.0555 12.9101 0
      vertex 3 15 0
      vertex 14.3501 13.0867 0
    endloop
  endfacet
  facet normal 0 0 -1
    outer loop
      vertex 13.7796 12.7055 0
      vertex 3 15 0
      vertex 14.0555 12.9101 0
    endloop
  endfacet
  facet normal 0 0 -1
    outer loop
      vertex 13.5251 12.4749 0
      vertex 3 15 0
      vertex 13.7796 12.7055 0
    endloop
  endfacet
  facet normal 0 0 -1
    outer loop
      vertex 13.2944 12.2204 0
      vertex 3 15 0
      vertex 13.5251 12.4749 0
    endloop
  endfacet
  facet normal 0 0 -1
    outer loop
      vertex 13.0898 11.9445 0
      vertex 3 15 0
      vertex 13.2944 12.2204 0
    endloop
  endfacet
  facet normal 0 0 1
    outer loop
      vertex 24 15 1.75
      vertex 26 13 1.75
      vertex 25.9904 13.196 1.75
    endloop
  endfacet
  facet normal 0 0 1
    outer loop
      vertex 26 13 1.75
      vertex 19.5 10 1.75
      vertex 26 2 1.75
    endloop
  endfacet
  facet normal 0 0 1
    outer loop
      vertex 24 15 1.75
      vertex 25.9904 13.196 1.75
      vertex 25.9616 13.3902 1.75
    endloop
  endfacet
  facet normal -0 0 1
    outer loop
      vertex 19.5 5 1.75
      vertex 26 2 1.75
      vertex 19.5 10 1.75
    endloop
  endfacet
  facet normal 0 0 1
    outer loop
      vertex 24 15 1.75
      vertex 25.9616 13.3902 1.75
      vertex 25.9139 13.5806 1.75
    endloop
  endfacet
  facet normal -0 0 1
    outer loop
      vertex 19.4831 4.65694 1.75
      vertex 26 2 1.75
      vertex 19.5 5 1.75
    endloop
  endfacet
  facet normal 0 0 1
    outer loop
      vertex 24 15 1.75
      vertex 25.9139 13.5806 1.75
      vertex 25.8477 13.7654 1.75
    endloop
  endfacet
  facet normal -0 0 1
    outer loop
      vertex 19.4327 4.31717 1.75
      vertex 26 2 1.75
      vertex 19.4831 4.65694 1.75
    endloop
  endfacet
  facet normal 0 0 1
    outer loop
      vertex 24 15 1.75
      vertex 25.8477 13.7654 1.75
      vertex 25.7638 13.9428 1.75
    endloop
  endfacet
  facet normal -0 0 1
    outer loop
      vertex 19.3493 3.98399 1.75
      vertex 26 2 1.75
      vertex 19.4327 4.31717 1.75
    endloop
  endfacet
  facet normal 0 0 1
    outer loop
      vertex 24 15 1.75
      vertex 25.7638 13.9428 1.75
      vertex 25.6629 14.1111 1.75
    endloop
  endfacet
  facet normal 0 0 1
    outer loop
      vertex 26 2 1.75
      vertex 24 0 1.75
      vertex 25.9904 1.80396 1.75
    endloop
  endfacet
  facet normal 0 0 1
    outer loop
      vertex 24 15 1.75
      vertex 25.6629 14.1111 1.75
      vertex 25.546 14.2688 1.75
    endloop
  endfacet
  facet normal 0 0 1
    outer loop
      vertex 25.9904 1.80396 1.75
      vertex 24 0 1.75
      vertex 25.9616 1.60982 1.75
    endloop
  endfacet
  facet normal 0 0 1
    outer loop
      vertex 24 15 1.75
      vertex 25.546 14.2688 1.75
      vertex 25.4142 14.4142 1.75
    endloop
  endfacet
  facet normal 0 0 1
    outer loop
      vertex 25.9616 1.60982 1.75
      vertex 24 0 1.75
      vertex 25.9139 1.41942 1.75
    endloop
  endfacet
  facet normal 0 0 1
    outer loop
      vertex 24 15 1.75
      vertex 25.4142 14.4142 1.75
      vertex 25.2688 14.546 1.75
    endloop
  endfacet
  facet normal 0 0 1
    outer loop
      vertex 25.9139 1.41942 1.75
      vertex 24 0 1.75
      vertex 25.8477 1.23462 1.75
    endloop
  endfacet
  facet normal 0 0 1
    outer loop
      vertex 24 15 1.75
      vertex 25.2688 14.546 1.75
      vertex 25.1111 14.6629 1.75
    endloop
  endfacet
  facet normal 0 0 1
    outer loop
      vertex 25.8477 1.23462 1.75
      vertex 24 0 1.75
      vertex 25.7638 1.05721 1.75
    endloop
  endfacet
  facet normal 0 0 1
    outer loop
      vertex 24 15 1.75
      vertex 25.1111 14.6629 1.75
      vertex 24.9428 14.7638 1.75
    endloop
  endfacet
  facet normal 0 0 1
    outer loop
      vertex 25.7638 1.05721 1.75
      vertex 24 0 1.75
      vertex 25.6629 0.888855 1.75
    endloop
  endfacet
  facet normal 0 0 1
    outer loop
      vertex 24 15 1.75
      vertex 24.9428 14.7638 1.75
      vertex 24.7654 14.8477 1.75
    endloop
  endfacet
  facet normal 0 0 1
    outer loop
      vertex 25.6629 0.888855 1.75
      vertex 24 0 1.75
      vertex 25.546 0.731201 1.75
    endloop
  endfacet
  facet normal 0 0 1
    outer loop
      vertex 24 15 1.75
      vertex 24.7654 14.8477 1.75
      vertex 24.5806 14.9139 1.75
    endloop
  endfacet
  facet normal 0 0 1
    outer loop
      vertex 25.546 0.731201 1.75
      vertex 24 0 1.75
      vertex 25.4142 0.585785 1.75
    endloop
  endfacet
  facet normal 0 0 1
    outer loop
      vertex 24 15 1.75
      vertex 24.5806 14.9139 1.75
      vertex 24.3902 14.9616 1.75
    endloop
  endfacet
  facet normal 0 0 1
    outer loop
      vertex 25.2688 0.453964 1.75
      vertex 24 0 1.75
      vertex 25.1111 0.337051 1.75
    endloop
  endfacet
  facet normal 0 0 1
    outer loop
      vertex 24 15 1.75
      vertex 24.3902 14.9616 1.75
      vertex 24.196 14.9904 1.75
    endloop
  endfacet
  facet normal 0 0 1
    outer loop
      vertex 25.1111 0.337051 1.75
      vertex 24 0 1.75
      vertex 24.9428 0.236145 1.75
    endloop
  endfacet
  facet normal 0 0 1
    outer loop
      vertex 19.3493 11.016 1.75
      vertex 26 13 1.75
      vertex 24 15 1.75
    endloop
  endfacet
  facet normal 0 0 1
    outer loop
      vertex 24.9428 0.236145 1.75
      vertex 24 0 1.75
      vertex 24.7654 0.152237 1.75
    endloop
  endfacet
  facet normal 0 0 1
    outer loop
      vertex 24.7654 0.152237 1.75
      vertex 24 0 1.75
      vertex 24.5806 0.0861053 1.75
    endloop
  endfacet
  facet normal 0 0 1
    outer loop
      vertex 26 13 1.75
      vertex 19.4831 10.343 1.75
      vertex 19.5 10 1.75
    endloop
  endfacet
  facet normal 0 0 1
    outer loop
      vertex 26 13 1.75
      vertex 19.4327 10.6828 1.75
      vertex 19.4831 10.343 1.75
    endloop
  endfacet
  facet normal 0 0 1
    outer loop
      vertex 26 13 1.75
      vertex 19.3493 11.016 1.75
      vertex 19.4327 10.6828 1.75
    endloop
  endfacet
  facet normal 0 0 1
    outer loop
      vertex 24 15 1.75
      vertex 19.2336 11.3394 1.75
      vertex 19.3493 11.016 1.75
    endloop
  endfacet
  facet normal 0 0 1
    outer loop
      vertex 24 15 1.75
      vertex 19.0867 11.6499 1.75
      vertex 19.2336 11.3394 1.75
    endloop
  endfacet
  facet normal 0 0 1
    outer loop
      vertex 24 15 1.75
      vertex 18.9101 11.9445 1.75
      vertex 19.0867 11.6499 1.75
    endloop
  endfacet
  facet normal 0 0 1
    outer loop
      vertex 24 15 1.75
      vertex 18.7055 12.2204 1.75
      vertex 18.9101 11.9445 1.75
    endloop
  endfacet
  facet normal 0 0 1
    outer loop
      vertex 24 15 1.75
      vertex 18.4749 12.4749 1.75
      vertex 18.7055 12.2204 1.75
    endloop
  endfacet
  facet normal 0 0 1
    outer loop
      vertex 24 15 1.75
      vertex 18.2204 12.7055 1.75
      vertex 18.4749 12.4749 1.75
    endloop
  endfacet
  facet normal 0 0 1
    outer loop
      vertex 24 15 1.75
      vertex 17.9445 12.9101 1.75
      vertex 18.2204 12.7055 1.75
    endloop
  endfacet
  facet normal 0 0 1
    outer loop
      vertex 24 15 1.75
      vertex 17.6499 13.0867 1.75
      vertex 17.9445 12.9101 1.75
    endloop
  endfacet
  facet normal 0 0 1
    outer loop
      vertex 24 15 1.75
      vertex 17.3394 13.2336 1.75
      vertex 17.6499 13.0867 1.75
    endloop
  endfacet
  facet normal 0 0 1
    outer loop
      vertex 24 15 1.75
      vertex 17.016 13.3493 1.75
      vertex 17.3394 13.2336 1.75
    endloop
  endfacet
  facet normal 0 0 1
    outer loop
      vertex 24 15 1.75
      vertex 16.6828 13.4327 1.75
      vertex 17.016 13.3493 1.75
    endloop
  endfacet
  facet normal 0 0 1
    outer loop
      vertex 24 15 1.75
      vertex 16.343 13.4831 1.75
      vertex 16.6828 13.4327 1.75
    endloop
  endfacet
  facet normal 0 0 1
    outer loop
      vertex 24 15 1.75
      vertex 16 13.5 1.75
      vertex 16.343 13.4831 1.75
    endloop
  endfacet
  facet normal 0 0 1
    outer loop
      vertex 24 15 1.75
      vertex 15.6569 13.4831 1.75
      vertex 16 13.5 1.75
    endloop
  endfacet
  facet normal -0 0 1
    outer loop
      vertex 2.49481 15 1.75
      vertex 15.6569 13.4831 1.75
      vertex 24 15 1.75
    endloop
  endfacet
  facet normal 0 0 1
    outer loop
      vertex 12.5 10 1.75
      vertex 2.49481 15 1.75
      vertex 12.5 5 1.75
    endloop
  endfacet
  facet normal 0 0 1
    outer loop
      vertex 12.5168 10.343 1.75
      vertex 2.49481 15 1.75
      vertex 12.5 10 1.75
    endloop
  endfacet
  facet normal 0 0 1
    outer loop
      vertex 12.5672 10.6828 1.75
      vertex 2.49481 15 1.75
      vertex 12.5168 10.343 1.75
    endloop
  endfacet
  facet normal 0 0 1
    outer loop
      vertex 12.6507 11.016 1.75
      vertex 2.49481 15 1.75
      vertex 12.5672 10.6828 1.75
    endloop
  endfacet
  facet normal 0 0 1
    outer loop
      vertex 12.7664 11.3394 1.75
      vertex 2.49481 15 1.75
      vertex 12.6507 11.016 1.75
    endloop
  endfacet
  facet normal 0 0 1
    outer loop
      vertex 12.9133 11.6499 1.75
      vertex 2.49481 15 1.75
      vertex 12.7664 11.3394 1.75
    endloop
  endfacet
  facet normal 0 0 1
    outer loop
      vertex 13.0898 11.9445 1.75
      vertex 2.49481 15 1.75
      vertex 12.9133 11.6499 1.75
    endloop
  endfacet
  facet normal 0 0 1
    outer loop
      vertex 13.2944 12.2204 1.75
      vertex 2.49481 15 1.75
      vertex 13.0898 11.9445 1.75
    endloop
  endfacet
  facet normal 0 0 1
    outer loop
      vertex 13.5251 12.4749 1.75
      vertex 2.49481 15 1.75
      vertex 13.2944 12.2204 1.75
    endloop
  endfacet
  facet normal 0 0 1
    outer loop
      vertex 13.7796 12.7055 1.75
      vertex 2.49481 15 1.75
      vertex 13.5251 12.4749 1.75
    endloop
  endfacet
  facet normal 0 0 1
    outer loop
      vertex 14.0555 12.9101 1.75
      vertex 2.49481 15 1.75
      vertex 13.7796 12.7055 1.75
    endloop
  endfacet
  facet normal 0 0 1
    outer loop
      vertex 14.3501 13.0867 1.75
      vertex 2.49481 15 1.75
      vertex 14.0555 12.9101 1.75
    endloop
  endfacet
  facet normal 0 0 1
    outer loop
      vertex 14.6606 13.2336 1.75
      vertex 2.49481 15 1.75
      vertex 14.3501 13.0867 1.75
    endloop
  endfacet
  facet normal 0 0 1
    outer loop
      vertex 14.984 13.3493 1.75
      vertex 2.49481 15 1.75
      vertex 14.6606 13.2336 1.75
    endloop
  endfacet
  facet normal 0 0 1
    outer loop
      vertex 15.3172 13.4327 1.75
      vertex 2.49481 15 1.75
      vertex 14.984 13.3493 1.75
    endloop
  endfacet
  facet normal 0 0 1
    outer loop
      vertex 15.6569 13.4831 1.75
      vertex 2.49481 15 1.75
      vertex 15.3172 13.4327 1.75
    endloop
  endfacet
  facet normal 0 0 1
    outer loop
      vertex 24.5806 0.0861053 1.75
      vertex 24 0 1.75
      vertex 24.3902 0.0384216 1.75
    endloop
  endfacet
  facet normal 0 0 1
    outer loop
      vertex 24.3902 0.0384216 1.75
      vertex 24 0 1.75
      vertex 24.196 0.0096283 1.75
    endloop
  endfacet
  facet normal 0 0 1
    outer loop
      vertex 25.4142 0.585785 1.75
      vertex 24 0 1.75
      vertex 25.2688 0.453964 1.75
    endloop
  endfacet
  facet normal 0 0 1
    outer loop
      vertex 26 2 1.75
      vertex 19.3493 3.98399 1.75
      vertex 24 0 1.75
    endloop
  endfacet
  facet normal -0 0 1
    outer loop
      vertex 19.2336 3.6606 1.75
      vertex 24 0 1.75
      vertex 19.3493 3.98399 1.75
    endloop
  endfacet
  facet normal -0 0 1
    outer loop
      vertex 19.0867 3.3501 1.75
      vertex 24 0 1.75
      vertex 19.2336 3.6606 1.75
    endloop
  endfacet
  facet normal -0 0 1
    outer loop
      vertex 18.9101 3.0555 1.75
      vertex 24 0 1.75
      vertex 19.0867 3.3501 1.75
    endloop
  endfacet
  facet normal -0 0 1
    outer loop
      vertex 18.7055 2.77962 1.75
      vertex 24 0 1.75
      vertex 18.9101 3.0555 1.75
    endloop
  endfacet
  facet normal -0 0 1
    outer loop
      vertex 18.4749 2.52512 1.75
      vertex 24 0 1.75
      vertex 18.7055 2.77962 1.75
    endloop
  endfacet
  facet normal -0 0 1
    outer loop
      vertex 18.2204 2.29445 1.75
      vertex 24 0 1.75
      vertex 18.4749 2.52512 1.75
    endloop
  endfacet
  facet normal -0 0 1
    outer loop
      vertex 17.9445 2.08984 1.75
      vertex 24 0 1.75
      vertex 18.2204 2.29445 1.75
    endloop
  endfacet
  facet normal -0 0 1
    outer loop
      vertex 17.6499 1.91327 1.75
      vertex 24 0 1.75
      vertex 17.9445 2.08984 1.75
    endloop
  endfacet
  facet normal -0 0 1
    outer loop
      vertex 17.3394 1.76642 1.75
      vertex 24 0 1.75
      vertex 17.6499 1.91327 1.75
    endloop
  endfacet
  facet normal -0 0 1
    outer loop
      vertex 17.016 1.6507 1.75
      vertex 24 0 1.75
      vertex 17.3394 1.76642 1.75
    endloop
  endfacet
  facet normal -0 0 1
    outer loop
      vertex 16.6828 1.56725 1.75
      vertex 24 0 1.75
      vertex 17.016 1.6507 1.75
    endloop
  endfacet
  facet normal -0 0 1
    outer loop
      vertex 16.343 1.51685 1.75
      vertex 24 0 1.75
      vertex 16.6828 1.56725 1.75
    endloop
  endfacet
  facet normal -0 0 1
    outer loop
      vertex 16 1.5 1.75
      vertex 24 0 1.75
      vertex 16.343 1.51685 1.75
    endloop
  endfacet
  facet normal 0 0 1
    outer loop
      vertex 15.6569 1.51685 1.75
      vertex 24 0 1.75
      vertex 16 1.5 1.75
    endloop
  endfacet
  facet normal 0 0 1
    outer loop
      vertex 2.49481 0 1.75
      vertex 15.6569 1.51685 1.75
      vertex 15.3172 1.56725 1.75
    endloop
  endfacet
  facet normal 0 0 1
    outer loop
      vertex 2.49481 0 1.75
      vertex 12.5 5 1.75
      vertex 2.49481 15 1.75
    endloop
  endfacet
  facet normal 0 0 1
    outer loop
      vertex 12.5 5 1.75
      vertex 2.49481 0 1.75
      vertex 12.5168 4.65694 1.75
    endloop
  endfacet
  facet normal 0 0 1
    outer loop
      vertex 12.5168 4.65694 1.75
      vertex 2.49481 0 1.75
      vertex 12.5672 4.31717 1.75
    endloop
  endfacet
  facet normal 0 0 1
    outer loop
      vertex 12.5672 4.31717 1.75
      vertex 2.49481 0 1.75
      vertex 12.6507 3.98399 1.75
    endloop
  endfacet
  facet normal 0 0 1
    outer loop
      vertex 12.6507 3.98399 1.75
      vertex 2.49481 0 1.75
      vertex 12.7664 3.6606 1.75
    endloop
  endfacet
  facet normal 0 0 1
    outer loop
      vertex 12.7664 3.6606 1.75
      vertex 2.49481 0 1.75
      vertex 12.9133 3.3501 1.75
    endloop
  endfacet
  facet normal 0 0 1
    outer loop
      vertex 12.9133 3.3501 1.75
      vertex 2.49481 0 1.75
      vertex 13.0898 3.0555 1.75
    endloop
  endfacet
  facet normal 0 0 1
    outer loop
      vertex 15.6569 1.51685 1.75
      vertex 2.49481 0 1.75
      vertex 24 0 1.75
    endloop
  endfacet
  facet normal 0 0 1
    outer loop
      vertex 14.984 1.6507 1.75
      vertex 2.49481 0 1.75
      vertex 15.3172 1.56725 1.75
    endloop
  endfacet
  facet normal 0 0 1
    outer loop
      vertex 14.6606 1.76642 1.75
      vertex 2.49481 0 1.75
      vertex 14.984 1.6507 1.75
    endloop
  endfacet
  facet normal 0 0 1
    outer loop
      vertex 14.3501 1.91327 1.75
      vertex 2.49481 0 1.75
      vertex 14.6606 1.76642 1.75
    endloop
  endfacet
  facet normal 0 0 1
    outer loop
      vertex 14.0555 2.08984 1.75
      vertex 2.49481 0 1.75
      vertex 14.3501 1.91327 1.75
    endloop
  endfacet
  facet normal 0 0 1
    outer loop
      vertex 13.7796 2.29445 1.75
      vertex 2.49481 0 1.75
      vertex 14.0555 2.08984 1.75
    endloop
  endfacet
  facet normal 0 0 1
    outer loop
      vertex 13.5251 2.52512 1.75
      vertex 2.49481 0 1.75
      vertex 13.7796 2.29445 1.75
    endloop
  endfacet
  facet normal 0 0 1
    outer loop
      vertex 13.2944 2.77962 1.75
      vertex 2.49481 0 1.75
      vertex 13.5251 2.52512 1.75
    endloop
  endfacet
  facet normal 0 0 1
    outer loop
      vertex 13.0898 3.0555 1.75
      vertex 2.49481 0 1.75
      vertex 13.2944 2.77962 1.75
    endloop
  endfacet
  facet normal 0.146663 -0.989187 0
    outer loop
      vertex 24.196 0.0096283 0
      vertex 24.3902 0.0384216 1.75
      vertex 24.196 0.0096283 1.75
    endloop
  endfacet
  facet normal 0.146663 -0.989187 0
    outer loop
      vertex 24.3902 0.0384216 1.75
      vertex 24.196 0.0096283 0
      vertex 24.3902 0.0384216 0
    endloop
  endfacet
  facet normal 0.242937 -0.970042 0
    outer loop
      vertex 24.3902 0.0384216 0
      vertex 24.5806 0.0861053 1.75
      vertex 24.3902 0.0384216 1.75
    endloop
  endfacet
  facet normal 0.242937 -0.970042 0
    outer loop
      vertex 24.5806 0.0861053 1.75
      vertex 24.3902 0.0384216 0
      vertex 24.5806 0.0861053 0
    endloop
  endfacet
  facet normal 0.336931 -0.941529 0
    outer loop
      vertex 24.5806 0.0861053 0
      vertex 24.7654 0.152237 1.75
      vertex 24.5806 0.0861053 1.75
    endloop
  endfacet
  facet normal 0.336931 -0.941529 0
    outer loop
      vertex 24.7654 0.152237 1.75
      vertex 24.5806 0.0861053 0
      vertex 24.7654 0.152237 0
    endloop
  endfacet
  facet normal 0.427572 -0.903981 0
    outer loop
      vertex 24.7654 0.152237 0
      vertex 24.9428 0.236145 1.75
      vertex 24.7654 0.152237 1.75
    endloop
  endfacet
  facet normal 0.427572 -0.903981 0
    outer loop
      vertex 24.9428 0.236145 1.75
      vertex 24.7654 0.152237 0
      vertex 24.9428 0.236145 0
    endloop
  endfacet
  facet normal 0.514218 -0.857659 0
    outer loop
      vertex 24.9428 0.236145 0
      vertex 25.1111 0.337051 1.75
      vertex 24.9428 0.236145 1.75
    endloop
  endfacet
  facet normal 0.514218 -0.857659 0
    outer loop
      vertex 25.1111 0.337051 1.75
      vertex 24.9428 0.236145 0
      vertex 25.1111 0.337051 0
    endloop
  endfacet
  facet normal 0.59555 -0.803318 0
    outer loop
      vertex 25.1111 0.337051 0
      vertex 25.2688 0.453964 1.75
      vertex 25.1111 0.337051 1.75
    endloop
  endfacet
  facet normal 0.59555 -0.803318 0
    outer loop
      vertex 25.2688 0.453964 1.75
      vertex 25.1111 0.337051 0
      vertex 25.2688 0.453964 0
    endloop
  endfacet
  facet normal 0.671666 -0.740854 0
    outer loop
      vertex 25.2688 0.453964 0
      vertex 25.4142 0.585785 1.75
      vertex 25.2688 0.453964 1.75
    endloop
  endfacet
  facet normal 0.671666 -0.740854 0
    outer loop
      vertex 25.4142 0.585785 1.75
      vertex 25.2688 0.453964 0
      vertex 25.4142 0.585785 0
    endloop
  endfacet
  facet normal 0.740944 -0.671566 0
    outer loop
      vertex 25.4142 0.585785 1.75
      vertex 25.546 0.731201 0
      vertex 25.546 0.731201 1.75
    endloop
  endfacet
  facet normal 0.740944 -0.671566 0
    outer loop
      vertex 25.546 0.731201 0
      vertex 25.4142 0.585785 1.75
      vertex 25.4142 0.585785 0
    endloop
  endfacet
  facet normal 0.803266 -0.59562 0
    outer loop
      vertex 25.546 0.731201 1.75
      vertex 25.6629 0.888855 0
      vertex 25.6629 0.888855 1.75
    endloop
  endfacet
  facet normal 0.803266 -0.59562 0
    outer loop
      vertex 25.6629 0.888855 0
      vertex 25.546 0.731201 1.75
      vertex 25.546 0.731201 0
    endloop
  endfacet
  facet normal 0.857747 -0.514072 0
    outer loop
      vertex 25.6629 0.888855 1.75
      vertex 25.7638 1.05721 0
      vertex 25.7638 1.05721 1.75
    endloop
  endfacet
  facet normal 0.857747 -0.514072 0
    outer loop
      vertex 25.7638 1.05721 0
      vertex 25.6629 0.888855 1.75
      vertex 25.6629 0.888855 0
    endloop
  endfacet
  facet normal 0.904006 -0.427519 0
    outer loop
      vertex 25.7638 1.05721 1.75
      vertex 25.8477 1.23462 0
      vertex 25.8477 1.23462 1.75
    endloop
  endfacet
  facet normal 0.904006 -0.427519 0
    outer loop
      vertex 25.8477 1.23462 0
      vertex 25.7638 1.05721 1.75
      vertex 25.7638 1.05721 0
    endloop
  endfacet
  facet normal 0.941419 -0.33724 0
    outer loop
      vertex 25.8477 1.23462 1.75
      vertex 25.9139 1.41942 0
      vertex 25.9139 1.41942 1.75
    endloop
  endfacet
  facet normal 0.941419 -0.33724 0
    outer loop
      vertex 25.9139 1.41942 0
      vertex 25.8477 1.23462 1.75
      vertex 25.8477 1.23462 0
    endloop
  endfacet
  facet normal 0.970023 -0.243015 0
    outer loop
      vertex 25.9139 1.41942 1.75
      vertex 25.9616 1.60982 0
      vertex 25.9616 1.60982 1.75
    endloop
  endfacet
  facet normal 0.970023 -0.243015 0
    outer loop
      vertex 25.9616 1.60982 0
      vertex 25.9139 1.41942 1.75
      vertex 25.9139 1.41942 0
    endloop
  endfacet
  facet normal 0.989175 -0.146741 0
    outer loop
      vertex 25.9616 1.60982 1.75
      vertex 25.9904 1.80396 0
      vertex 25.9904 1.80396 1.75
    endloop
  endfacet
  facet normal 0.989175 -0.146741 0
    outer loop
      vertex 25.9904 1.80396 0
      vertex 25.9616 1.60982 1.75
      vertex 25.9616 1.60982 0
    endloop
  endfacet
  facet normal 0.998803 -0.048911 0
    outer loop
      vertex 25.9904 1.80396 1.75
      vertex 26 2 0
      vertex 26 2 1.75
    endloop
  endfacet
  facet normal 0.998803 -0.048911 0
    outer loop
      vertex 26 2 0
      vertex 25.9904 1.80396 1.75
      vertex 25.9904 1.80396 0
    endloop
  endfacet
  facet normal 1 -0 0
    outer loop
      vertex 26 2 1.75
      vertex 26 13 0
      vertex 26 13 1.75
    endloop
  endfacet
  facet normal 1 0 0
    outer loop
      vertex 26 13 0
      vertex 26 2 1.75
      vertex 26 2 0
    endloop
  endfacet
  facet normal 0.998803 0.0489209 0
    outer loop
      vertex 26 13 1.75
      vertex 25.9904 13.196 0
      vertex 25.9904 13.196 1.75
    endloop
  endfacet
  facet normal 0.998803 0.0489209 0
    outer loop
      vertex 25.9904 13.196 0
      vertex 26 13 1.75
      vertex 26 13 0
    endloop
  endfacet
  facet normal 0.989182 0.146696 0
    outer loop
      vertex 25.9904 13.196 1.75
      vertex 25.9616 13.3902 0
      vertex 25.9616 13.3902 1.75
    endloop
  endfacet
  facet normal 0.989182 0.146696 0
    outer loop
      vertex 25.9616 13.3902 0
      vertex 25.9904 13.196 1.75
      vertex 25.9904 13.196 0
    endloop
  endfacet
  facet normal 0.970023 0.243015 0
    outer loop
      vertex 25.9616 13.3902 1.75
      vertex 25.9139 13.5806 0
      vertex 25.9139 13.5806 1.75
    endloop
  endfacet
  facet normal 0.970023 0.243015 0
    outer loop
      vertex 25.9139 13.5806 0
      vertex 25.9616 13.3902 1.75
      vertex 25.9616 13.3902 0
    endloop
  endfacet
  facet normal 0.941419 0.33724 0
    outer loop
      vertex 25.9139 13.5806 1.75
      vertex 25.8477 13.7654 0
      vertex 25.8477 13.7654 1.75
    endloop
  endfacet
  facet normal 0.941419 0.33724 0
    outer loop
      vertex 25.8477 13.7654 0
      vertex 25.9139 13.5806 1.75
      vertex 25.9139 13.5806 0
    endloop
  endfacet
  facet normal 0.903997 0.427539 0
    outer loop
      vertex 25.8477 13.7654 1.75
      vertex 25.7638 13.9428 0
      vertex 25.7638 13.9428 1.75
    endloop
  endfacet
  facet normal 0.903997 0.427539 0
    outer loop
      vertex 25.7638 13.9428 0
      vertex 25.8477 13.7654 1.75
      vertex 25.8477 13.7654 0
    endloop
  endfacet
  facet normal 0.857673 0.514196 0
    outer loop
      vertex 25.7638 13.9428 1.75
      vertex 25.6629 14.1111 0
      vertex 25.6629 14.1111 1.75
    endloop
  endfacet
  facet normal 0.857673 0.514196 0
    outer loop
      vertex 25.6629 14.1111 0
      vertex 25.7638 13.9428 1.75
      vertex 25.7638 13.9428 0
    endloop
  endfacet
  facet normal 0.80335 0.595508 0
    outer loop
      vertex 25.6629 14.1111 1.75
      vertex 25.546 14.2688 0
      vertex 25.546 14.2688 1.75
    endloop
  endfacet
  facet normal 0.80335 0.595508 0
    outer loop
      vertex 25.546 14.2688 0
      vertex 25.6629 14.1111 1.75
      vertex 25.6629 14.1111 0
    endloop
  endfacet
  facet normal 0.740908 0.671607 0
    outer loop
      vertex 25.546 14.2688 1.75
      vertex 25.4142 14.4142 0
      vertex 25.4142 14.4142 1.75
    endloop
  endfacet
  facet normal 0.740908 0.671607 0
    outer loop
      vertex 25.4142 14.4142 0
      vertex 25.546 14.2688 1.75
      vertex 25.546 14.2688 0
    endloop
  endfacet
  facet normal 0.671607 0.740908 -0
    outer loop
      vertex 25.4142 14.4142 0
      vertex 25.2688 14.546 1.75
      vertex 25.4142 14.4142 1.75
    endloop
  endfacet
  facet normal 0.671607 0.740908 0
    outer loop
      vertex 25.2688 14.546 1.75
      vertex 25.4142 14.4142 0
      vertex 25.2688 14.546 0
    endloop
  endfacet
  facet normal 0.595508 0.80335 -0
    outer loop
      vertex 25.2688 14.546 0
      vertex 25.1111 14.6629 1.75
      vertex 25.2688 14.546 1.75
    endloop
  endfacet
  facet normal 0.595508 0.80335 0
    outer loop
      vertex 25.1111 14.6629 1.75
      vertex 25.2688 14.546 0
      vertex 25.1111 14.6629 0
    endloop
  endfacet
  facet normal 0.514196 0.857673 -0
    outer loop
      vertex 25.1111 14.6629 0
      vertex 24.9428 14.7638 1.75
      vertex 25.1111 14.6629 1.75
    endloop
  endfacet
  facet normal 0.514196 0.857673 0
    outer loop
      vertex 24.9428 14.7638 1.75
      vertex 25.1111 14.6629 0
      vertex 24.9428 14.7638 0
    endloop
  endfacet
  facet normal 0.427539 0.903997 -0
    outer loop
      vertex 24.9428 14.7638 0
      vertex 24.7654 14.8477 1.75
      vertex 24.9428 14.7638 1.75
    endloop
  endfacet
  facet normal 0.427539 0.903997 0
    outer loop
      vertex 24.7654 14.8477 1.75
      vertex 24.9428 14.7638 0
      vertex 24.7654 14.8477 0
    endloop
  endfacet
  facet normal 0.33724 0.941419 -0
    outer loop
      vertex 24.7654 14.8477 0
      vertex 24.5806 14.9139 1.75
      vertex 24.7654 14.8477 1.75
    endloop
  endfacet
  facet normal 0.33724 0.941419 0
    outer loop
      vertex 24.5806 14.9139 1.75
      vertex 24.7654 14.8477 0
      vertex 24.5806 14.9139 0
    endloop
  endfacet
  facet normal 0.243015 0.970023 -0
    outer loop
      vertex 24.5806 14.9139 0
      vertex 24.3902 14.9616 1.75
      vertex 24.5806 14.9139 1.75
    endloop
  endfacet
  facet normal 0.243015 0.970023 0
    outer loop
      vertex 24.3902 14.9616 1.75
      vertex 24.5806 14.9139 0
      vertex 24.3902 14.9616 0
    endloop
  endfacet
  facet normal 0.146696 0.989182 -0
    outer loop
      vertex 24.3902 14.9616 0
      vertex 24.196 14.9904 1.75
      vertex 24.3902 14.9616 1.75
    endloop
  endfacet
  facet normal 0.146696 0.989182 0
    outer loop
      vertex 24.196 14.9904 1.75
      vertex 24.3902 14.9616 0
      vertex 24.196 14.9904 0
    endloop
  endfacet
  facet normal 0.0489209 0.998803 -0
    outer loop
      vertex 24.196 14.9904 0
      vertex 24 15 1.75
      vertex 24.196 14.9904 1.75
    endloop
  endfacet
  facet normal 0.0489209 0.998803 0
    outer loop
      vertex 24 15 1.75
      vertex 24.196 14.9904 0
      vertex 24 15 0
    endloop
  endfacet
  facet normal 0.0490648 -0.998796 0
    outer loop
      vertex 24 0 0
      vertex 24.196 0.0096283 1.75
      vertex 24 0 1.75
    endloop
  endfacet
  facet normal 0.0490648 -0.998796 0
    outer loop
      vertex 24.196 0.0096283 1.75
      vertex 24 0 0
      vertex 24.196 0.0096283 0
    endloop
  endfacet
  facet normal 0.14676 0.989172 -0
    outer loop
      vertex 15.6569 1.51685 0
      vertex 15.3172 1.56725 1.75
      vertex 15.6569 1.51685 1.75
    endloop
  endfacet
  facet normal 0.14676 0.989172 0
    outer loop
      vertex 15.3172 1.56725 1.75
      vertex 15.6569 1.51685 0
      vertex 15.3172 1.56725 0
    endloop
  endfacet
  facet normal 0.242947 0.97004 -0
    outer loop
      vertex 15.3172 1.56725 0
      vertex 14.984 1.6507 1.75
      vertex 15.3172 1.56725 1.75
    endloop
  endfacet
  facet normal 0.242947 0.97004 0
    outer loop
      vertex 14.984 1.6507 1.75
      vertex 15.3172 1.56725 0
      vertex 14.984 1.6507 0
    endloop
  endfacet
  facet normal 0.336904 0.941539 -0
    outer loop
      vertex 14.984 1.6507 0
      vertex 14.6606 1.76642 1.75
      vertex 14.984 1.6507 1.75
    endloop
  endfacet
  facet normal 0.336904 0.941539 0
    outer loop
      vertex 14.6606 1.76642 1.75
      vertex 14.984 1.6507 0
      vertex 14.6606 1.76642 0
    endloop
  endfacet
  facet normal 0.427542 0.903996 -0
    outer loop
      vertex 14.6606 1.76642 0
      vertex 14.3501 1.91327 1.75
      vertex 14.6606 1.76642 1.75
    endloop
  endfacet
  facet normal 0.427542 0.903996 0
    outer loop
      vertex 14.3501 1.91327 1.75
      vertex 14.6606 1.76642 0
      vertex 14.3501 1.91327 0
    endloop
  endfacet
  facet normal 0.514089 0.857737 -0
    outer loop
      vertex 14.3501 1.91327 0
      vertex 14.0555 2.08984 1.75
      vertex 14.3501 1.91327 1.75
    endloop
  endfacet
  facet normal 0.514089 0.857737 0
    outer loop
      vertex 14.0555 2.08984 1.75
      vertex 14.3501 1.91327 0
      vertex 14.0555 2.08984 0
    endloop
  endfacet
  facet normal 0.595678 0.803223 -0
    outer loop
      vertex 14.0555 2.08984 0
      vertex 13.7796 2.29445 1.75
      vertex 14.0555 2.08984 1.75
    endloop
  endfacet
  facet normal 0.595678 0.803223 0
    outer loop
      vertex 13.7796 2.29445 1.75
      vertex 14.0555 2.08984 0
      vertex 13.7796 2.29445 0
    endloop
  endfacet
  facet normal 0.671566 0.740944 -0
    outer loop
      vertex 13.7796 2.29445 0
      vertex 13.5251 2.52512 1.75
      vertex 13.7796 2.29445 1.75
    endloop
  endfacet
  facet normal 0.671566 0.740944 0
    outer loop
      vertex 13.5251 2.52512 1.75
      vertex 13.7796 2.29445 0
      vertex 13.5251 2.52512 0
    endloop
  endfacet
  facet normal 0.740901 0.671614 0
    outer loop
      vertex 13.5251 2.52512 1.75
      vertex 13.2944 2.77962 0
      vertex 13.2944 2.77962 1.75
    endloop
  endfacet
  facet normal 0.740901 0.671614 0
    outer loop
      vertex 13.2944 2.77962 0
      vertex 13.5251 2.52512 1.75
      vertex 13.5251 2.52512 0
    endloop
  endfacet
  facet normal 0.803217 0.595687 0
    outer loop
      vertex 13.2944 2.77962 1.75
      vertex 13.0898 3.0555 0
      vertex 13.0898 3.0555 1.75
    endloop
  endfacet
  facet normal 0.803217 0.595687 0
    outer loop
      vertex 13.0898 3.0555 0
      vertex 13.2944 2.77962 1.75
      vertex 13.2944 2.77962 0
    endloop
  endfacet
  facet normal 0.857827 0.513939 0
    outer loop
      vertex 13.0898 3.0555 1.75
      vertex 12.9133 3.3501 0
      vertex 12.9133 3.3501 1.75
    endloop
  endfacet
  facet normal 0.857827 0.513939 0
    outer loop
      vertex 12.9133 3.3501 0
      vertex 13.0898 3.0555 1.75
      vertex 13.0898 3.0555 0
    endloop
  endfacet
  facet normal 0.903939 0.427661 0
    outer loop
      vertex 12.9133 3.3501 1.75
      vertex 12.7664 3.6606 0
      vertex 12.7664 3.6606 1.75
    endloop
  endfacet
  facet normal 0.903939 0.427661 0
    outer loop
      vertex 12.7664 3.6606 0
      vertex 12.9133 3.3501 1.75
      vertex 12.9133 3.3501 0
    endloop
  endfacet
  facet normal 0.941554 0.336862 0
    outer loop
      vertex 12.7664 3.6606 1.75
      vertex 12.6507 3.98399 0
      vertex 12.6507 3.98399 1.75
    endloop
  endfacet
  facet normal 0.941554 0.336862 0
    outer loop
      vertex 12.6507 3.98399 0
      vertex 12.7664 3.6606 1.75
      vertex 12.7664 3.6606 0
    endloop
  endfacet
  facet normal 0.970002 0.243097 0
    outer loop
      vertex 12.6507 3.98399 1.75
      vertex 12.5672 4.31717 0
      vertex 12.5672 4.31717 1.75
    endloop
  endfacet
  facet normal 0.970002 0.243097 0
    outer loop
      vertex 12.5672 4.31717 0
      vertex 12.6507 3.98399 1.75
      vertex 12.6507 3.98399 0
    endloop
  endfacet
  facet normal 0.989177 0.14673 0
    outer loop
      vertex 12.5672 4.31717 1.75
      vertex 12.5168 4.65694 0
      vertex 12.5168 4.65694 1.75
    endloop
  endfacet
  facet normal 0.989177 0.14673 0
    outer loop
      vertex 12.5168 4.65694 0
      vertex 12.5672 4.31717 1.75
      vertex 12.5672 4.31717 0
    endloop
  endfacet
  facet normal 0.998803 0.0489124 0
    outer loop
      vertex 12.5168 4.65694 1.75
      vertex 12.5 5 0
      vertex 12.5 5 1.75
    endloop
  endfacet
  facet normal 0.998803 0.0489124 0
    outer loop
      vertex 12.5 5 0
      vertex 12.5168 4.65694 1.75
      vertex 12.5168 4.65694 0
    endloop
  endfacet
  facet normal 1 -0 0
    outer loop
      vertex 12.5 5 1.75
      vertex 12.5 10 0
      vertex 12.5 10 1.75
    endloop
  endfacet
  facet normal 1 0 0
    outer loop
      vertex 12.5 10 0
      vertex 12.5 5 1.75
      vertex 12.5 5 0
    endloop
  endfacet
  facet normal 0.998803 -0.0489209 0
    outer loop
      vertex 12.5 10 1.75
      vertex 12.5168 10.343 0
      vertex 12.5168 10.343 1.75
    endloop
  endfacet
  facet normal 0.998803 -0.0489209 0
    outer loop
      vertex 12.5168 10.343 0
      vertex 12.5 10 1.75
      vertex 12.5 10 0
    endloop
  endfacet
  facet normal 0.989178 -0.146717 0
    outer loop
      vertex 12.5168 10.343 1.75
      vertex 12.5672 10.6828 0
      vertex 12.5672 10.6828 1.75
    endloop
  endfacet
  facet normal 0.989178 -0.146717 0
    outer loop
      vertex 12.5672 10.6828 0
      vertex 12.5168 10.343 1.75
      vertex 12.5168 10.343 0
    endloop
  endfacet
  facet normal 0.970005 -0.243084 0
    outer loop
      vertex 12.5672 10.6828 1.75
      vertex 12.6507 11.016 0
      vertex 12.6507 11.016 1.75
    endloop
  endfacet
  facet normal 0.970005 -0.243084 0
    outer loop
      vertex 12.6507 11.016 0
      vertex 12.5672 10.6828 1.75
      vertex 12.5672 10.6828 0
    endloop
  endfacet
  facet normal 0.941557 -0.336853 0
    outer loop
      vertex 12.6507 11.016 1.75
      vertex 12.7664 11.3394 0
      vertex 12.7664 11.3394 1.75
    endloop
  endfacet
  facet normal 0.941557 -0.336853 0
    outer loop
      vertex 12.7664 11.3394 0
      vertex 12.6507 11.016 1.75
      vertex 12.6507 11.016 0
    endloop
  endfacet
  facet normal 0.903939 -0.427661 0
    outer loop
      vertex 12.7664 11.3394 1.75
      vertex 12.9133 11.6499 0
      vertex 12.9133 11.6499 1.75
    endloop
  endfacet
  facet normal 0.903939 -0.427661 0
    outer loop
      vertex 12.9133 11.6499 0
      vertex 12.7664 11.3394 1.75
      vertex 12.7664 11.3394 0
    endloop
  endfacet
  facet normal 0.857827 -0.513939 0
    outer loop
      vertex 12.9133 11.6499 1.75
      vertex 13.0898 11.9445 0
      vertex 13.0898 11.9445 1.75
    endloop
  endfacet
  facet normal 0.857827 -0.513939 0
    outer loop
      vertex 13.0898 11.9445 0
      vertex 12.9133 11.6499 1.75
      vertex 12.9133 11.6499 0
    endloop
  endfacet
  facet normal 0.803237 -0.595659 0
    outer loop
      vertex 13.0898 11.9445 1.75
      vertex 13.2944 12.2204 0
      vertex 13.2944 12.2204 1.75
    endloop
  endfacet
  facet normal 0.803237 -0.595659 0
    outer loop
      vertex 13.2944 12.2204 0
      vertex 13.0898 11.9445 1.75
      vertex 13.0898 11.9445 0
    endloop
  endfacet
  facet normal 0.740901 -0.671614 0
    outer loop
      vertex 13.2944 12.2204 1.75
      vertex 13.5251 12.4749 0
      vertex 13.5251 12.4749 1.75
    endloop
  endfacet
  facet normal 0.740901 -0.671614 0
    outer loop
      vertex 13.5251 12.4749 0
      vertex 13.2944 12.2204 1.75
      vertex 13.2944 12.2204 0
    endloop
  endfacet
  facet normal 0.671454 -0.741046 0
    outer loop
      vertex 13.5251 12.4749 0
      vertex 13.7796 12.7055 1.75
      vertex 13.5251 12.4749 1.75
    endloop
  endfacet
  facet normal 0.671454 -0.741046 0
    outer loop
      vertex 13.7796 12.7055 1.75
      vertex 13.5251 12.4749 0
      vertex 13.7796 12.7055 0
    endloop
  endfacet
  facet normal 0.595659 -0.803237 0
    outer loop
      vertex 13.7796 12.7055 0
      vertex 14.0555 12.9101 1.75
      vertex 13.7796 12.7055 1.75
    endloop
  endfacet
  facet normal 0.595659 -0.803237 0
    outer loop
      vertex 14.0555 12.9101 1.75
      vertex 13.7796 12.7055 0
      vertex 14.0555 12.9101 0
    endloop
  endfacet
  facet normal 0.514153 -0.857698 0
    outer loop
      vertex 14.0555 12.9101 0
      vertex 14.3501 13.0867 1.75
      vertex 14.0555 12.9101 1.75
    endloop
  endfacet
  facet normal 0.514153 -0.857698 0
    outer loop
      vertex 14.3501 13.0867 1.75
      vertex 14.0555 12.9101 0
      vertex 14.3501 13.0867 0
    endloop
  endfacet
  facet normal 0.427661 -0.903939 0
    outer loop
      vertex 14.3501 13.0867 0
      vertex 14.6606 13.2336 1.75
      vertex 14.3501 13.0867 1.75
    endloop
  endfacet
  facet normal 0.427661 -0.903939 0
    outer loop
      vertex 14.6606 13.2336 1.75
      vertex 14.3501 13.0867 0
      vertex 14.6606 13.2336 0
    endloop
  endfacet
  facet normal 0.336853 -0.941557 0
    outer loop
      vertex 14.6606 13.2336 0
      vertex 14.984 13.3493 1.75
      vertex 14.6606 13.2336 1.75
    endloop
  endfacet
  facet normal 0.336853 -0.941557 0
    outer loop
      vertex 14.984 13.3493 1.75
      vertex 14.6606 13.2336 0
      vertex 14.984 13.3493 0
    endloop
  endfacet
  facet normal 0.24281 -0.970074 0
    outer loop
      vertex 14.984 13.3493 0
      vertex 15.3172 13.4327 1.75
      vertex 14.984 13.3493 1.75
    endloop
  endfacet
  facet normal 0.24281 -0.970074 0
    outer loop
      vertex 15.3172 13.4327 1.75
      vertex 14.984 13.3493 0
      vertex 15.3172 13.4327 0
    endloop
  endfacet
  facet normal 0.14676 -0.989172 0
    outer loop
      vertex 15.3172 13.4327 0
      vertex 15.6569 13.4831 1.75
      vertex 15.3172 13.4327 1.75
    endloop
  endfacet
  facet normal 0.14676 -0.989172 0
    outer loop
      vertex 15.6569 13.4831 1.75
      vertex 15.3172 13.4327 0
      vertex 15.6569 13.4831 0
    endloop
  endfacet
  facet normal 0.0491971 -0.998789 0
    outer loop
      vertex 15.6569 13.4831 0
      vertex 16 13.5 1.75
      vertex 15.6569 13.4831 1.75
    endloop
  endfacet
  facet normal 0.0491971 -0.998789 0
    outer loop
      vertex 16 13.5 1.75
      vertex 15.6569 13.4831 0
      vertex 16 13.5 0
    endloop
  endfacet
  facet normal -0.0492114 -0.998788 0
    outer loop
      vertex 16 13.5 0
      vertex 16.343 13.4831 1.75
      vertex 16 13.5 1.75
    endloop
  endfacet
  facet normal -0.0492114 -0.998788 -0
    outer loop
      vertex 16.343 13.4831 1.75
      vertex 16 13.5 0
      vertex 16.343 13.4831 0
    endloop
  endfacet
  facet normal -0.146717 -0.989178 0
    outer loop
      vertex 16.343 13.4831 0
      vertex 16.6828 13.4327 1.75
      vertex 16.343 13.4831 1.75
    endloop
  endfacet
  facet normal -0.146717 -0.989178 -0
    outer loop
      vertex 16.6828 13.4327 1.75
      vertex 16.343 13.4831 0
      vertex 16.6828 13.4327 0
    endloop
  endfacet
  facet normal -0.24281 -0.970074 0
    outer loop
      vertex 16.6828 13.4327 0
      vertex 17.016 13.3493 1.75
      vertex 16.6828 13.4327 1.75
    endloop
  endfacet
  facet normal -0.24281 -0.970074 -0
    outer loop
      vertex 17.016 13.3493 1.75
      vertex 16.6828 13.4327 0
      vertex 17.016 13.3493 0
    endloop
  endfacet
  facet normal -0.336853 -0.941557 0
    outer loop
      vertex 17.016 13.3493 0
      vertex 17.3394 13.2336 1.75
      vertex 17.016 13.3493 1.75
    endloop
  endfacet
  facet normal -0.336853 -0.941557 -0
    outer loop
      vertex 17.3394 13.2336 1.75
      vertex 17.016 13.3493 0
      vertex 17.3394 13.2336 0
    endloop
  endfacet
  facet normal -0.427661 -0.903939 0
    outer loop
      vertex 17.3394 13.2336 0
      vertex 17.6499 13.0867 1.75
      vertex 17.3394 13.2336 1.75
    endloop
  endfacet
  facet normal -0.427661 -0.903939 -0
    outer loop
      vertex 17.6499 13.0867 1.75
      vertex 17.3394 13.2336 0
      vertex 17.6499 13.0867 0
    endloop
  endfacet
  facet normal -0.514153 -0.857698 0
    outer loop
      vertex 17.6499 13.0867 0
      vertex 17.9445 12.9101 1.75
      vertex 17.6499 13.0867 1.75
    endloop
  endfacet
  facet normal -0.514153 -0.857698 -0
    outer loop
      vertex 17.9445 12.9101 1.75
      vertex 17.6499 13.0867 0
      vertex 17.9445 12.9101 0
    endloop
  endfacet
  facet normal -0.595659 -0.803237 0
    outer loop
      vertex 17.9445 12.9101 0
      vertex 18.2204 12.7055 1.75
      vertex 17.9445 12.9101 1.75
    endloop
  endfacet
  facet normal -0.595659 -0.803237 -0
    outer loop
      vertex 18.2204 12.7055 1.75
      vertex 17.9445 12.9101 0
      vertex 18.2204 12.7055 0
    endloop
  endfacet
  facet normal -0.671454 -0.741046 0
    outer loop
      vertex 18.2204 12.7055 0
      vertex 18.4749 12.4749 1.75
      vertex 18.2204 12.7055 1.75
    endloop
  endfacet
  facet normal -0.671454 -0.741046 -0
    outer loop
      vertex 18.4749 12.4749 1.75
      vertex 18.2204 12.7055 0
      vertex 18.4749 12.4749 0
    endloop
  endfacet
  facet normal -0.741046 -0.671454 0
    outer loop
      vertex 18.7055 12.2204 0
      vertex 18.4749 12.4749 1.75
      vertex 18.4749 12.4749 0
    endloop
  endfacet
  facet normal -0.741046 -0.671454 0
    outer loop
      vertex 18.4749 12.4749 1.75
      vertex 18.7055 12.2204 0
      vertex 18.7055 12.2204 1.75
    endloop
  endfacet
  facet normal -0.803237 -0.595659 0
    outer loop
      vertex 18.9101 11.9445 0
      vertex 18.7055 12.2204 1.75
      vertex 18.7055 12.2204 0
    endloop
  endfacet
  facet normal -0.803237 -0.595659 0
    outer loop
      vertex 18.7055 12.2204 1.75
      vertex 18.9101 11.9445 0
      vertex 18.9101 11.9445 1.75
    endloop
  endfacet
  facet normal -0.857698 -0.514153 0
    outer loop
      vertex 19.0867 11.6499 0
      vertex 18.9101 11.9445 1.75
      vertex 18.9101 11.9445 0
    endloop
  endfacet
  facet normal -0.857698 -0.514153 0
    outer loop
      vertex 18.9101 11.9445 1.75
      vertex 19.0867 11.6499 0
      vertex 19.0867 11.6499 1.75
    endloop
  endfacet
  facet normal -0.903939 -0.427661 0
    outer loop
      vertex 19.2336 11.3394 0
      vertex 19.0867 11.6499 1.75
      vertex 19.0867 11.6499 0
    endloop
  endfacet
  facet normal -0.903939 -0.427661 0
    outer loop
      vertex 19.0867 11.6499 1.75
      vertex 19.2336 11.3394 0
      vertex 19.2336 11.3394 1.75
    endloop
  endfacet
  facet normal -0.941557 -0.336853 0
    outer loop
      vertex 19.3493 11.016 0
      vertex 19.2336 11.3394 1.75
      vertex 19.2336 11.3394 0
    endloop
  endfacet
  facet normal -0.941557 -0.336853 0
    outer loop
      vertex 19.2336 11.3394 1.75
      vertex 19.3493 11.016 0
      vertex 19.3493 11.016 1.75
    endloop
  endfacet
  facet normal -0.970074 -0.24281 0
    outer loop
      vertex 19.4327 10.6828 0
      vertex 19.3493 11.016 1.75
      vertex 19.3493 11.016 0
    endloop
  endfacet
  facet normal -0.970074 -0.24281 0
    outer loop
      vertex 19.3493 11.016 1.75
      vertex 19.4327 10.6828 0
      vertex 19.4327 10.6828 1.75
    endloop
  endfacet
  facet normal -0.989178 -0.146717 0
    outer loop
      vertex 19.4831 10.343 0
      vertex 19.4327 10.6828 1.75
      vertex 19.4327 10.6828 0
    endloop
  endfacet
  facet normal -0.989178 -0.146717 0
    outer loop
      vertex 19.4327 10.6828 1.75
      vertex 19.4831 10.343 0
      vertex 19.4831 10.343 1.75
    endloop
  endfacet
  facet normal -0.998788 -0.0492114 0
    outer loop
      vertex 19.5 10 0
      vertex 19.4831 10.343 1.75
      vertex 19.4831 10.343 0
    endloop
  endfacet
  facet normal -0.998788 -0.0492114 0
    outer loop
      vertex 19.4831 10.343 1.75
      vertex 19.5 10 0
      vertex 19.5 10 1.75
    endloop
  endfacet
  facet normal -1 0 0
    outer loop
      vertex 19.5 5 0
      vertex 19.5 10 1.75
      vertex 19.5 10 0
    endloop
  endfacet
  facet normal -1 -0 0
    outer loop
      vertex 19.5 10 1.75
      vertex 19.5 5 0
      vertex 19.5 5 1.75
    endloop
  endfacet
  facet normal -0.998789 0.0492029 0
    outer loop
      vertex 19.4831 4.65694 0
      vertex 19.5 5 1.75
      vertex 19.5 5 0
    endloop
  endfacet
  facet normal -0.998789 0.0492029 0
    outer loop
      vertex 19.5 5 1.75
      vertex 19.4831 4.65694 0
      vertex 19.4831 4.65694 1.75
    endloop
  endfacet
  facet normal -0.989177 0.14673 0
    outer loop
      vertex 19.4327 4.31717 0
      vertex 19.4831 4.65694 1.75
      vertex 19.4831 4.65694 0
    endloop
  endfacet
  facet normal -0.989177 0.14673 0
    outer loop
      vertex 19.4831 4.65694 1.75
      vertex 19.4327 4.31717 0
      vertex 19.4327 4.31717 1.75
    endloop
  endfacet
  facet normal -0.970071 0.242823 0
    outer loop
      vertex 19.3493 3.98399 0
      vertex 19.4327 4.31717 1.75
      vertex 19.4327 4.31717 0
    endloop
  endfacet
  facet normal -0.970071 0.242823 0
    outer loop
      vertex 19.4327 4.31717 1.75
      vertex 19.3493 3.98399 0
      vertex 19.3493 3.98399 1.75
    endloop
  endfacet
  facet normal -0.941554 0.336862 0
    outer loop
      vertex 19.2336 3.6606 0
      vertex 19.3493 3.98399 1.75
      vertex 19.3493 3.98399 0
    endloop
  endfacet
  facet normal -0.941554 0.336862 0
    outer loop
      vertex 19.3493 3.98399 1.75
      vertex 19.2336 3.6606 0
      vertex 19.2336 3.6606 1.75
    endloop
  endfacet
  facet normal -0.903939 0.427661 0
    outer loop
      vertex 19.0867 3.3501 0
      vertex 19.2336 3.6606 1.75
      vertex 19.2336 3.6606 0
    endloop
  endfacet
  facet normal -0.903939 0.427661 0
    outer loop
      vertex 19.2336 3.6606 1.75
      vertex 19.0867 3.3501 0
      vertex 19.0867 3.3501 1.75
    endloop
  endfacet
  facet normal -0.857698 0.514153 0
    outer loop
      vertex 18.9101 3.0555 0
      vertex 19.0867 3.3501 1.75
      vertex 19.0867 3.3501 0
    endloop
  endfacet
  facet normal -0.857698 0.514153 0
    outer loop
      vertex 19.0867 3.3501 1.75
      vertex 18.9101 3.0555 0
      vertex 18.9101 3.0555 1.75
    endloop
  endfacet
  facet normal -0.803217 0.595687 0
    outer loop
      vertex 18.7055 2.77962 0
      vertex 18.9101 3.0555 1.75
      vertex 18.9101 3.0555 0
    endloop
  endfacet
  facet normal -0.803217 0.595687 0
    outer loop
      vertex 18.9101 3.0555 1.75
      vertex 18.7055 2.77962 0
      vertex 18.7055 2.77962 1.75
    endloop
  endfacet
  facet normal -0.741046 0.671454 0
    outer loop
      vertex 18.4749 2.52512 0
      vertex 18.7055 2.77962 1.75
      vertex 18.7055 2.77962 0
    endloop
  endfacet
  facet normal -0.741046 0.671454 0
    outer loop
      vertex 18.7055 2.77962 1.75
      vertex 18.4749 2.52512 0
      vertex 18.4749 2.52512 1.75
    endloop
  endfacet
  facet normal -0.671566 0.740944 0
    outer loop
      vertex 18.4749 2.52512 0
      vertex 18.2204 2.29445 1.75
      vertex 18.4749 2.52512 1.75
    endloop
  endfacet
  facet normal -0.671566 0.740944 0
    outer loop
      vertex 18.2204 2.29445 1.75
      vertex 18.4749 2.52512 0
      vertex 18.2204 2.29445 0
    endloop
  endfacet
  facet normal -0.595678 0.803223 0
    outer loop
      vertex 18.2204 2.29445 0
      vertex 17.9445 2.08984 1.75
      vertex 18.2204 2.29445 1.75
    endloop
  endfacet
  facet normal -0.595678 0.803223 0
    outer loop
      vertex 17.9445 2.08984 1.75
      vertex 18.2204 2.29445 0
      vertex 17.9445 2.08984 0
    endloop
  endfacet
  facet normal -0.514089 0.857737 0
    outer loop
      vertex 17.9445 2.08984 0
      vertex 17.6499 1.91327 1.75
      vertex 17.9445 2.08984 1.75
    endloop
  endfacet
  facet normal -0.514089 0.857737 0
    outer loop
      vertex 17.6499 1.91327 1.75
      vertex 17.9445 2.08984 0
      vertex 17.6499 1.91327 0
    endloop
  endfacet
  facet normal -0.427542 0.903996 0
    outer loop
      vertex 17.6499 1.91327 0
      vertex 17.3394 1.76642 1.75
      vertex 17.6499 1.91327 1.75
    endloop
  endfacet
  facet normal -0.427542 0.903996 0
    outer loop
      vertex 17.3394 1.76642 1.75
      vertex 17.6499 1.91327 0
      vertex 17.3394 1.76642 0
    endloop
  endfacet
  facet normal -0.336904 0.941539 0
    outer loop
      vertex 17.3394 1.76642 0
      vertex 17.016 1.6507 1.75
      vertex 17.3394 1.76642 1.75
    endloop
  endfacet
  facet normal -0.336904 0.941539 0
    outer loop
      vertex 17.016 1.6507 1.75
      vertex 17.3394 1.76642 0
      vertex 17.016 1.6507 0
    endloop
  endfacet
  facet normal -0.242947 0.97004 0
    outer loop
      vertex 17.016 1.6507 0
      vertex 16.6828 1.56725 1.75
      vertex 17.016 1.6507 1.75
    endloop
  endfacet
  facet normal -0.242947 0.97004 0
    outer loop
      vertex 16.6828 1.56725 1.75
      vertex 17.016 1.6507 0
      vertex 16.6828 1.56725 0
    endloop
  endfacet
  facet normal -0.146717 0.989178 0
    outer loop
      vertex 16.6828 1.56725 0
      vertex 16.343 1.51685 1.75
      vertex 16.6828 1.56725 1.75
    endloop
  endfacet
  facet normal -0.146717 0.989178 0
    outer loop
      vertex 16.343 1.51685 1.75
      vertex 16.6828 1.56725 0
      vertex 16.343 1.51685 0
    endloop
  endfacet
  facet normal -0.0490662 0.998796 0
    outer loop
      vertex 16.343 1.51685 0
      vertex 16 1.5 1.75
      vertex 16.343 1.51685 1.75
    endloop
  endfacet
  facet normal -0.0490662 0.998796 0
    outer loop
      vertex 16 1.5 1.75
      vertex 16.343 1.51685 0
      vertex 16 1.5 0
    endloop
  endfacet
  facet normal 0.0490519 0.998796 -0
    outer loop
      vertex 16 1.5 0
      vertex 15.6569 1.51685 1.75
      vertex 16 1.5 1.75
    endloop
  endfacet
  facet normal 0.0490519 0.998796 0
    outer loop
      vertex 15.6569 1.51685 1.75
      vertex 16 1.5 0
      vertex 15.6569 1.51685 0
    endloop
  endfacet
  facet normal 1 0 0
    outer loop
      vertex 0 15 24
      vertex 0 13.4831 16.343
      vertex 0 13.5 16
    endloop
  endfacet
  facet normal 1 0 0
    outer loop
      vertex 0 15 24
      vertex 0 13.4327 16.6828
      vertex 0 13.4831 16.343
    endloop
  endfacet
  facet normal 1 0 0
    outer loop
      vertex 0 13 26
      vertex 0 13.5806 25.9139
      vertex 0 13.3902 25.9616
    endloop
  endfacet
  facet normal 1 0 0
    outer loop
      vertex 0 15 24
      vertex 0 13.3493 17.016
      vertex 0 13.4327 16.6828
    endloop
  endfacet
  facet normal 1 0 0
    outer loop
      vertex 0 15 24
      vertex 0 13.2336 17.3394
      vertex 0 13.3493 17.016
    endloop
  endfacet
  facet normal 1 0 0
    outer loop
      vertex 0 13 26
      vertex 0 13.3902 25.9616
      vertex 0 13.196 25.9904
    endloop
  endfacet
  facet normal 1 0 0
    outer loop
      vertex 0 15 24
      vertex 0 13.0867 17.6499
      vertex 0 13.2336 17.3394
    endloop
  endfacet
  facet normal 1 0 0
    outer loop
      vertex 0 11.016 19.3493
      vertex 0 15 24
      vertex 0 13 26
    endloop
  endfacet
  facet normal 1 0 0
    outer loop
      vertex 0 15 24
      vertex 0 12.9101 17.9445
      vertex 0 13.0867 17.6499
    endloop
  endfacet
  facet normal 1 0 0
    outer loop
      vertex 0 15 24
      vertex 0 12.7055 18.2204
      vertex 0 12.9101 17.9445
    endloop
  endfacet
  facet normal 1 0 0
    outer loop
      vertex 0 15 24
      vertex 0 12.4749 18.4749
      vertex 0 12.7055 18.2204
    endloop
  endfacet
  facet normal 1 0 0
    outer loop
      vertex 0 15 24
      vertex 0 12.2204 18.7055
      vertex 0 12.4749 18.4749
    endloop
  endfacet
  facet normal 1 0 0
    outer loop
      vertex 0 15 24
      vertex 0 11.9445 18.9101
      vertex 0 12.2204 18.7055
    endloop
  endfacet
  facet normal 1 0 0
    outer loop
      vertex 0 15 24
      vertex 0 11.6499 19.0867
      vertex 0 11.9445 18.9101
    endloop
  endfacet
  facet normal 1 0 0
    outer loop
      vertex 0 15 24
      vertex 0 11.3394 19.2336
      vertex 0 11.6499 19.0867
    endloop
  endfacet
  facet normal 1 0 0
    outer loop
      vertex 0 15 24
      vertex 0 11.016 19.3493
      vertex 0 11.3394 19.2336
    endloop
  endfacet
  facet normal 1 0 0
    outer loop
      vertex 0 13 26
      vertex 0 10.6828 19.4327
      vertex 0 11.016 19.3493
    endloop
  endfacet
  facet normal 1 0 0
    outer loop
      vertex 0 13 26
      vertex 0 10.343 19.4831
      vertex 0 10.6828 19.4327
    endloop
  endfacet
  facet normal 1 0 0
    outer loop
      vertex 0 13 26
      vertex 0 10 19.5
      vertex 0 10.343 19.4831
    endloop
  endfacet
  facet normal 1 0 0
    outer loop
      vertex 0 13 26
      vertex 0 5 19.5
      vertex 0 10 19.5
    endloop
  endfacet
  facet normal 1 -0 0
    outer loop
      vertex 0 2 26
      vertex 0 5 19.5
      vertex 0 13 26
    endloop
  endfacet
  facet normal 1 0 0
    outer loop
      vertex 0 5 19.5
      vertex 0 2 26
      vertex 0 4.65694 19.4831
    endloop
  endfacet
  facet normal 1 0 0
    outer loop
      vertex 0 4.65694 19.4831
      vertex 0 2 26
      vertex 0 4.31717 19.4327
    endloop
  endfacet
  facet normal 1 0 0
    outer loop
      vertex 0 4.31717 19.4327
      vertex 0 2 26
      vertex 0 3.98399 19.3493
    endloop
  endfacet
  facet normal 1 -0 0
    outer loop
      vertex 0 0 24
      vertex 0 3.98399 19.3493
      vertex 0 2 26
    endloop
  endfacet
  facet normal 1 0 0
    outer loop
      vertex 0 3.98399 19.3493
      vertex 0 0 24
      vertex 0 3.6606 19.2336
    endloop
  endfacet
  facet normal 1 0 0
    outer loop
      vertex 0 3.6606 19.2336
      vertex 0 0 24
      vertex 0 3.3501 19.0867
    endloop
  endfacet
  facet normal 1 0 0
    outer loop
      vertex 0 3.3501 19.0867
      vertex 0 0 24
      vertex 0 3.0555 18.9101
    endloop
  endfacet
  facet normal 1 0 0
    outer loop
      vertex 0 3.0555 18.9101
      vertex 0 0 24
      vertex 0 2.77962 18.7055
    endloop
  endfacet
  facet normal 1 0 0
    outer loop
      vertex 0 2.77962 18.7055
      vertex 0 0 24
      vertex 0 2.52512 18.4749
    endloop
  endfacet
  facet normal 1 0 0
    outer loop
      vertex 0 2.52512 18.4749
      vertex 0 0 24
      vertex 0 2.29445 18.2204
    endloop
  endfacet
  facet normal 1 0 0
    outer loop
      vertex 0 2.29445 18.2204
      vertex 0 0 24
      vertex 0 2.08984 17.9445
    endloop
  endfacet
  facet normal 1 0 0
    outer loop
      vertex 0 0 24
      vertex 0 2 26
      vertex 0 1.80396 25.9904
    endloop
  endfacet
  facet normal 1 0 0
    outer loop
      vertex 0 2.08984 17.9445
      vertex 0 0 24
      vertex 0 1.91327 17.6499
    endloop
  endfacet
  facet normal 1 0 0
    outer loop
      vertex 0 1.91327 17.6499
      vertex 0 0 24
      vertex 0 1.76642 17.3394
    endloop
  endfacet
  facet normal 1 0 0
    outer loop
      vertex 0 0 24
      vertex 0 1.80396 25.9904
      vertex 0 1.60982 25.9616
    endloop
  endfacet
  facet normal 1 0 0
    outer loop
      vertex 0 1.76642 17.3394
      vertex 0 0 24
      vertex 0 1.6507 17.016
    endloop
  endfacet
  facet normal 1 0 0
    outer loop
      vertex 0 1.6507 17.016
      vertex 0 0 24
      vertex 0 1.56725 16.6828
    endloop
  endfacet
  facet normal 1 0 0
    outer loop
      vertex 0 1.56725 16.6828
      vertex 0 0 24
      vertex 0 1.51685 16.343
    endloop
  endfacet
  facet normal 1 0 0
    outer loop
      vertex 0 0 24
      vertex 0 1.60982 25.9616
      vertex 0 1.41942 25.9139
    endloop
  endfacet
  facet normal 1 0 0
    outer loop
      vertex 0 13.5806 25.9139
      vertex 0 15 24
      vertex 0 14.9904 24.196
    endloop
  endfacet
  facet normal 1 0 0
    outer loop
      vertex 0 13.5806 25.9139
      vertex 0 14.9904 24.196
      vertex 0 14.9616 24.3902
    endloop
  endfacet
  facet normal 1 0 0
    outer loop
      vertex 0 13.5806 25.9139
      vertex 0 14.9616 24.3902
      vertex 0 14.9139 24.5806
    endloop
  endfacet
  facet normal 1 0 0
    outer loop
      vertex 0 13.5806 25.9139
      vertex 0 14.9139 24.5806
      vertex 0 14.8477 24.7654
    endloop
  endfacet
  facet normal 1 0 0
    outer loop
      vertex 0 13.5806 25.9139
      vertex 0 14.8477 24.7654
      vertex 0 14.7638 24.9428
    endloop
  endfacet
  facet normal 1 0 0
    outer loop
      vertex 0 13.5806 25.9139
      vertex 0 14.7638 24.9428
      vertex 0 14.6629 25.1111
    endloop
  endfacet
  facet normal 1 0 0
    outer loop
      vertex 0 13.5806 25.9139
      vertex 0 14.6629 25.1111
      vertex 0 14.546 25.2688
    endloop
  endfacet
  facet normal 1 0 0
    outer loop
      vertex 0 13.5806 25.9139
      vertex 0 14.546 25.2688
      vertex 0 14.4142 25.4142
    endloop
  endfacet
  facet normal 1 0 0
    outer loop
      vertex 0 13.5806 25.9139
      vertex 0 14.4142 25.4142
      vertex 0 14.2688 25.546
    endloop
  endfacet
  facet normal 1 0 0
    outer loop
      vertex 0 13.5806 25.9139
      vertex 0 14.2688 25.546
      vertex 0 14.1111 25.6629
    endloop
  endfacet
  facet normal 1 0 0
    outer loop
      vertex 0 13.5806 25.9139
      vertex 0 14.1111 25.6629
      vertex 0 13.9428 25.7638
    endloop
  endfacet
  facet normal 1 0 0
    outer loop
      vertex 0 13.5806 25.9139
      vertex 0 13.9428 25.7638
      vertex 0 13.7654 25.8477
    endloop
  endfacet
  facet normal 1 0 0
    outer loop
      vertex 0 13 26
      vertex 0 15 24
      vertex 0 13.5806 25.9139
    endloop
  endfacet
  facet normal 1 0 0
    outer loop
      vertex 0 15 24
      vertex 0 13.5 16
      vertex 0 13.4831 15.6569
    endloop
  endfacet
  facet normal 1 0 0
    outer loop
      vertex 0 15 24
      vertex 0 13.4831 15.6569
      vertex 0 15 3
    endloop
  endfacet
  facet normal 1 -0 0
    outer loop
      vertex 0 13.4327 15.3172
      vertex 0 15 3
      vertex 0 13.4831 15.6569
    endloop
  endfacet
  facet normal 1 -0 0
    outer loop
      vertex 0 13.3493 14.984
      vertex 0 15 3
      vertex 0 13.4327 15.3172
    endloop
  endfacet
  facet normal 1 -0 0
    outer loop
      vertex 0 13.2336 14.6606
      vertex 0 15 3
      vertex 0 13.3493 14.984
    endloop
  endfacet
  facet normal 1 -0 0
    outer loop
      vertex 0 13.0867 14.3501
      vertex 0 15 3
      vertex 0 13.2336 14.6606
    endloop
  endfacet
  facet normal 1 -0 0
    outer loop
      vertex 0 12.9101 14.0555
      vertex 0 15 3
      vertex 0 13.0867 14.3501
    endloop
  endfacet
  facet normal 1 -0 0
    outer loop
      vertex 0 12.7055 13.7796
      vertex 0 15 3
      vertex 0 12.9101 14.0555
    endloop
  endfacet
  facet normal 1 -0 0
    outer loop
      vertex 0 12.4749 13.5251
      vertex 0 15 3
      vertex 0 12.7055 13.7796
    endloop
  endfacet
  facet normal 1 -0 0
    outer loop
      vertex 0 12.2204 13.2944
      vertex 0 15 3
      vertex 0 12.4749 13.5251
    endloop
  endfacet
  facet normal 1 -0 0
    outer loop
      vertex 0 11.9445 13.0898
      vertex 0 15 3
      vertex 0 12.2204 13.2944
    endloop
  endfacet
  facet normal 1 -0 0
    outer loop
      vertex 0 11.6499 12.9133
      vertex 0 15 3
      vertex 0 11.9445 13.0898
    endloop
  endfacet
  facet normal 1 -0 0
    outer loop
      vertex 0 11.3394 12.7664
      vertex 0 15 3
      vertex 0 11.6499 12.9133
    endloop
  endfacet
  facet normal 1 -0 0
    outer loop
      vertex 0 11.016 12.6507
      vertex 0 15 3
      vertex 0 11.3394 12.7664
    endloop
  endfacet
  facet normal 1 -0 0
    outer loop
      vertex 0 10.6828 12.5672
      vertex 0 15 3
      vertex 0 11.016 12.6507
    endloop
  endfacet
  facet normal 1 -0 0
    outer loop
      vertex 0 10.343 12.5168
      vertex 0 15 3
      vertex 0 10.6828 12.5672
    endloop
  endfacet
  facet normal 1 -0 0
    outer loop
      vertex 0 10 12.5
      vertex 0 15 3
      vertex 0 10.343 12.5168
    endloop
  endfacet
  facet normal 1 -0 0
    outer loop
      vertex 0 5 12.5
      vertex 0 15 3
      vertex 0 10 12.5
    endloop
  endfacet
  facet normal 1 0 0
    outer loop
      vertex 0 0 3
      vertex 0 5 12.5
      vertex 0 4.65694 12.5168
    endloop
  endfacet
  facet normal 1 0 0
    outer loop
      vertex 0 0 3
      vertex 0 4.65694 12.5168
      vertex 0 4.31717 12.5672
    endloop
  endfacet
  facet normal 1 0 0
    outer loop
      vertex 0 0 3
      vertex 0 4.31717 12.5672
      vertex 0 3.98399 12.6507
    endloop
  endfacet
  facet normal 1 0 0
    outer loop
      vertex 0 0 3
      vertex 0 3.98399 12.6507
      vertex 0 3.6606 12.7664
    endloop
  endfacet
  facet normal 1 0 0
    outer loop
      vertex 0 0 3
      vertex 0 3.6606 12.7664
      vertex 0 3.3501 12.9133
    endloop
  endfacet
  facet normal 1 0 0
    outer loop
      vertex 0 0 3
      vertex 0 3.3501 12.9133
      vertex 0 3.0555 13.0898
    endloop
  endfacet
  facet normal 1 0 0
    outer loop
      vertex 0 0 3
      vertex 0 3.0555 13.0898
      vertex 0 2.77962 13.2944
    endloop
  endfacet
  facet normal 1 0 0
    outer loop
      vertex 0 0 24
      vertex 0 1.41942 25.9139
      vertex 0 1.23462 25.8477
    endloop
  endfacet
  facet normal 1 0 0
    outer loop
      vertex 0 0 24
      vertex 0 1.23462 25.8477
      vertex 0 1.05721 25.7638
    endloop
  endfacet
  facet normal 1 0 0
    outer loop
      vertex 0 0 24
      vertex 0 1.05721 25.7638
      vertex 0 0.888855 25.6629
    endloop
  endfacet
  facet normal 1 0 0
    outer loop
      vertex 0 1.51685 16.343
      vertex 0 0 24
      vertex 0 1.5 16
    endloop
  endfacet
  facet normal 1 0 0
    outer loop
      vertex 0 0 24
      vertex 0 0.888855 25.6629
      vertex 0 0.731201 25.546
    endloop
  endfacet
  facet normal 1 0 0
    outer loop
      vertex 0 0 24
      vertex 0 0.731201 25.546
      vertex 0 0.585785 25.4142
    endloop
  endfacet
  facet normal 1 0 0
    outer loop
      vertex 0 0 24
      vertex 0 0.585785 25.4142
      vertex 0 0.453964 25.2688
    endloop
  endfacet
  facet normal 1 0 0
    outer loop
      vertex 0 0 24
      vertex 0 0.453964 25.2688
      vertex 0 0.337051 25.1111
    endloop
  endfacet
  facet normal 1 0 0
    outer loop
      vertex 0 0 24
      vertex 0 0.337051 25.1111
      vertex 0 0.236145 24.9428
    endloop
  endfacet
  facet normal 1 0 0
    outer loop
      vertex 0 0 24
      vertex 0 0.236145 24.9428
      vertex 0 0.152237 24.7654
    endloop
  endfacet
  facet normal 1 0 0
    outer loop
      vertex 0 1.5 16
      vertex 0 0 24
      vertex 0 1.51685 15.6569
    endloop
  endfacet
  facet normal 1 0 0
    outer loop
      vertex 0 0 24
      vertex 0 0.152237 24.7654
      vertex 0 0.0861053 24.5806
    endloop
  endfacet
  facet normal 1 0 0
    outer loop
      vertex 0 0 24
      vertex 0 0.0861053 24.5806
      vertex 0 0.0384216 24.3902
    endloop
  endfacet
  facet normal 1 0 0
    outer loop
      vertex 0 0 24
      vertex 0 0.0384216 24.3902
      vertex 0 0.0096283 24.196
    endloop
  endfacet
  facet normal 1 0 0
    outer loop
      vertex 0 0 3
      vertex 0 1.51685 15.6569
      vertex 0 0 24
    endloop
  endfacet
  facet normal 1 0 0
    outer loop
      vertex 0 5 12.5
      vertex 0 0 3
      vertex 0 15 3
    endloop
  endfacet
  facet normal 1 0 0
    outer loop
      vertex 0 2.52512 13.5251
      vertex 0 0 3
      vertex 0 2.77962 13.2944
    endloop
  endfacet
  facet normal 1 0 0
    outer loop
      vertex 0 2.29445 13.7796
      vertex 0 0 3
      vertex 0 2.52512 13.5251
    endloop
  endfacet
  facet normal 1 0 0
    outer loop
      vertex 0 2.08984 14.0555
      vertex 0 0 3
      vertex 0 2.29445 13.7796
    endloop
  endfacet
  facet normal 1 0 0
    outer loop
      vertex 0 1.91327 14.3501
      vertex 0 0 3
      vertex 0 2.08984 14.0555
    endloop
  endfacet
  facet normal 1 0 0
    outer loop
      vertex 0 1.76642 14.6606
      vertex 0 0 3
      vertex 0 1.91327 14.3501
    endloop
  endfacet
  facet normal 1 0 0
    outer loop
      vertex 0 1.6507 14.984
      vertex 0 0 3
      vertex 0 1.76642 14.6606
    endloop
  endfacet
  facet normal 1 0 0
    outer loop
      vertex 0 1.56725 15.3172
      vertex 0 0 3
      vertex 0 1.6507 14.984
    endloop
  endfacet
  facet normal 1 0 0
    outer loop
      vertex 0 1.51685 15.6569
      vertex 0 0 3
      vertex 0 1.56725 15.3172
    endloop
  endfacet
  facet normal -1 0 0
    outer loop
      vertex -1.75 13.4831 15.6569
      vertex -1.75 15 24
      vertex -1.75 15 0
    endloop
  endfacet
  facet normal -1 0 -0
    outer loop
      vertex -1.75 13.5 16
      vertex -1.75 15 24
      vertex -1.75 13.4831 15.6569
    endloop
  endfacet
  facet normal -1 0 0
    outer loop
      vertex -1.75 13.4831 16.343
      vertex -1.75 15 24
      vertex -1.75 13.5 16
    endloop
  endfacet
  facet normal -1 0 0
    outer loop
      vertex -1.75 13.4327 16.6828
      vertex -1.75 15 24
      vertex -1.75 13.4831 16.343
    endloop
  endfacet
  facet normal -1 0 0
    outer loop
      vertex -1.75 13.3493 17.016
      vertex -1.75 15 24
      vertex -1.75 13.4327 16.6828
    endloop
  endfacet
  facet normal -1 0 0
    outer loop
      vertex -1.75 13.0867 17.6499
      vertex -1.75 15 24
      vertex -1.75 13.2336 17.3394
    endloop
  endfacet
  facet normal -1 0 0
    outer loop
      vertex -1.75 12.9101 17.9445
      vertex -1.75 15 24
      vertex -1.75 13.0867 17.6499
    endloop
  endfacet
  facet normal -1 0 0
    outer loop
      vertex -1.75 12.7055 18.2204
      vertex -1.75 15 24
      vertex -1.75 12.9101 17.9445
    endloop
  endfacet
  facet normal -1 0 0
    outer loop
      vertex -1.75 12.4749 18.4749
      vertex -1.75 15 24
      vertex -1.75 12.7055 18.2204
    endloop
  endfacet
  facet normal -1 0 0
    outer loop
      vertex -1.75 12.2204 18.7055
      vertex -1.75 15 24
      vertex -1.75 12.4749 18.4749
    endloop
  endfacet
  facet normal -1 0 0
    outer loop
      vertex -1.75 11.9445 18.9101
      vertex -1.75 15 24
      vertex -1.75 12.2204 18.7055
    endloop
  endfacet
  facet normal -1 0 0
    outer loop
      vertex -1.75 11.6499 19.0867
      vertex -1.75 15 24
      vertex -1.75 11.9445 18.9101
    endloop
  endfacet
  facet normal -1 0 0
    outer loop
      vertex -1.75 11.3394 19.2336
      vertex -1.75 15 24
      vertex -1.75 11.6499 19.0867
    endloop
  endfacet
  facet normal -1 0 0
    outer loop
      vertex -1.75 11.016 19.3493
      vertex -1.75 15 24
      vertex -1.75 11.3394 19.2336
    endloop
  endfacet
  facet normal -1 0 0
    outer loop
      vertex -1.75 13.2336 17.3394
      vertex -1.75 15 24
      vertex -1.75 13.3493 17.016
    endloop
  endfacet
  facet normal -1 0 0
    outer loop
      vertex -1.75 15 0
      vertex -1.75 13.4327 15.3172
      vertex -1.75 13.4831 15.6569
    endloop
  endfacet
  facet normal -1 0 0
    outer loop
      vertex -1.75 15 0
      vertex -1.75 13.3493 14.984
      vertex -1.75 13.4327 15.3172
    endloop
  endfacet
  facet normal -1 0 0
    outer loop
      vertex -1.75 15 0
      vertex -1.75 13.2336 14.6606
      vertex -1.75 13.3493 14.984
    endloop
  endfacet
  facet normal -1 0 0
    outer loop
      vertex -1.75 15 0
      vertex -1.75 13.0867 14.3501
      vertex -1.75 13.2336 14.6606
    endloop
  endfacet
  facet normal -1 0 0
    outer loop
      vertex -1.75 15 0
      vertex -1.75 12.9101 14.0555
      vertex -1.75 13.0867 14.3501
    endloop
  endfacet
  facet normal -1 0 0
    outer loop
      vertex -1.75 15 0
      vertex -1.75 12.7055 13.7796
      vertex -1.75 12.9101 14.0555
    endloop
  endfacet
  facet normal -1 0 0
    outer loop
      vertex -1.75 15 0
      vertex -1.75 12.4749 13.5251
      vertex -1.75 12.7055 13.7796
    endloop
  endfacet
  facet normal -1 0 0
    outer loop
      vertex -1.75 15 0
      vertex -1.75 12.2204 13.2944
      vertex -1.75 12.4749 13.5251
    endloop
  endfacet
  facet normal -1 0 0
    outer loop
      vertex -1.75 15 0
      vertex -1.75 11.9445 13.0898
      vertex -1.75 12.2204 13.2944
    endloop
  endfacet
  facet normal -1 0 0
    outer loop
      vertex -1.75 15 0
      vertex -1.75 11.6499 12.9133
      vertex -1.75 11.9445 13.0898
    endloop
  endfacet
  facet normal -1 0 0
    outer loop
      vertex -1.75 15 0
      vertex -1.75 11.3394 12.7664
      vertex -1.75 11.6499 12.9133
    endloop
  endfacet
  facet normal -1 0 0
    outer loop
      vertex -1.75 15 0
      vertex -1.75 11.016 12.6507
      vertex -1.75 11.3394 12.7664
    endloop
  endfacet
  facet normal -1 0 0
    outer loop
      vertex -1.75 15 0
      vertex -1.75 10.6828 12.5672
      vertex -1.75 11.016 12.6507
    endloop
  endfacet
  facet normal -1 0 0
    outer loop
      vertex -1.75 15 0
      vertex -1.75 10.343 12.5168
      vertex -1.75 10.6828 12.5672
    endloop
  endfacet
  facet normal -1 0 0
    outer loop
      vertex -1.75 15 0
      vertex -1.75 10 12.5
      vertex -1.75 10.343 12.5168
    endloop
  endfacet
  facet normal -1 0 0
    outer loop
      vertex -1.75 15 0
      vertex -1.75 5 12.5
      vertex -1.75 10 12.5
    endloop
  endfacet
  facet normal -1 0 0
    outer loop
      vertex -1.75 0 0
      vertex -1.75 5 12.5
      vertex -1.75 15 0
    endloop
  endfacet
  facet normal -1 -0 0
    outer loop
      vertex -1.75 5 12.5
      vertex -1.75 0 0
      vertex -1.75 4.65694 12.5168
    endloop
  endfacet
  facet normal -1 -0 0
    outer loop
      vertex -1.75 4.65694 12.5168
      vertex -1.75 0 0
      vertex -1.75 4.31717 12.5672
    endloop
  endfacet
  facet normal -1 -0 0
    outer loop
      vertex -1.75 4.31717 12.5672
      vertex -1.75 0 0
      vertex -1.75 3.98399 12.6507
    endloop
  endfacet
  facet normal -1 -0 0
    outer loop
      vertex -1.75 3.98399 12.6507
      vertex -1.75 0 0
      vertex -1.75 3.6606 12.7664
    endloop
  endfacet
  facet normal -1 -0 0
    outer loop
      vertex -1.75 3.6606 12.7664
      vertex -1.75 0 0
      vertex -1.75 3.3501 12.9133
    endloop
  endfacet
  facet normal -1 -0 0
    outer loop
      vertex -1.75 3.3501 12.9133
      vertex -1.75 0 0
      vertex -1.75 3.0555 13.0898
    endloop
  endfacet
  facet normal -1 -0 0
    outer loop
      vertex -1.75 3.0555 13.0898
      vertex -1.75 0 0
      vertex -1.75 2.77962 13.2944
    endloop
  endfacet
  facet normal -1 0 0
    outer loop
      vertex -1.75 2 26
      vertex -1.75 1.23462 25.8477
      vertex -1.75 1.41942 25.9139
    endloop
  endfacet
  facet normal -1 0 0
    outer loop
      vertex -1.75 1.51685 16.343
      vertex -1.75 0 24
      vertex -1.75 1.23462 25.8477
    endloop
  endfacet
  facet normal -1 0 0
    outer loop
      vertex -1.75 1.23462 25.8477
      vertex -1.75 0 24
      vertex -1.75 1.05721 25.7638
    endloop
  endfacet
  facet normal -1 0 0
    outer loop
      vertex -1.75 0 24
      vertex -1.75 1.5 16
      vertex -1.75 1.51685 15.6569
    endloop
  endfacet
  facet normal -1 0 0
    outer loop
      vertex -1.75 1.05721 25.7638
      vertex -1.75 0 24
      vertex -1.75 0.888855 25.6629
    endloop
  endfacet
  facet normal -1 0 0
    outer loop
      vertex -1.75 0.888855 25.6629
      vertex -1.75 0 24
      vertex -1.75 0.731201 25.546
    endloop
  endfacet
  facet normal -1 0 0
    outer loop
      vertex -1.75 0.731201 25.546
      vertex -1.75 0 24
      vertex -1.75 0.585785 25.4142
    endloop
  endfacet
  facet normal -1 0 0
    outer loop
      vertex -1.75 0.585785 25.4142
      vertex -1.75 0 24
      vertex -1.75 0.453964 25.2688
    endloop
  endfacet
  facet normal -1 0 0
    outer loop
      vertex -1.75 0.453964 25.2688
      vertex -1.75 0 24
      vertex -1.75 0.337051 25.1111
    endloop
  endfacet
  facet normal -1 0 0
    outer loop
      vertex -1.75 0.337051 25.1111
      vertex -1.75 0 24
      vertex -1.75 0.236145 24.9428
    endloop
  endfacet
  facet normal -1 0 0
    outer loop
      vertex -1.75 0 0
      vertex -1.75 1.51685 15.6569
      vertex -1.75 1.56725 15.3172
    endloop
  endfacet
  facet normal -1 0 0
    outer loop
      vertex -1.75 0.236145 24.9428
      vertex -1.75 0 24
      vertex -1.75 0.152237 24.7654
    endloop
  endfacet
  facet normal -1 0 0
    outer loop
      vertex -1.75 0.152237 24.7654
      vertex -1.75 0 24
      vertex -1.75 0.0861053 24.5806
    endloop
  endfacet
  facet normal -1 0 0
    outer loop
      vertex -1.75 0.0861053 24.5806
      vertex -1.75 0 24
      vertex -1.75 0.0384216 24.3902
    endloop
  endfacet
  facet normal -1 -0 0
    outer loop
      vertex -1.75 2.77962 13.2944
      vertex -1.75 0 0
      vertex -1.75 2.52512 13.5251
    endloop
  endfacet
  facet normal -1 0 0
    outer loop
      vertex -1.75 0 0
      vertex -1.75 2.29445 13.7796
      vertex -1.75 2.52512 13.5251
    endloop
  endfacet
  facet normal -1 0 0
    outer loop
      vertex -1.75 0 0
      vertex -1.75 2.08984 14.0555
      vertex -1.75 2.29445 13.7796
    endloop
  endfacet
  facet normal -1 0 0
    outer loop
      vertex -1.75 0 0
      vertex -1.75 1.91327 14.3501
      vertex -1.75 2.08984 14.0555
    endloop
  endfacet
  facet normal -1 0 0
    outer loop
      vertex -1.75 0 0
      vertex -1.75 1.76642 14.6606
      vertex -1.75 1.91327 14.3501
    endloop
  endfacet
  facet normal -1 0 0
    outer loop
      vertex -1.75 0 0
      vertex -1.75 1.6507 14.984
      vertex -1.75 1.76642 14.6606
    endloop
  endfacet
  facet normal -1 0 0
    outer loop
      vertex -1.75 0 0
      vertex -1.75 1.56725 15.3172
      vertex -1.75 1.6507 14.984
    endloop
  endfacet
  facet normal -1 -0 0
    outer loop
      vertex -1.75 1.51685 15.6569
      vertex -1.75 0 0
      vertex -1.75 0 24
    endloop
  endfacet
  facet normal -1 0 0
    outer loop
      vertex -1.75 0.0384216 24.3902
      vertex -1.75 0 24
      vertex -1.75 0.0096283 24.196
    endloop
  endfacet
  facet normal -1 0 -0
    outer loop
      vertex -1.75 13 26
      vertex -1.75 15 24
      vertex -1.75 11.016 19.3493
    endloop
  endfacet
  facet normal -1 0 0
    outer loop
      vertex -1.75 15 24
      vertex -1.75 13 26
      vertex -1.75 14.9904 24.196
    endloop
  endfacet
  facet normal -1 0 0
    outer loop
      vertex -1.75 14.9904 24.196
      vertex -1.75 13 26
      vertex -1.75 14.9616 24.3902
    endloop
  endfacet
  facet normal -1 0 0
    outer loop
      vertex -1.75 14.9616 24.3902
      vertex -1.75 13 26
      vertex -1.75 14.9139 24.5806
    endloop
  endfacet
  facet normal -1 0 0
    outer loop
      vertex -1.75 14.9139 24.5806
      vertex -1.75 13 26
      vertex -1.75 14.8477 24.7654
    endloop
  endfacet
  facet normal -1 0 0
    outer loop
      vertex -1.75 14.8477 24.7654
      vertex -1.75 13 26
      vertex -1.75 14.7638 24.9428
    endloop
  endfacet
  facet normal -1 0 0
    outer loop
      vertex -1.75 14.6629 25.1111
      vertex -1.75 13 26
      vertex -1.75 14.546 25.2688
    endloop
  endfacet
  facet normal -1 0 0
    outer loop
      vertex -1.75 14.546 25.2688
      vertex -1.75 13 26
      vertex -1.75 14.4142 25.4142
    endloop
  endfacet
  facet normal -1 0 0
    outer loop
      vertex -1.75 14.4142 25.4142
      vertex -1.75 13 26
      vertex -1.75 14.2688 25.546
    endloop
  endfacet
  facet normal -1 0 0
    outer loop
      vertex -1.75 14.2688 25.546
      vertex -1.75 13 26
      vertex -1.75 14.1111 25.6629
    endloop
  endfacet
  facet normal -1 0 0
    outer loop
      vertex -1.75 14.1111 25.6629
      vertex -1.75 13 26
      vertex -1.75 13.9428 25.7638
    endloop
  endfacet
  facet normal -1 0 0
    outer loop
      vertex -1.75 13.9428 25.7638
      vertex -1.75 13 26
      vertex -1.75 13.7654 25.8477
    endloop
  endfacet
  facet normal -1 0 0
    outer loop
      vertex -1.75 13.7654 25.8477
      vertex -1.75 13 26
      vertex -1.75 13.5806 25.9139
    endloop
  endfacet
  facet normal -1 0 0
    outer loop
      vertex -1.75 13.5806 25.9139
      vertex -1.75 13 26
      vertex -1.75 13.3902 25.9616
    endloop
  endfacet
  facet normal -1 0 0
    outer loop
      vertex -1.75 13.3902 25.9616
      vertex -1.75 13 26
      vertex -1.75 13.196 25.9904
    endloop
  endfacet
  facet normal -1 0 0
    outer loop
      vertex -1.75 14.7638 24.9428
      vertex -1.75 13 26
      vertex -1.75 14.6629 25.1111
    endloop
  endfacet
  facet normal -1 0 0
    outer loop
      vertex -1.75 10.6828 19.4327
      vertex -1.75 13 26
      vertex -1.75 11.016 19.3493
    endloop
  endfacet
  facet normal -1 0 0
    outer loop
      vertex -1.75 10.343 19.4831
      vertex -1.75 13 26
      vertex -1.75 10.6828 19.4327
    endloop
  endfacet
  facet normal -1 0 0
    outer loop
      vertex -1.75 10 19.5
      vertex -1.75 13 26
      vertex -1.75 10.343 19.4831
    endloop
  endfacet
  facet normal -1 0 0
    outer loop
      vertex -1.75 5 19.5
      vertex -1.75 13 26
      vertex -1.75 10 19.5
    endloop
  endfacet
  facet normal -1 0 0
    outer loop
      vertex -1.75 2 26
      vertex -1.75 5 19.5
      vertex -1.75 4.65694 19.4831
    endloop
  endfacet
  facet normal -1 0 0
    outer loop
      vertex -1.75 2 26
      vertex -1.75 4.65694 19.4831
      vertex -1.75 4.31717 19.4327
    endloop
  endfacet
  facet normal -1 0 0
    outer loop
      vertex -1.75 2 26
      vertex -1.75 4.31717 19.4327
      vertex -1.75 3.98399 19.3493
    endloop
  endfacet
  facet normal -1 0 0
    outer loop
      vertex -1.75 2 26
      vertex -1.75 3.98399 19.3493
      vertex -1.75 3.6606 19.2336
    endloop
  endfacet
  facet normal -1 0 0
    outer loop
      vertex -1.75 1.23462 25.8477
      vertex -1.75 3.6606 19.2336
      vertex -1.75 3.3501 19.0867
    endloop
  endfacet
  facet normal -1 0 0
    outer loop
      vertex -1.75 1.23462 25.8477
      vertex -1.75 3.3501 19.0867
      vertex -1.75 3.0555 18.9101
    endloop
  endfacet
  facet normal -1 0 0
    outer loop
      vertex -1.75 5 19.5
      vertex -1.75 2 26
      vertex -1.75 13 26
    endloop
  endfacet
  facet normal -1 0 0
    outer loop
      vertex -1.75 1.23462 25.8477
      vertex -1.75 3.0555 18.9101
      vertex -1.75 2.77962 18.7055
    endloop
  endfacet
  facet normal -1 0 0
    outer loop
      vertex -1.75 1.23462 25.8477
      vertex -1.75 2.77962 18.7055
      vertex -1.75 2.52512 18.4749
    endloop
  endfacet
  facet normal -1 0 0
    outer loop
      vertex -1.75 1.23462 25.8477
      vertex -1.75 2.52512 18.4749
      vertex -1.75 2.29445 18.2204
    endloop
  endfacet
  facet normal -1 0 0
    outer loop
      vertex -1.75 1.23462 25.8477
      vertex -1.75 2.29445 18.2204
      vertex -1.75 2.08984 17.9445
    endloop
  endfacet
  facet normal -1 0 0
    outer loop
      vertex -1.75 1.23462 25.8477
      vertex -1.75 2.08984 17.9445
      vertex -1.75 1.91327 17.6499
    endloop
  endfacet
  facet normal -1 0 0
    outer loop
      vertex -1.75 1.23462 25.8477
      vertex -1.75 2 26
      vertex -1.75 3.6606 19.2336
    endloop
  endfacet
  facet normal -1 0 0
    outer loop
      vertex -1.75 1.23462 25.8477
      vertex -1.75 1.91327 17.6499
      vertex -1.75 1.76642 17.3394
    endloop
  endfacet
  facet normal -1 0 0
    outer loop
      vertex -1.75 1.23462 25.8477
      vertex -1.75 1.76642 17.3394
      vertex -1.75 1.6507 17.016
    endloop
  endfacet
  facet normal -1 0 0
    outer loop
      vertex -1.75 2 26
      vertex -1.75 1.41942 25.9139
      vertex -1.75 1.80396 25.9904
    endloop
  endfacet
  facet normal -1 0 0
    outer loop
      vertex -1.75 1.23462 25.8477
      vertex -1.75 1.6507 17.016
      vertex -1.75 1.56725 16.6828
    endloop
  endfacet
  facet normal -1 0 0
    outer loop
      vertex -1.75 1.23462 25.8477
      vertex -1.75 1.56725 16.6828
      vertex -1.75 1.51685 16.343
    endloop
  endfacet
  facet normal -1 0 0
    outer loop
      vertex -1.75 0 24
      vertex -1.75 1.51685 16.343
      vertex -1.75 1.5 16
    endloop
  endfacet
  facet normal -1 0 0
    outer loop
      vertex -1.75 1.80396 25.9904
      vertex -1.75 1.41942 25.9139
      vertex -1.75 1.60982 25.9616
    endloop
  endfacet
  facet normal 0 -0.989187 0.146663
    outer loop
      vertex -1.75 0.0096283 24.196
      vertex 0 0.0384216 24.3902
      vertex -1.75 0.0384216 24.3902
    endloop
  endfacet
  facet normal 0 -0.989187 0.146663
    outer loop
      vertex 0 0.0384216 24.3902
      vertex -1.75 0.0096283 24.196
      vertex 0 0.0096283 24.196
    endloop
  endfacet
  facet normal 0 -0.970042 0.242937
    outer loop
      vertex -1.75 0.0384216 24.3902
      vertex 0 0.0861053 24.5806
      vertex -1.75 0.0861053 24.5806
    endloop
  endfacet
  facet normal 0 -0.970042 0.242937
    outer loop
      vertex 0 0.0861053 24.5806
      vertex -1.75 0.0384216 24.3902
      vertex 0 0.0384216 24.3902
    endloop
  endfacet
  facet normal 0 -0.941529 0.336931
    outer loop
      vertex -1.75 0.0861053 24.5806
      vertex 0 0.152237 24.7654
      vertex -1.75 0.152237 24.7654
    endloop
  endfacet
  facet normal 0 -0.941529 0.336931
    outer loop
      vertex 0 0.152237 24.7654
      vertex -1.75 0.0861053 24.5806
      vertex 0 0.0861053 24.5806
    endloop
  endfacet
  facet normal 0 -0.903981 0.427572
    outer loop
      vertex -1.75 0.152237 24.7654
      vertex 0 0.236145 24.9428
      vertex -1.75 0.236145 24.9428
    endloop
  endfacet
  facet normal 0 -0.903981 0.427572
    outer loop
      vertex 0 0.236145 24.9428
      vertex -1.75 0.152237 24.7654
      vertex 0 0.152237 24.7654
    endloop
  endfacet
  facet normal 0 -0.857659 0.514218
    outer loop
      vertex -1.75 0.236145 24.9428
      vertex 0 0.337051 25.1111
      vertex -1.75 0.337051 25.1111
    endloop
  endfacet
  facet normal 0 -0.857659 0.514218
    outer loop
      vertex 0 0.337051 25.1111
      vertex -1.75 0.236145 24.9428
      vertex 0 0.236145 24.9428
    endloop
  endfacet
  facet normal 0 -0.803318 0.59555
    outer loop
      vertex -1.75 0.337051 25.1111
      vertex 0 0.453964 25.2688
      vertex -1.75 0.453964 25.2688
    endloop
  endfacet
  facet normal 0 -0.803318 0.59555
    outer loop
      vertex 0 0.453964 25.2688
      vertex -1.75 0.337051 25.1111
      vertex 0 0.337051 25.1111
    endloop
  endfacet
  facet normal 0 -0.740854 0.671666
    outer loop
      vertex -1.75 0.453964 25.2688
      vertex 0 0.585785 25.4142
      vertex -1.75 0.585785 25.4142
    endloop
  endfacet
  facet normal 0 -0.740854 0.671666
    outer loop
      vertex 0 0.585785 25.4142
      vertex -1.75 0.453964 25.2688
      vertex 0 0.453964 25.2688
    endloop
  endfacet
  facet normal 0 -0.671566 0.740944
    outer loop
      vertex -1.75 0.731201 25.546
      vertex 0 0.585785 25.4142
      vertex 0 0.731201 25.546
    endloop
  endfacet
  facet normal 0 -0.671566 0.740944
    outer loop
      vertex 0 0.585785 25.4142
      vertex -1.75 0.731201 25.546
      vertex -1.75 0.585785 25.4142
    endloop
  endfacet
  facet normal 0 -0.59562 0.803266
    outer loop
      vertex -1.75 0.888855 25.6629
      vertex 0 0.731201 25.546
      vertex 0 0.888855 25.6629
    endloop
  endfacet
  facet normal 0 -0.59562 0.803266
    outer loop
      vertex 0 0.731201 25.546
      vertex -1.75 0.888855 25.6629
      vertex -1.75 0.731201 25.546
    endloop
  endfacet
  facet normal 0 -0.514072 0.857747
    outer loop
      vertex -1.75 1.05721 25.7638
      vertex 0 0.888855 25.6629
      vertex 0 1.05721 25.7638
    endloop
  endfacet
  facet normal 0 -0.514072 0.857747
    outer loop
      vertex 0 0.888855 25.6629
      vertex -1.75 1.05721 25.7638
      vertex -1.75 0.888855 25.6629
    endloop
  endfacet
  facet normal 0 -0.427519 0.904006
    outer loop
      vertex -1.75 1.23462 25.8477
      vertex 0 1.05721 25.7638
      vertex 0 1.23462 25.8477
    endloop
  endfacet
  facet normal 0 -0.427519 0.904006
    outer loop
      vertex 0 1.05721 25.7638
      vertex -1.75 1.23462 25.8477
      vertex -1.75 1.05721 25.7638
    endloop
  endfacet
  facet normal 0 -0.33724 0.941419
    outer loop
      vertex -1.75 1.41942 25.9139
      vertex 0 1.23462 25.8477
      vertex 0 1.41942 25.9139
    endloop
  endfacet
  facet normal 0 -0.33724 0.941419
    outer loop
      vertex 0 1.23462 25.8477
      vertex -1.75 1.41942 25.9139
      vertex -1.75 1.23462 25.8477
    endloop
  endfacet
  facet normal 0 -0.243015 0.970023
    outer loop
      vertex -1.75 1.60982 25.9616
      vertex 0 1.41942 25.9139
      vertex 0 1.60982 25.9616
    endloop
  endfacet
  facet normal 0 -0.243015 0.970023
    outer loop
      vertex 0 1.41942 25.9139
      vertex -1.75 1.60982 25.9616
      vertex -1.75 1.41942 25.9139
    endloop
  endfacet
  facet normal 0 -0.146741 0.989175
    outer loop
      vertex -1.75 1.80396 25.9904
      vertex 0 1.60982 25.9616
      vertex 0 1.80396 25.9904
    endloop
  endfacet
  facet normal 0 -0.146741 0.989175
    outer loop
      vertex 0 1.60982 25.9616
      vertex -1.75 1.80396 25.9904
      vertex -1.75 1.60982 25.9616
    endloop
  endfacet
  facet normal 0 -0.048911 0.998803
    outer loop
      vertex -1.75 2 26
      vertex 0 1.80396 25.9904
      vertex 0 2 26
    endloop
  endfacet
  facet normal 0 -0.048911 0.998803
    outer loop
      vertex 0 1.80396 25.9904
      vertex -1.75 2 26
      vertex -1.75 1.80396 25.9904
    endloop
  endfacet
  facet normal -0 0 1
    outer loop
      vertex -1.75 13 26
      vertex 0 2 26
      vertex 0 13 26
    endloop
  endfacet
  facet normal 0 0 1
    outer loop
      vertex 0 2 26
      vertex -1.75 13 26
      vertex -1.75 2 26
    endloop
  endfacet
  facet normal -0 0.0489209 0.998803
    outer loop
      vertex -1.75 13.196 25.9904
      vertex 0 13 26
      vertex 0 13.196 25.9904
    endloop
  endfacet
  facet normal 0 0.0489209 0.998803
    outer loop
      vertex 0 13 26
      vertex -1.75 13.196 25.9904
      vertex -1.75 13 26
    endloop
  endfacet
  facet normal -0 0.146696 0.989182
    outer loop
      vertex -1.75 13.3902 25.9616
      vertex 0 13.196 25.9904
      vertex 0 13.3902 25.9616
    endloop
  endfacet
  facet normal 0 0.146696 0.989182
    outer loop
      vertex 0 13.196 25.9904
      vertex -1.75 13.3902 25.9616
      vertex -1.75 13.196 25.9904
    endloop
  endfacet
  facet normal -0 0.243015 0.970023
    outer loop
      vertex -1.75 13.5806 25.9139
      vertex 0 13.3902 25.9616
      vertex 0 13.5806 25.9139
    endloop
  endfacet
  facet normal 0 0.243015 0.970023
    outer loop
      vertex 0 13.3902 25.9616
      vertex -1.75 13.5806 25.9139
      vertex -1.75 13.3902 25.9616
    endloop
  endfacet
  facet normal -0 0.33724 0.941419
    outer loop
      vertex -1.75 13.7654 25.8477
      vertex 0 13.5806 25.9139
      vertex 0 13.7654 25.8477
    endloop
  endfacet
  facet normal 0 0.33724 0.941419
    outer loop
      vertex 0 13.5806 25.9139
      vertex -1.75 13.7654 25.8477
      vertex -1.75 13.5806 25.9139
    endloop
  endfacet
  facet normal -0 0.427539 0.903997
    outer loop
      vertex -1.75 13.9428 25.7638
      vertex 0 13.7654 25.8477
      vertex 0 13.9428 25.7638
    endloop
  endfacet
  facet normal 0 0.427539 0.903997
    outer loop
      vertex 0 13.7654 25.8477
      vertex -1.75 13.9428 25.7638
      vertex -1.75 13.7654 25.8477
    endloop
  endfacet
  facet normal -0 0.514196 0.857673
    outer loop
      vertex -1.75 14.1111 25.6629
      vertex 0 13.9428 25.7638
      vertex 0 14.1111 25.6629
    endloop
  endfacet
  facet normal 0 0.514196 0.857673
    outer loop
      vertex 0 13.9428 25.7638
      vertex -1.75 14.1111 25.6629
      vertex -1.75 13.9428 25.7638
    endloop
  endfacet
  facet normal -0 0.595508 0.80335
    outer loop
      vertex -1.75 14.2688 25.546
      vertex 0 14.1111 25.6629
      vertex 0 14.2688 25.546
    endloop
  endfacet
  facet normal 0 0.595508 0.80335
    outer loop
      vertex 0 14.1111 25.6629
      vertex -1.75 14.2688 25.546
      vertex -1.75 14.1111 25.6629
    endloop
  endfacet
  facet normal -0 0.671607 0.740908
    outer loop
      vertex -1.75 14.4142 25.4142
      vertex 0 14.2688 25.546
      vertex 0 14.4142 25.4142
    endloop
  endfacet
  facet normal 0 0.671607 0.740908
    outer loop
      vertex 0 14.2688 25.546
      vertex -1.75 14.4142 25.4142
      vertex -1.75 14.2688 25.546
    endloop
  endfacet
  facet normal 0 0.740908 0.671607
    outer loop
      vertex 0 14.546 25.2688
      vertex -1.75 14.4142 25.4142
      vertex 0 14.4142 25.4142
    endloop
  endfacet
  facet normal 0 0.740908 0.671607
    outer loop
      vertex -1.75 14.4142 25.4142
      vertex 0 14.546 25.2688
      vertex -1.75 14.546 25.2688
    endloop
  endfacet
  facet normal 0 0.80335 0.595508
    outer loop
      vertex 0 14.6629 25.1111
      vertex -1.75 14.546 25.2688
      vertex 0 14.546 25.2688
    endloop
  endfacet
  facet normal 0 0.80335 0.595508
    outer loop
      vertex -1.75 14.546 25.2688
      vertex 0 14.6629 25.1111
      vertex -1.75 14.6629 25.1111
    endloop
  endfacet
  facet normal 0 0.857673 0.514196
    outer loop
      vertex 0 14.7638 24.9428
      vertex -1.75 14.6629 25.1111
      vertex 0 14.6629 25.1111
    endloop
  endfacet
  facet normal 0 0.857673 0.514196
    outer loop
      vertex -1.75 14.6629 25.1111
      vertex 0 14.7638 24.9428
      vertex -1.75 14.7638 24.9428
    endloop
  endfacet
  facet normal 0 0.903997 0.427539
    outer loop
      vertex 0 14.8477 24.7654
      vertex -1.75 14.7638 24.9428
      vertex 0 14.7638 24.9428
    endloop
  endfacet
  facet normal 0 0.903997 0.427539
    outer loop
      vertex -1.75 14.7638 24.9428
      vertex 0 14.8477 24.7654
      vertex -1.75 14.8477 24.7654
    endloop
  endfacet
  facet normal 0 0.941419 0.33724
    outer loop
      vertex 0 14.9139 24.5806
      vertex -1.75 14.8477 24.7654
      vertex 0 14.8477 24.7654
    endloop
  endfacet
  facet normal 0 0.941419 0.33724
    outer loop
      vertex -1.75 14.8477 24.7654
      vertex 0 14.9139 24.5806
      vertex -1.75 14.9139 24.5806
    endloop
  endfacet
  facet normal 0 0.970023 0.243015
    outer loop
      vertex 0 14.9616 24.3902
      vertex -1.75 14.9139 24.5806
      vertex 0 14.9139 24.5806
    endloop
  endfacet
  facet normal 0 0.970023 0.243015
    outer loop
      vertex -1.75 14.9139 24.5806
      vertex 0 14.9616 24.3902
      vertex -1.75 14.9616 24.3902
    endloop
  endfacet
  facet normal 0 0.989182 0.146696
    outer loop
      vertex 0 14.9904 24.196
      vertex -1.75 14.9616 24.3902
      vertex 0 14.9616 24.3902
    endloop
  endfacet
  facet normal 0 0.989182 0.146696
    outer loop
      vertex -1.75 14.9616 24.3902
      vertex 0 14.9904 24.196
      vertex -1.75 14.9904 24.196
    endloop
  endfacet
  facet normal 0 0.998803 0.0489209
    outer loop
      vertex 0 15 24
      vertex -1.75 14.9904 24.196
      vertex 0 14.9904 24.196
    endloop
  endfacet
  facet normal 0 0.998803 0.0489209
    outer loop
      vertex -1.75 14.9904 24.196
      vertex 0 15 24
      vertex -1.75 15 24
    endloop
  endfacet
  facet normal 0 0 -1
    outer loop
      vertex -1.75 0 0
      vertex -0.0499992 15 0
      vertex -0.0499992 0 0
    endloop
  endfacet
  facet normal -0 0 -1
    outer loop
      vertex -0.0499992 15 0
      vertex -1.75 0 0
      vertex -1.75 15 0
    endloop
  endfacet
  facet normal 0 -0.998796 0.0490648
    outer loop
      vertex -1.75 0 24
      vertex 0 0.0096283 24.196
      vertex -1.75 0.0096283 24.196
    endloop
  endfacet
  facet normal 0 -0.998796 0.0490648
    outer loop
      vertex 0 0.0096283 24.196
      vertex -1.75 0 24
      vertex 0 0 24
    endloop
  endfacet
  facet normal 0 0.989172 0.14676
    outer loop
      vertex 0 1.56725 15.3172
      vertex -1.75 1.51685 15.6569
      vertex 0 1.51685 15.6569
    endloop
  endfacet
  facet normal 0 0.989172 0.14676
    outer loop
      vertex -1.75 1.51685 15.6569
      vertex 0 1.56725 15.3172
      vertex -1.75 1.56725 15.3172
    endloop
  endfacet
  facet normal 0 0.97004 0.242947
    outer loop
      vertex 0 1.6507 14.984
      vertex -1.75 1.56725 15.3172
      vertex 0 1.56725 15.3172
    endloop
  endfacet
  facet normal 0 0.97004 0.242947
    outer loop
      vertex -1.75 1.56725 15.3172
      vertex 0 1.6507 14.984
      vertex -1.75 1.6507 14.984
    endloop
  endfacet
  facet normal 0 0.941539 0.336904
    outer loop
      vertex 0 1.76642 14.6606
      vertex -1.75 1.6507 14.984
      vertex 0 1.6507 14.984
    endloop
  endfacet
  facet normal 0 0.941539 0.336904
    outer loop
      vertex -1.75 1.6507 14.984
      vertex 0 1.76642 14.6606
      vertex -1.75 1.76642 14.6606
    endloop
  endfacet
  facet normal 0 0.903996 0.427542
    outer loop
      vertex 0 1.91327 14.3501
      vertex -1.75 1.76642 14.6606
      vertex 0 1.76642 14.6606
    endloop
  endfacet
  facet normal 0 0.903996 0.427542
    outer loop
      vertex -1.75 1.76642 14.6606
      vertex 0 1.91327 14.3501
      vertex -1.75 1.91327 14.3501
    endloop
  endfacet
  facet normal 0 0.857737 0.514089
    outer loop
      vertex 0 2.08984 14.0555
      vertex -1.75 1.91327 14.3501
      vertex 0 1.91327 14.3501
    endloop
  endfacet
  facet normal 0 0.857737 0.514089
    outer loop
      vertex -1.75 1.91327 14.3501
      vertex 0 2.08984 14.0555
      vertex -1.75 2.08984 14.0555
    endloop
  endfacet
  facet normal 0 0.803223 0.595678
    outer loop
      vertex 0 2.29445 13.7796
      vertex -1.75 2.08984 14.0555
      vertex 0 2.08984 14.0555
    endloop
  endfacet
  facet normal 0 0.803223 0.595678
    outer loop
      vertex -1.75 2.08984 14.0555
      vertex 0 2.29445 13.7796
      vertex -1.75 2.29445 13.7796
    endloop
  endfacet
  facet normal 0 0.740944 0.671566
    outer loop
      vertex 0 2.52512 13.5251
      vertex -1.75 2.29445 13.7796
      vertex 0 2.29445 13.7796
    endloop
  endfacet
  facet normal 0 0.740944 0.671566
    outer loop
      vertex -1.75 2.29445 13.7796
      vertex 0 2.52512 13.5251
      vertex -1.75 2.52512 13.5251
    endloop
  endfacet
  facet normal -0 0.671614 0.740901
    outer loop
      vertex -1.75 2.77962 13.2944
      vertex 0 2.52512 13.5251
      vertex 0 2.77962 13.2944
    endloop
  endfacet
  facet normal 0 0.671614 0.740901
    outer loop
      vertex 0 2.52512 13.5251
      vertex -1.75 2.77962 13.2944
      vertex -1.75 2.52512 13.5251
    endloop
  endfacet
  facet normal -0 0.595687 0.803217
    outer loop
      vertex -1.75 3.0555 13.0898
      vertex 0 2.77962 13.2944
      vertex 0 3.0555 13.0898
    endloop
  endfacet
  facet normal 0 0.595687 0.803217
    outer loop
      vertex 0 2.77962 13.2944
      vertex -1.75 3.0555 13.0898
      vertex -1.75 2.77962 13.2944
    endloop
  endfacet
  facet normal -0 0.513939 0.857827
    outer loop
      vertex -1.75 3.3501 12.9133
      vertex 0 3.0555 13.0898
      vertex 0 3.3501 12.9133
    endloop
  endfacet
  facet normal 0 0.513939 0.857827
    outer loop
      vertex 0 3.0555 13.0898
      vertex -1.75 3.3501 12.9133
      vertex -1.75 3.0555 13.0898
    endloop
  endfacet
  facet normal -0 0.427661 0.903939
    outer loop
      vertex -1.75 3.6606 12.7664
      vertex 0 3.3501 12.9133
      vertex 0 3.6606 12.7664
    endloop
  endfacet
  facet normal 0 0.427661 0.903939
    outer loop
      vertex 0 3.3501 12.9133
      vertex -1.75 3.6606 12.7664
      vertex -1.75 3.3501 12.9133
    endloop
  endfacet
  facet normal -0 0.336862 0.941554
    outer loop
      vertex -1.75 3.98399 12.6507
      vertex 0 3.6606 12.7664
      vertex 0 3.98399 12.6507
    endloop
  endfacet
  facet normal 0 0.336862 0.941554
    outer loop
      vertex 0 3.6606 12.7664
      vertex -1.75 3.98399 12.6507
      vertex -1.75 3.6606 12.7664
    endloop
  endfacet
  facet normal -0 0.243097 0.970002
    outer loop
      vertex -1.75 4.31717 12.5672
      vertex 0 3.98399 12.6507
      vertex 0 4.31717 12.5672
    endloop
  endfacet
  facet normal 0 0.243097 0.970002
    outer loop
      vertex 0 3.98399 12.6507
      vertex -1.75 4.31717 12.5672
      vertex -1.75 3.98399 12.6507
    endloop
  endfacet
  facet normal -0 0.14673 0.989177
    outer loop
      vertex -1.75 4.65694 12.5168
      vertex 0 4.31717 12.5672
      vertex 0 4.65694 12.5168
    endloop
  endfacet
  facet normal 0 0.14673 0.989177
    outer loop
      vertex 0 4.31717 12.5672
      vertex -1.75 4.65694 12.5168
      vertex -1.75 4.31717 12.5672
    endloop
  endfacet
  facet normal -0 0.0489124 0.998803
    outer loop
      vertex -1.75 5 12.5
      vertex 0 4.65694 12.5168
      vertex 0 5 12.5
    endloop
  endfacet
  facet normal 0 0.0489124 0.998803
    outer loop
      vertex 0 4.65694 12.5168
      vertex -1.75 5 12.5
      vertex -1.75 4.65694 12.5168
    endloop
  endfacet
  facet normal -0 0 1
    outer loop
      vertex -1.75 10 12.5
      vertex 0 5 12.5
      vertex 0 10 12.5
    endloop
  endfacet
  facet normal 0 0 1
    outer loop
      vertex 0 5 12.5
      vertex -1.75 10 12.5
      vertex -1.75 5 12.5
    endloop
  endfacet
  facet normal 0 -0.0489209 0.998803
    outer loop
      vertex -1.75 10.343 12.5168
      vertex 0 10 12.5
      vertex 0 10.343 12.5168
    endloop
  endfacet
  facet normal 0 -0.0489209 0.998803
    outer loop
      vertex 0 10 12.5
      vertex -1.75 10.343 12.5168
      vertex -1.75 10 12.5
    endloop
  endfacet
  facet normal 0 -0.146717 0.989178
    outer loop
      vertex -1.75 10.6828 12.5672
      vertex 0 10.343 12.5168
      vertex 0 10.6828 12.5672
    endloop
  endfacet
  facet normal 0 -0.146717 0.989178
    outer loop
      vertex 0 10.343 12.5168
      vertex -1.75 10.6828 12.5672
      vertex -1.75 10.343 12.5168
    endloop
  endfacet
  facet normal 0 -0.243084 0.970005
    outer loop
      vertex -1.75 11.016 12.6507
      vertex 0 10.6828 12.5672
      vertex 0 11.016 12.6507
    endloop
  endfacet
  facet normal 0 -0.243084 0.970005
    outer loop
      vertex 0 10.6828 12.5672
      vertex -1.75 11.016 12.6507
      vertex -1.75 10.6828 12.5672
    endloop
  endfacet
  facet normal 0 -0.336853 0.941557
    outer loop
      vertex -1.75 11.3394 12.7664
      vertex 0 11.016 12.6507
      vertex 0 11.3394 12.7664
    endloop
  endfacet
  facet normal 0 -0.336853 0.941557
    outer loop
      vertex 0 11.016 12.6507
      vertex -1.75 11.3394 12.7664
      vertex -1.75 11.016 12.6507
    endloop
  endfacet
  facet normal 0 -0.427661 0.903939
    outer loop
      vertex -1.75 11.6499 12.9133
      vertex 0 11.3394 12.7664
      vertex 0 11.6499 12.9133
    endloop
  endfacet
  facet normal 0 -0.427661 0.903939
    outer loop
      vertex 0 11.3394 12.7664
      vertex -1.75 11.6499 12.9133
      vertex -1.75 11.3394 12.7664
    endloop
  endfacet
  facet normal 0 -0.513939 0.857827
    outer loop
      vertex -1.75 11.9445 13.0898
      vertex 0 11.6499 12.9133
      vertex 0 11.9445 13.0898
    endloop
  endfacet
  facet normal 0 -0.513939 0.857827
    outer loop
      vertex 0 11.6499 12.9133
      vertex -1.75 11.9445 13.0898
      vertex -1.75 11.6499 12.9133
    endloop
  endfacet
  facet normal 0 -0.595659 0.803237
    outer loop
      vertex -1.75 12.2204 13.2944
      vertex 0 11.9445 13.0898
      vertex 0 12.2204 13.2944
    endloop
  endfacet
  facet normal 0 -0.595659 0.803237
    outer loop
      vertex 0 11.9445 13.0898
      vertex -1.75 12.2204 13.2944
      vertex -1.75 11.9445 13.0898
    endloop
  endfacet
  facet normal 0 -0.671614 0.740901
    outer loop
      vertex -1.75 12.4749 13.5251
      vertex 0 12.2204 13.2944
      vertex 0 12.4749 13.5251
    endloop
  endfacet
  facet normal 0 -0.671614 0.740901
    outer loop
      vertex 0 12.2204 13.2944
      vertex -1.75 12.4749 13.5251
      vertex -1.75 12.2204 13.2944
    endloop
  endfacet
  facet normal 0 -0.741046 0.671454
    outer loop
      vertex -1.75 12.4749 13.5251
      vertex 0 12.7055 13.7796
      vertex -1.75 12.7055 13.7796
    endloop
  endfacet
  facet normal 0 -0.741046 0.671454
    outer loop
      vertex 0 12.7055 13.7796
      vertex -1.75 12.4749 13.5251
      vertex 0 12.4749 13.5251
    endloop
  endfacet
  facet normal 0 -0.803237 0.595659
    outer loop
      vertex -1.75 12.7055 13.7796
      vertex 0 12.9101 14.0555
      vertex -1.75 12.9101 14.0555
    endloop
  endfacet
  facet normal 0 -0.803237 0.595659
    outer loop
      vertex 0 12.9101 14.0555
      vertex -1.75 12.7055 13.7796
      vertex 0 12.7055 13.7796
    endloop
  endfacet
  facet normal 0 -0.857698 0.514153
    outer loop
      vertex -1.75 12.9101 14.0555
      vertex 0 13.0867 14.3501
      vertex -1.75 13.0867 14.3501
    endloop
  endfacet
  facet normal 0 -0.857698 0.514153
    outer loop
      vertex 0 13.0867 14.3501
      vertex -1.75 12.9101 14.0555
      vertex 0 12.9101 14.0555
    endloop
  endfacet
  facet normal 0 -0.903939 0.427661
    outer loop
      vertex -1.75 13.0867 14.3501
      vertex 0 13.2336 14.6606
      vertex -1.75 13.2336 14.6606
    endloop
  endfacet
  facet normal 0 -0.903939 0.427661
    outer loop
      vertex 0 13.2336 14.6606
      vertex -1.75 13.0867 14.3501
      vertex 0 13.0867 14.3501
    endloop
  endfacet
  facet normal 0 -0.941557 0.336853
    outer loop
      vertex -1.75 13.2336 14.6606
      vertex 0 13.3493 14.984
      vertex -1.75 13.3493 14.984
    endloop
  endfacet
  facet normal 0 -0.941557 0.336853
    outer loop
      vertex 0 13.3493 14.984
      vertex -1.75 13.2336 14.6606
      vertex 0 13.2336 14.6606
    endloop
  endfacet
  facet normal 0 -0.970074 0.24281
    outer loop
      vertex -1.75 13.3493 14.984
      vertex 0 13.4327 15.3172
      vertex -1.75 13.4327 15.3172
    endloop
  endfacet
  facet normal 0 -0.970074 0.24281
    outer loop
      vertex 0 13.4327 15.3172
      vertex -1.75 13.3493 14.984
      vertex 0 13.3493 14.984
    endloop
  endfacet
  facet normal 0 -0.989172 0.14676
    outer loop
      vertex -1.75 13.4327 15.3172
      vertex 0 13.4831 15.6569
      vertex -1.75 13.4831 15.6569
    endloop
  endfacet
  facet normal 0 -0.989172 0.14676
    outer loop
      vertex 0 13.4831 15.6569
      vertex -1.75 13.4327 15.3172
      vertex 0 13.4327 15.3172
    endloop
  endfacet
  facet normal 0 -0.998789 0.0491971
    outer loop
      vertex -1.75 13.4831 15.6569
      vertex 0 13.5 16
      vertex -1.75 13.5 16
    endloop
  endfacet
  facet normal 0 -0.998789 0.0491971
    outer loop
      vertex 0 13.5 16
      vertex -1.75 13.4831 15.6569
      vertex 0 13.4831 15.6569
    endloop
  endfacet
  facet normal 0 -0.998788 -0.0492114
    outer loop
      vertex -1.75 13.5 16
      vertex 0 13.4831 16.343
      vertex -1.75 13.4831 16.343
    endloop
  endfacet
  facet normal 0 -0.998788 -0.0492114
    outer loop
      vertex 0 13.4831 16.343
      vertex -1.75 13.5 16
      vertex 0 13.5 16
    endloop
  endfacet
  facet normal 0 -0.989178 -0.146717
    outer loop
      vertex -1.75 13.4831 16.343
      vertex 0 13.4327 16.6828
      vertex -1.75 13.4327 16.6828
    endloop
  endfacet
  facet normal 0 -0.989178 -0.146717
    outer loop
      vertex 0 13.4327 16.6828
      vertex -1.75 13.4831 16.343
      vertex 0 13.4831 16.343
    endloop
  endfacet
  facet normal 0 -0.970074 -0.24281
    outer loop
      vertex -1.75 13.4327 16.6828
      vertex 0 13.3493 17.016
      vertex -1.75 13.3493 17.016
    endloop
  endfacet
  facet normal 0 -0.970074 -0.24281
    outer loop
      vertex 0 13.3493 17.016
      vertex -1.75 13.4327 16.6828
      vertex 0 13.4327 16.6828
    endloop
  endfacet
  facet normal 0 -0.941557 -0.336853
    outer loop
      vertex -1.75 13.3493 17.016
      vertex 0 13.2336 17.3394
      vertex -1.75 13.2336 17.3394
    endloop
  endfacet
  facet normal 0 -0.941557 -0.336853
    outer loop
      vertex 0 13.2336 17.3394
      vertex -1.75 13.3493 17.016
      vertex 0 13.3493 17.016
    endloop
  endfacet
  facet normal 0 -0.903939 -0.427661
    outer loop
      vertex -1.75 13.2336 17.3394
      vertex 0 13.0867 17.6499
      vertex -1.75 13.0867 17.6499
    endloop
  endfacet
  facet normal 0 -0.903939 -0.427661
    outer loop
      vertex 0 13.0867 17.6499
      vertex -1.75 13.2336 17.3394
      vertex 0 13.2336 17.3394
    endloop
  endfacet
  facet normal 0 -0.857698 -0.514153
    outer loop
      vertex -1.75 13.0867 17.6499
      vertex 0 12.9101 17.9445
      vertex -1.75 12.9101 17.9445
    endloop
  endfacet
  facet normal 0 -0.857698 -0.514153
    outer loop
      vertex 0 12.9101 17.9445
      vertex -1.75 13.0867 17.6499
      vertex 0 13.0867 17.6499
    endloop
  endfacet
  facet normal 0 -0.803237 -0.595659
    outer loop
      vertex -1.75 12.9101 17.9445
      vertex 0 12.7055 18.2204
      vertex -1.75 12.7055 18.2204
    endloop
  endfacet
  facet normal 0 -0.803237 -0.595659
    outer loop
      vertex 0 12.7055 18.2204
      vertex -1.75 12.9101 17.9445
      vertex 0 12.9101 17.9445
    endloop
  endfacet
  facet normal 0 -0.741046 -0.671454
    outer loop
      vertex -1.75 12.7055 18.2204
      vertex 0 12.4749 18.4749
      vertex -1.75 12.4749 18.4749
    endloop
  endfacet
  facet normal 0 -0.741046 -0.671454
    outer loop
      vertex 0 12.4749 18.4749
      vertex -1.75 12.7055 18.2204
      vertex 0 12.7055 18.2204
    endloop
  endfacet
  facet normal 0 -0.671454 -0.741046
    outer loop
      vertex -1.75 12.2204 18.7055
      vertex 0 12.4749 18.4749
      vertex 0 12.2204 18.7055
    endloop
  endfacet
  facet normal -0 -0.671454 -0.741046
    outer loop
      vertex 0 12.4749 18.4749
      vertex -1.75 12.2204 18.7055
      vertex -1.75 12.4749 18.4749
    endloop
  endfacet
  facet normal 0 -0.595659 -0.803237
    outer loop
      vertex -1.75 11.9445 18.9101
      vertex 0 12.2204 18.7055
      vertex 0 11.9445 18.9101
    endloop
  endfacet
  facet normal -0 -0.595659 -0.803237
    outer loop
      vertex 0 12.2204 18.7055
      vertex -1.75 11.9445 18.9101
      vertex -1.75 12.2204 18.7055
    endloop
  endfacet
  facet normal 0 -0.514153 -0.857698
    outer loop
      vertex -1.75 11.6499 19.0867
      vertex 0 11.9445 18.9101
      vertex 0 11.6499 19.0867
    endloop
  endfacet
  facet normal -0 -0.514153 -0.857698
    outer loop
      vertex 0 11.9445 18.9101
      vertex -1.75 11.6499 19.0867
      vertex -1.75 11.9445 18.9101
    endloop
  endfacet
  facet normal 0 -0.427661 -0.903939
    outer loop
      vertex -1.75 11.3394 19.2336
      vertex 0 11.6499 19.0867
      vertex 0 11.3394 19.2336
    endloop
  endfacet
  facet normal -0 -0.427661 -0.903939
    outer loop
      vertex 0 11.6499 19.0867
      vertex -1.75 11.3394 19.2336
      vertex -1.75 11.6499 19.0867
    endloop
  endfacet
  facet normal 0 -0.336853 -0.941557
    outer loop
      vertex -1.75 11.016 19.3493
      vertex 0 11.3394 19.2336
      vertex 0 11.016 19.3493
    endloop
  endfacet
  facet normal -0 -0.336853 -0.941557
    outer loop
      vertex 0 11.3394 19.2336
      vertex -1.75 11.016 19.3493
      vertex -1.75 11.3394 19.2336
    endloop
  endfacet
  facet normal 0 -0.24281 -0.970074
    outer loop
      vertex -1.75 10.6828 19.4327
      vertex 0 11.016 19.3493
      vertex 0 10.6828 19.4327
    endloop
  endfacet
  facet normal -0 -0.24281 -0.970074
    outer loop
      vertex 0 11.016 19.3493
      vertex -1.75 10.6828 19.4327
      vertex -1.75 11.016 19.3493
    endloop
  endfacet
  facet normal 0 -0.146717 -0.989178
    outer loop
      vertex -1.75 10.343 19.4831
      vertex 0 10.6828 19.4327
      vertex 0 10.343 19.4831
    endloop
  endfacet
  facet normal -0 -0.146717 -0.989178
    outer loop
      vertex 0 10.6828 19.4327
      vertex -1.75 10.343 19.4831
      vertex -1.75 10.6828 19.4327
    endloop
  endfacet
  facet normal 0 -0.0492114 -0.998788
    outer loop
      vertex -1.75 10 19.5
      vertex 0 10.343 19.4831
      vertex 0 10 19.5
    endloop
  endfacet
  facet normal -0 -0.0492114 -0.998788
    outer loop
      vertex 0 10.343 19.4831
      vertex -1.75 10 19.5
      vertex -1.75 10.343 19.4831
    endloop
  endfacet
  facet normal 0 0 -1
    outer loop
      vertex -1.75 5 19.5
      vertex 0 10 19.5
      vertex 0 5 19.5
    endloop
  endfacet
  facet normal -0 0 -1
    outer loop
      vertex 0 10 19.5
      vertex -1.75 5 19.5
      vertex -1.75 10 19.5
    endloop
  endfacet
  facet normal 0 0.0492029 -0.998789
    outer loop
      vertex -1.75 4.65694 19.4831
      vertex 0 5 19.5
      vertex 0 4.65694 19.4831
    endloop
  endfacet
  facet normal 0 0.0492029 -0.998789
    outer loop
      vertex 0 5 19.5
      vertex -1.75 4.65694 19.4831
      vertex -1.75 5 19.5
    endloop
  endfacet
  facet normal 0 0.14673 -0.989177
    outer loop
      vertex -1.75 4.31717 19.4327
      vertex 0 4.65694 19.4831
      vertex 0 4.31717 19.4327
    endloop
  endfacet
  facet normal 0 0.14673 -0.989177
    outer loop
      vertex 0 4.65694 19.4831
      vertex -1.75 4.31717 19.4327
      vertex -1.75 4.65694 19.4831
    endloop
  endfacet
  facet normal 0 0.242823 -0.970071
    outer loop
      vertex -1.75 3.98399 19.3493
      vertex 0 4.31717 19.4327
      vertex 0 3.98399 19.3493
    endloop
  endfacet
  facet normal 0 0.242823 -0.970071
    outer loop
      vertex 0 4.31717 19.4327
      vertex -1.75 3.98399 19.3493
      vertex -1.75 4.31717 19.4327
    endloop
  endfacet
  facet normal 0 0.336862 -0.941554
    outer loop
      vertex -1.75 3.6606 19.2336
      vertex 0 3.98399 19.3493
      vertex 0 3.6606 19.2336
    endloop
  endfacet
  facet normal 0 0.336862 -0.941554
    outer loop
      vertex 0 3.98399 19.3493
      vertex -1.75 3.6606 19.2336
      vertex -1.75 3.98399 19.3493
    endloop
  endfacet
  facet normal 0 0.427661 -0.903939
    outer loop
      vertex -1.75 3.3501 19.0867
      vertex 0 3.6606 19.2336
      vertex 0 3.3501 19.0867
    endloop
  endfacet
  facet normal 0 0.427661 -0.903939
    outer loop
      vertex 0 3.6606 19.2336
      vertex -1.75 3.3501 19.0867
      vertex -1.75 3.6606 19.2336
    endloop
  endfacet
  facet normal 0 0.514153 -0.857698
    outer loop
      vertex -1.75 3.0555 18.9101
      vertex 0 3.3501 19.0867
      vertex 0 3.0555 18.9101
    endloop
  endfacet
  facet normal 0 0.514153 -0.857698
    outer loop
      vertex 0 3.3501 19.0867
      vertex -1.75 3.0555 18.9101
      vertex -1.75 3.3501 19.0867
    endloop
  endfacet
  facet normal 0 0.595687 -0.803217
    outer loop
      vertex -1.75 2.77962 18.7055
      vertex 0 3.0555 18.9101
      vertex 0 2.77962 18.7055
    endloop
  endfacet
  facet normal 0 0.595687 -0.803217
    outer loop
      vertex 0 3.0555 18.9101
      vertex -1.75 2.77962 18.7055
      vertex -1.75 3.0555 18.9101
    endloop
  endfacet
  facet normal 0 0.671454 -0.741046
    outer loop
      vertex -1.75 2.52512 18.4749
      vertex 0 2.77962 18.7055
      vertex 0 2.52512 18.4749
    endloop
  endfacet
  facet normal 0 0.671454 -0.741046
    outer loop
      vertex 0 2.77962 18.7055
      vertex -1.75 2.52512 18.4749
      vertex -1.75 2.77962 18.7055
    endloop
  endfacet
  facet normal 0 0.740944 -0.671566
    outer loop
      vertex 0 2.29445 18.2204
      vertex -1.75 2.52512 18.4749
      vertex 0 2.52512 18.4749
    endloop
  endfacet
  facet normal 0 0.740944 -0.671566
    outer loop
      vertex -1.75 2.52512 18.4749
      vertex 0 2.29445 18.2204
      vertex -1.75 2.29445 18.2204
    endloop
  endfacet
  facet normal 0 0.803223 -0.595678
    outer loop
      vertex 0 2.08984 17.9445
      vertex -1.75 2.29445 18.2204
      vertex 0 2.29445 18.2204
    endloop
  endfacet
  facet normal 0 0.803223 -0.595678
    outer loop
      vertex -1.75 2.29445 18.2204
      vertex 0 2.08984 17.9445
      vertex -1.75 2.08984 17.9445
    endloop
  endfacet
  facet normal 0 0.857737 -0.514089
    outer loop
      vertex 0 1.91327 17.6499
      vertex -1.75 2.08984 17.9445
      vertex 0 2.08984 17.9445
    endloop
  endfacet
  facet normal 0 0.857737 -0.514089
    outer loop
      vertex -1.75 2.08984 17.9445
      vertex 0 1.91327 17.6499
      vertex -1.75 1.91327 17.6499
    endloop
  endfacet
  facet normal 0 0.903996 -0.427542
    outer loop
      vertex 0 1.76642 17.3394
      vertex -1.75 1.91327 17.6499
      vertex 0 1.91327 17.6499
    endloop
  endfacet
  facet normal 0 0.903996 -0.427542
    outer loop
      vertex -1.75 1.91327 17.6499
      vertex 0 1.76642 17.3394
      vertex -1.75 1.76642 17.3394
    endloop
  endfacet
  facet normal 0 0.941539 -0.336904
    outer loop
      vertex 0 1.6507 17.016
      vertex -1.75 1.76642 17.3394
      vertex 0 1.76642 17.3394
    endloop
  endfacet
  facet normal 0 0.941539 -0.336904
    outer loop
      vertex -1.75 1.76642 17.3394
      vertex 0 1.6507 17.016
      vertex -1.75 1.6507 17.016
    endloop
  endfacet
  facet normal 0 0.97004 -0.242947
    outer loop
      vertex 0 1.56725 16.6828
      vertex -1.75 1.6507 17.016
      vertex 0 1.6507 17.016
    endloop
  endfacet
  facet normal 0 0.97004 -0.242947
    outer loop
      vertex -1.75 1.6507 17.016
      vertex 0 1.56725 16.6828
      vertex -1.75 1.56725 16.6828
    endloop
  endfacet
  facet normal 0 0.989178 -0.146717
    outer loop
      vertex 0 1.51685 16.343
      vertex -1.75 1.56725 16.6828
      vertex 0 1.56725 16.6828
    endloop
  endfacet
  facet normal 0 0.989178 -0.146717
    outer loop
      vertex -1.75 1.56725 16.6828
      vertex 0 1.51685 16.343
      vertex -1.75 1.51685 16.343
    endloop
  endfacet
  facet normal 0 0.998796 -0.0490662
    outer loop
      vertex 0 1.5 16
      vertex -1.75 1.51685 16.343
      vertex 0 1.51685 16.343
    endloop
  endfacet
  facet normal 0 0.998796 -0.0490662
    outer loop
      vertex -1.75 1.51685 16.343
      vertex 0 1.5 16
      vertex -1.75 1.5 16
    endloop
  endfacet
  facet normal 0 0.998796 0.0490519
    outer loop
      vertex 0 1.51685 15.6569
      vertex -1.75 1.5 16
      vertex 0 1.5 16
    endloop
  endfacet
  facet normal 0 0.998796 0.0490519
    outer loop
      vertex -1.75 1.5 16
      vertex 0 1.51685 15.6569
      vertex -1.75 1.51685 15.6569
    endloop
  endfacet
endsolid OpenSCAD_Model
